Employee_ID,Name,Gender,Age,Department,Designation,Education,Experience,Salary,Joining_Date,Location,Performance_Rating,Overtime,Attrition
EMP00001,Xalak Roy,Male,30,IT,Analyst,M.Tech,0,147196.0,2022-08-01,Bangalore,5,No,No
EMP00002,Ranveer Viswanathan,Male,57,IT,Senior Analyst,M.Tech,0,62280.0,2024-10-09,Chennai,2,No,No
EMP00003,Aditya Gara,Male,49,Marketing,Team Lead,MCA,8,88046.0,2022-03-24,Hyderabad,2,No,No
EMP00004,Sneha Uppal,Female,60,IT,Team Lead,BCA,2,99797.0,2017-01-06,Chennai,5,Yes,Yes
EMP00005,Avni Som,Female,58,Finance,Senior Analyst,BCA,2,117357.0,2022-07-09,Bangalore,2,No,No
EMP00006,Chatresh Halder,Female,45,IT,Senior Analyst,MCA,7,63238.0,2017-07-23,Pune,2,No,No
EMP00007,Madhav Dhaliwal,Male,32,IT,Manager,MBA,19,133227.0,2025-10-27,Pune,5,Yes,No
EMP00008,Upma Soman,Female,47,Sales,Team Lead,BCA,1,60021.0,2018-04-18,Hyderabad,5,No,No
EMP00009,Wridesh Chhabra,Female,31,HR,Team Lead,B.Tech,20,62717.0,2022-03-15,Hyderabad,5,No,No
EMP00010,Divya Pillai,Male,30,Marketing,Manager,BCA,13,73242.0,2022-08-18,Bangalore,1,Yes,No
EMP00011,Unknown,Female,60,HR,Manager,M.Tech,13,69086.0,2020-07-31,Pune,5,Yes,Yes
EMP00012,Max Anne,Female,29,IT,Team Lead,MBA,17,148419.0,2016-11-18,Hyderabad,4,Yes,No
EMP00013,Robert Sani,Male,41,Sales,Senior Analyst,B.Tech,16,53416.0,2025-03-07,Pune,2,Yes,No
EMP00014,Krishna Venkatesh,Female,41,Marketing,Senior Analyst,BCA,10,67021.0,2023-03-18,Hyderabad,5,Yes,Yes
EMP00015,Ekansh Pathak,Male,30,IT,Manager,M.Tech,15,59071.0,2018-12-20,Hyderabad,3,No,No
EMP00016,Arin Palla,Male,41,HR,Manager,MCA,17,79497.0,2022-12-20,Chennai,5,No,No
EMP00017,Barkha Kaul,Male,59,IT,Senior Analyst,M.Tech,7,79451.0,2018-05-20,Hyderabad,1,Yes,Yes
EMP00018,Abhiram Gera,Female,26,IT,Senior Analyst,MCA,7,58834.0,2025-03-26,Chennai,2,Yes,No
EMP00019,Yashasvi Devi,Female,48,Marketing,Senior Analyst,BCA,18,65976.0,2021-08-17,Bangalore,4,No,No
EMP00020,Harini Lala,Male,28,Finance,Analyst,MBA,13,106213.0,2021-03-20,Pune,1,Yes,No
EMP00021,Xiti Deol,Female,33,HR,Team Lead,MBA,6,65146.0,2018-01-13,Hyderabad,1,No,No
EMP00022,Tanvi Kuruvilla,Male,27,Marketing,Senior Analyst,B.Tech,3,38315.0,2025-10-20,Chennai,4,No,No
EMP00023,Dev Thaman,Male,46,HR,Team Lead,MBA,12,33842.0,2021-01-25,Pune,4,No,No
EMP00024,Ekaja Goswami,Male,59,HR,Analyst,MCA,6,49445.0,2023-03-10,Bangalore,1,No,No
EMP00025,Jagat Wali,Male,33,Marketing,Analyst,M.Tech,16,45317.0,2019-09-28,Bangalore,2,No,Yes
EMP00026,Henry Rai,Male,27,IT,Manager,M.Tech,18,69189.0,2018-08-03,Mumbai,5,No,No
EMP00027,Udarsh Shetty,Female,30,Sales,Team Lead,MBA,6,71180.0,2017-09-05,Pune,1,Yes,No
EMP00028,Urvi Kadakia,Male,56,Finance,Senior Analyst,M.Tech,19,118792.0,2017-01-17,Pune,2,No,No
EMP00029,Hemal Savant,Female,56,IT,Team Lead,M.Tech,7,98434.0,2025-05-15,Mumbai,1,No,No
EMP00030,Oni Gill,Male,57,IT,Senior Analyst,MCA,4,84664.0,2018-02-24,Pune,5,Yes,No
EMP00031,Gautami Swamy,Female,25,Sales,Analyst,MBA,6,64600.0,2022-12-28,Pune,1,Yes,No
EMP00032,Mason Prasad,Female,57,Sales,Manager,M.Tech,4,64335.0,2025-09-04,Bangalore,1,Yes,Yes
EMP00033,Ishani Dyal,Male,49,HR,Senior Analyst,BCA,17,32361.0,2020-07-04,Pune,3,Yes,No
EMP00034,Gunbir Prasad,Female,57,Sales,Manager,M.Tech,6,62706.0,2026-03-29,Hyderabad,2,Yes,No
EMP00035,David Kalla,Female,48,HR,Senior Analyst,MCA,13,31624.0,2022-10-26,Hyderabad,1,No,No
EMP00036,Tanveer Deep,Female,44,IT,Team Lead,B.Tech,15,79154.0,2023-05-19,Hyderabad,1,Yes,No
EMP00037,Ucchal Dyal,Female,44,Finance,Manager,M.Tech,10,81517.0,2021-01-19,Pune,1,Yes,No
EMP00038,Hemani Badal,Female,44,Sales,Team Lead,MBA,5,64795.0,2018-04-14,Mumbai,5,Yes,Yes
EMP00039,Ati Mahal,Female,22,Finance,Senior Analyst,MCA,18,69914.0,2020-10-07,Chennai,1,No,No
EMP00040,Rachana Merchant,Female,54,Marketing,Team Lead,MBA,10,78475.0,2024-02-07,Pune,4,No,No
EMP00041,Kashvi Sharma,Female,33,Marketing,Team Lead,MBA,4,47572.0,2025-11-04,Mumbai,1,No,No
EMP00042,Ayaan Chopra,Female,51,Sales,Manager,MBA,6,86346.0,2024-08-11,Hyderabad,5,No,No
EMP00043,Upma Srinivas,Female,27,HR,Senior Analyst,MCA,2,48598.0,2022-12-05,Hyderabad,2,Yes,No
EMP00044,Maanav Kannan,Male,51,IT,Manager,M.Tech,1,82092.0,2016-11-11,Hyderabad,4,No,No
EMP00045,Advaith Ramesh,Male,28,Finance,Manager,B.Tech,7,64342.0,2020-06-22,Hyderabad,5,No,No
EMP00046,Forum Kala,Male,51,IT,Senior Analyst,MBA,17,82662.0,2024-09-29,Mumbai,5,No,No
EMP00047,Krish Bal,Female,32,Finance,Manager,MBA,19,111162.0,2024-03-14,Pune,2,No,No
EMP00048,Rehaan Hegde,Female,26,Marketing,Team Lead,B.Tech,15,76074.0,2018-11-21,Pune,3,No,No
EMP00049,Tejas Shanker,Female,31,Marketing,Senior Analyst,BCA,2,44068.0,2018-01-03,Chennai,4,No,No
EMP00050,Gaurangi Bose,Female,46,Marketing,Analyst,M.Tech,14,62248.0,2020-05-09,Chennai,4,Yes,Yes
EMP00051,Maya Guha,Female,56,IT,Senior Analyst,MBA,9,81116.0,2018-11-15,Hyderabad,3,No,No
EMP00052,Chakradhar Dasgupta,Female,32,Finance,Manager,B.Tech,0,95968.0,2023-12-18,Mumbai,5,Yes,No
EMP00053,Jatin Chakraborty,Male,49,Finance,Senior Analyst,MBA,18,118975.0,2018-10-13,Hyderabad,1,No,No
EMP00054,Radhika Bali,Female,46,Finance,Team Lead,MBA,10,72742.0,2024-10-06,Pune,1,No,No
EMP00055,Eesha Munshi,Female,36,IT,Analyst,BCA,17,56826.0,2025-10-19,Bangalore,2,Yes,No
EMP00056,Chaaya Dhillon,Female,29,IT,Senior Analyst,MBA,19,69973.0,2016-08-17,Pune,3,Yes,No
EMP00057,Viraj Mahal,Male,41,Marketing,Analyst,M.Tech,19,84016.0,2016-10-23,Bangalore,3,No,No
EMP00058,Gunbir Sekhon,Male,28,Finance,Team Lead,M.Tech,6,54961.0,2018-03-10,Bangalore,5,Yes,No
EMP00059,Pallavi Varty,Male,54,Sales,Team Lead,BCA,17,86148.0,2017-12-12,Chennai,4,Yes,No
EMP00060,Tanay Wason,Female,33,Finance,Team Lead,M.Tech,11,105258.0,2017-09-10,Mumbai,4,No,No
EMP00061,Qarin Nagy,Male,27,IT,Team Lead,MBA,18,80179.0,2020-03-10,Hyderabad,4,No,No
EMP00062,Panini Tank,Male,53,Sales,Senior Analyst,MCA,0,94789.0,2018-12-26,Pune,3,No,No
EMP00063,Farhan Rege,Male,27,Marketing,Senior Analyst,MBA,8,71424.0,2022-01-26,Chennai,5,Yes,Yes
EMP00064,Ekaraj Sangha,Male,27,Finance,Team Lead,B.Tech,20,109332.0,2022-08-11,Chennai,2,No,No
EMP00065,Bishakha Nagi,Female,49,Marketing,Team Lead,MCA,11,66015.0,2017-04-13,Chennai,3,No,No
EMP00066,Hiral Mall,Female,29,Sales,Senior Analyst,B.Tech,7,45814.0,2019-09-13,Hyderabad,4,No,No
EMP00067,Ekiya Sehgal,Male,34,Marketing,Team Lead,B.Tech,16,74111.0,2022-02-15,Pune,2,No,No
EMP00068,Jacob Chander,Male,57,IT,Team Lead,B.Tech,17,66591.0,2023-09-28,Chennai,1,Yes,No
EMP00069,Bahadurjit Sarma,Female,33,Marketing,Analyst,MCA,9,65762.0,2024-05-07,Chennai,1,Yes,No
EMP00070,Nidhi Mahal,Male,31,Finance,Senior Analyst,M.Tech,15,54710.0,2021-12-17,Pune,1,Yes,No
EMP00071,Zaitra Desai,Male,55,IT,Manager,MBA,17,104548.0,2023-12-26,Chennai,3,No,No
EMP00072,Ekavir Shan,Male,35,Sales,Senior Analyst,MCA,18,37894.0,2021-08-24,Bangalore,2,Yes,No
EMP00073,Triveni Sodhi,Female,50,HR,Manager,MCA,17,34919.0,2024-01-10,Bangalore,2,No,No
EMP00074,Bachittar Jayaraman,Female,59,Sales,Senior Analyst,MBA,14,39329.0,2017-02-12,Bangalore,5,Yes,No
EMP00075,Eiravati Ranganathan,Male,41,HR,Team Lead,MBA,8,39321.0,2017-12-18,Bangalore,4,No,Yes
EMP00076,Qushi Sibal,Female,27,Finance,Analyst,MBA,8,110597.0,2021-11-18,Pune,5,No,No
EMP00077,Tanmayi Chad,Male,39,IT,Analyst,B.Tech,2,80005.0,2024-06-23,Chennai,5,No,No
EMP00078,Tamanna Pandey,Female,27,Sales,Manager,MCA,5,87132.0,2019-10-28,Chennai,3,No,No
EMP00079,Anusha Bakshi,Female,40,IT,Manager,M.Tech,5,93228.0,2018-07-25,Bangalore,4,Yes,No
EMP00080,Kashvi Prakash,Female,54,Sales,Analyst,M.Tech,8,72372.0,2026-01-23,Chennai,4,Yes,Yes
EMP00081,Faraj Gade,Female,50,HR,Analyst,B.Tech,16,53709.0,2022-01-19,Pune,5,Yes,No
EMP00082,Oscar Behl,Male,32,Sales,Team Lead,M.Tech,14,93532.0,2020-05-11,Bangalore,5,No,Yes
EMP00083,Ishanvi Agarwal,Male,31,IT,Manager,MCA,7,64871.0,2024-04-26,Mumbai,3,No,No
EMP00084,Vivaan Sethi,Male,46,Finance,Senior Analyst,M.Tech,15,76946.0,2020-06-30,Mumbai,2,Yes,No
EMP00085,Brinda Chhabra,Female,22,Sales,Team Lead,MCA,13,74548.0,2025-02-07,Mumbai,5,No,No
EMP00086,Karan Jayaraman,Female,57,HR,Manager,MBA,14,65296.0,2021-06-17,Pune,2,Yes,No
EMP00087,Rachana Bhalla,Female,24,Marketing,Team Lead,MBA,12,50306.0,2018-07-06,Chennai,4,Yes,No
EMP00088,Ranveer Varghese,Female,28,Finance,Manager,BCA,1,61547.0,2020-10-07,Mumbai,4,Yes,No
EMP00089,Yutika Jaggi,Male,52,HR,Team Lead,MCA,13,72911.0,2017-10-15,Mumbai,4,Yes,No
EMP00090,Nathan Ganesan,Female,56,Sales,Analyst,M.Tech,17,79808.0,2026-06-29,Bangalore,2,No,No
EMP00091,Chasmum Baria,Male,50,HR,Senior Analyst,MCA,2,58440.0,2020-09-16,Bangalore,1,No,No
EMP00092,Zayyan Prabhu,Male,37,IT,Manager,M.Tech,9,96984.0,2024-04-30,Hyderabad,2,Yes,No
EMP00093,Zinal Devan,Male,53,IT,Senior Analyst,B.Tech,19,100140.0,2022-12-03,Chennai,3,No,No
EMP00094,Frado Dasgupta,Male,26,Sales,Manager,MCA,0,90981.0,2019-08-27,Mumbai,3,No,No
EMP00095,Wridesh Nadig,Female,52,Sales,Analyst,B.Tech,14,69599.0,2018-09-13,Chennai,5,No,Yes
EMP00096,Ishani Deshmukh,Female,39,Marketing,Analyst,M.Tech,9,80827.0,2018-04-12,Bangalore,5,No,No
EMP00097,Matthew Halder,Male,38,Sales,Senior Analyst,BCA,7,76179.0,2021-05-14,Bangalore,3,No,No
EMP00098,Bahadurjit Parmer,Male,40,IT,Team Lead,MBA,18,97823.0,2026-03-18,Hyderabad,2,Yes,No
EMP00099,Pranav Madan,Female,32,Marketing,Team Lead,MBA,11,69789.0,2021-10-24,Pune,3,Yes,No
EMP00100,Nidra Patel,Male,47,Finance,Team Lead,BCA,2,63449.0,2024-06-17,Chennai,1,No,No
EMP00101,Anya Din,Male,59,Marketing,Manager,MCA,3,64804.0,2021-10-12,Bangalore,2,No,No
EMP00102,Andrew Saran,Male,26,IT,Manager,MCA,19,123584.0,2017-01-08,Chennai,1,Yes,No
EMP00103,Warda Kibe,Male,28,IT,Senior Analyst,M.Tech,1,89893.0,2022-06-10,Hyderabad,4,No,No
EMP00104,Bhavini Bobal,Male,48,Sales,Analyst,MBA,17,84935.0,2023-02-21,Mumbai,4,No,No
EMP00105,Thomas Mohan,Male,45,IT,Analyst,MCA,11,78477.0,2025-05-23,Mumbai,3,Yes,No
EMP00106,Aradhana Parekh,Female,27,Finance,Senior Analyst,M.Tech,8,69878.0,2019-02-13,Bangalore,1,No,No
EMP00107,Upadhriti Chandran,Male,59,HR,Senior Analyst,B.Tech,4,67000.0,2017-05-08,Pune,2,Yes,No
EMP00108,Gaurav Oza,Male,29,Sales,Analyst,B.Tech,4,47038.0,2025-07-16,Bangalore,3,Yes,No
EMP00109,Tara Kari,Male,30,Marketing,Manager,M.Tech,10,36034.0,2024-12-25,Bangalore,1,No,No
EMP00110,Azad Parekh,Female,54,Finance,Senior Analyst,M.Tech,11,112271.0,2024-01-16,Bangalore,5,No,No
EMP00111,Zaid Chakraborty,Female,47,Finance,Manager,BCA,20,49082.0,2025-02-26,Chennai,4,Yes,Yes
EMP00112,Anika Shenoy,Male,39,IT,Team Lead,MBA,10,129730.0,2017-04-10,Mumbai,5,No,No
EMP00113,Gauri Oak,Male,57,Finance,Senior Analyst,MBA,16,101387.0,2017-01-23,Chennai,2,No,Yes
EMP00114,Indira Dhar,Male,42,Sales,Manager,MCA,14,82262.0,2022-04-15,Pune,3,Yes,No
EMP00115,Shaurya Parmer,Male,49,Finance,Analyst,MCA,2,56957.0,2022-06-21,Hyderabad,5,Yes,No
EMP00116,Onveer Kant,Male,48,Marketing,Team Lead,MBA,17,71810.0,2023-05-01,Bangalore,3,No,No
EMP00117,Wridesh Naidu,Female,36,Sales,Analyst,MCA,3,96507.0,2024-10-03,Mumbai,3,Yes,No
EMP00118,Prisha Madan,Male,60,Sales,Team Lead,BCA,18,59643.0,2018-01-25,Hyderabad,3,No,No
EMP00119,Krish Lala,Male,58,Sales,Manager,BCA,11,30800.0,2023-07-26,Hyderabad,1,Yes,Yes
EMP00120,Indali Shah,Female,32,Marketing,Team Lead,MCA,6,59654.0,2026-05-25,Pune,5,Yes,No
EMP00121,Lucky Raghavan,Male,27,IT,Team Lead,MBA,4,70632.0,2023-05-18,Chennai,4,No,No
EMP00122,Girindra Dugal,Male,44,Finance,Manager,BCA,8,73255.0,2026-07-23,Pune,5,No,No
EMP00123,Gagan Sampath,Male,22,Marketing,Senior Analyst,MCA,9,37976.0,2016-10-13,Hyderabad,2,No,No
EMP00124,Devansh Sanghvi,Female,33,Sales,Senior Analyst,MBA,10,45726.0,2017-09-25,Mumbai,2,No,Yes
EMP00125,Udyati Prasad,Male,51,IT,Analyst,MCA,12,147260.0,2022-09-30,Mumbai,4,No,Yes
EMP00126,Yamini Mani,Female,32,Finance,Manager,MCA,9,60096.0,2021-11-26,Bangalore,4,Yes,No
EMP00127,Aashi Loke,Male,47,HR,Team Lead,MCA,13,68592.0,2021-05-18,Hyderabad,3,Yes,No
EMP00128,Owen Buch,Male,44,IT,Team Lead,B.Tech,16,132998.0,2018-12-01,Hyderabad,1,Yes,No
EMP00129,Gunbir Chad,Male,33,Sales,Manager,MBA,6,52740.0,2017-04-16,Mumbai,5,No,No
EMP00130,Samar Hayre,Female,42,Marketing,Senior Analyst,MBA,20,76634.0,2020-03-25,Bangalore,4,No,No
EMP00131,Jeet Mukhopadhyay,Male,41,Sales,Manager,MBA,8,37362.0,2019-01-21,Bangalore,1,No,No
EMP00132,Anvi Parsa,Female,51,Sales,Analyst,MBA,2,41835.0,2024-06-11,Mumbai,2,No,No
EMP00133,Gunbir Vyas,Male,50,Marketing,Analyst,MCA,15,67857.0,2017-05-14,Bangalore,5,Yes,No
EMP00134,Unnati Halder,Female,55,IT,Senior Analyst,MCA,7,142749.0,2021-09-19,Pune,3,No,No
EMP00135,Charan Choudhry,Female,26,Finance,Team Lead,BCA,10,51863.0,2025-07-22,Mumbai,4,No,No
EMP00136,Avi Bajwa,Male,44,Sales,Team Lead,MBA,19,49709.0,2022-05-15,Hyderabad,5,Yes,No
EMP00137,Yoshita Raval,Female,30,Sales,Analyst,MBA,17,79372.0,2023-05-10,Mumbai,3,Yes,No
EMP00138,Balendra Iyer,Female,53,Sales,Senior Analyst,B.Tech,9,53627.0,2024-08-03,Hyderabad,2,Yes,No
EMP00139,Chanchal Master,Male,43,Sales,Senior Analyst,M.Tech,3,96543.0,2024-02-03,Chennai,2,Yes,No
EMP00140,Gopal Vasa,Male,48,HR,Team Lead,B.Tech,19,40848.0,2019-05-08,Chennai,5,No,No
EMP00141,Dev Hayer,Female,34,Finance,Team Lead,M.Tech,7,114993.0,2021-02-20,Chennai,4,No,No
EMP00142,Anthony Sama,Male,34,Finance,Senior Analyst,MCA,16,114135.0,2026-03-12,Bangalore,4,No,No
EMP00143,Varenya Singhal,Male,40,Marketing,Analyst,B.Tech,3,81622.0,2023-02-01,Pune,4,Yes,No
EMP00144,Hemang Kadakia,Female,23,Finance,Manager,BCA,2,74102.0,2023-06-09,Chennai,5,No,No
EMP00145,Yasti Sarin,Male,42,HR,Analyst,MCA,12,35348.0,2018-11-22,Hyderabad,2,Yes,No
EMP00146,Upma Sur,Female,50,Sales,Analyst,BCA,15,48191.0,2024-04-22,Bangalore,3,Yes,No
EMP00147,Ekansh Mohan,Female,29,HR,Team Lead,B.Tech,17,77660.0,2022-06-26,Pune,1,Yes,No
EMP00148,Nicholas Kumar,Female,26,HR,Analyst,MBA,13,71874.0,2017-12-25,Mumbai,5,Yes,No
EMP00149,Christopher Madan,Female,49,Marketing,Analyst,M.Tech,18,50855.0,2025-11-23,Pune,2,No,No
EMP00150,Veer Chahal,Male,55,HR,Analyst,MBA,2,64307.0,2022-12-07,Chennai,1,No,No
EMP00151,Logan Kari,Male,44,Sales,Senior Analyst,BCA,8,32128.0,2020-01-02,Mumbai,3,Yes,No
EMP00152,Geetika Master,Male,51,IT,Manager,B.Tech,11,121567.0,2023-03-28,Hyderabad,1,No,No
EMP00153,Hema Mahal,Male,24,IT,Team Lead,MCA,9,76422.0,2017-02-13,Mumbai,4,No,Yes
EMP00154,Matthew Kapoor,Male,43,Sales,Team Lead,BCA,1,55048.0,2025-04-12,Pune,4,No,No
EMP00155,Harshil Mahajan,Female,53,Finance,Team Lead,M.Tech,12,89438.0,2018-11-10,Pune,1,No,No
EMP00156,Shivani Krish,Male,56,IT,Team Lead,MCA,13,128964.0,2021-07-20,Bangalore,1,No,No
EMP00157,Shravya Ramachandran,Female,32,Sales,Manager,MCA,9,88447.0,2017-07-24,Chennai,1,No,No
EMP00158,Manthan Mistry,Male,26,Marketing,Manager,MCA,13,52993.0,2019-12-09,Mumbai,2,Yes,No
EMP00159,William Pall,Male,30,HR,Analyst,B.Tech,19,74439.0,2026-06-22,Pune,3,No,No
EMP00160,Riya Reddy,Female,45,Marketing,Team Lead,MBA,1,74655.0,2016-08-24,Bangalore,5,Yes,No
EMP00161,Fiyaz De,Female,37,Marketing,Analyst,BCA,11,61085.0,2019-06-20,Hyderabad,4,No,No
EMP00162,Baghyawati De,Female,35,Marketing,Team Lead,MBA,3,52155.0,2022-05-14,Hyderabad,1,Yes,No
EMP00163,Faras Mann,Female,27,IT,Team Lead,MCA,14,72630.0,2018-04-20,Bangalore,5,No,No
EMP00164,Ekantika Dara,Male,29,Sales,Senior Analyst,B.Tech,5,52818.0,2020-09-28,Hyderabad,4,Yes,No
EMP00165,Yadavi Srinivas,Male,27,Sales,Analyst,MCA,17,78353.0,2019-06-08,Chennai,4,No,No
EMP00166,Urmi Lad,Female,26,Finance,Manager,MBA,18,54666.0,2020-09-27,Mumbai,3,Yes,No
EMP00167,Aarush Mangat,Male,49,Marketing,Analyst,BCA,20,73521.0,2017-08-08,Mumbai,2,No,No
EMP00168,Sara Karpe,Male,44,HR,Team Lead,BCA,5,51145.0,2018-01-23,Pune,2,No,No
EMP00169,Aditya Bhardwaj,Male,54,HR,Senior Analyst,M.Tech,20,49845.0,2024-08-23,Mumbai,2,Yes,No
EMP00170,Lajita Bhavsar,Male,23,Marketing,Analyst,BCA,19,57126.0,2025-10-02,Mumbai,3,Yes,No
EMP00171,Chaitaly Kara,Female,56,Marketing,Team Lead,MCA,13,75508.0,2026-01-14,Chennai,2,No,No
EMP00172,Anita Issac,Male,50,Sales,Manager,MBA,14,39564.0,2019-02-09,Chennai,2,No,No
EMP00173,Jalsa Shetty,Female,44,Marketing,Manager,B.Tech,4,55485.0,2022-07-09,Pune,5,Yes,No
EMP00174,Jackson Sinha,Female,37,Sales,Senior Analyst,BCA,7,91141.0,2017-02-14,Bangalore,3,No,Yes
EMP00175,Umang Dutta,Male,42,Marketing,Team Lead,B.Tech,13,51270.0,2022-05-24,Hyderabad,4,No,No
EMP00176,Abeer Vig,Female,54,Finance,Manager,B.Tech,9,110191.0,2022-04-07,Hyderabad,5,No,Yes
EMP00177,Yashvi Rege,Female,40,IT,Analyst,BCA,1,86877.0,2023-01-21,Chennai,2,No,No
EMP00178,Victor Minhas,Male,58,Sales,Senior Analyst,MCA,12,77964.0,2016-10-06,Mumbai,3,Yes,Yes
EMP00179,Ojas Bali,Female,29,Finance,Senior Analyst,BCA,16,104028.0,2023-07-09,Chennai,3,No,No
EMP00180,Tanveer Loyal,Female,54,Marketing,Analyst,BCA,11,84477.0,2025-01-02,Bangalore,2,No,No
EMP00181,Zaitra Rao,Male,42,Finance,Team Lead,B.Tech,16,104898.0,2020-07-02,Chennai,5,No,No
EMP00182,Jack Swaminathan,Female,58,Marketing,Team Lead,MBA,10,68247.0,2025-09-08,Bangalore,3,No,No
EMP00183,Nidra Ahuja,Male,60,IT,Manager,MCA,13,126507.0,2020-04-10,Mumbai,5,Yes,No
EMP00184,Riya Lanka,Female,31,IT,Senior Analyst,BCA,18,112973.0,2020-11-04,Mumbai,1,Yes,No
EMP00185,Manan Karnik,Female,35,IT,Manager,M.Tech,14,91116.0,2019-03-13,Mumbai,4,Yes,No
EMP00186,Wazir Grover,Female,55,HR,Manager,MCA,16,43588.0,2022-04-09,Hyderabad,4,No,No
EMP00187,Eshana Sharma,Female,52,Marketing,Senior Analyst,B.Tech,11,79293.0,2025-07-17,Pune,5,No,No
EMP00188,Ekaraj Narasimhan,Female,42,HR,Manager,MCA,9,48940.0,2020-12-10,Mumbai,3,No,No
EMP00189,Madhav Pant,Female,44,IT,Senior Analyst,MCA,18,138686.0,2021-08-01,Bangalore,3,Yes,No
EMP00190,Mahika Bora,Male,34,Sales,Team Lead,M.Tech,14,63612.0,2017-10-15,Pune,2,Yes,No
EMP00191,Yashoda Pau,Male,36,Marketing,Analyst,BCA,18,50681.0,2022-06-16,Chennai,3,No,No
EMP00192,Rudra Raju,Male,48,IT,Manager,MBA,4,50679.0,2022-10-17,Hyderabad,3,No,No
EMP00193,Daniel Garg,Male,58,Sales,Senior Analyst,M.Tech,20,37754.0,2023-01-30,Bangalore,2,No,No
EMP00194,Radha Prabhu,Male,40,HR,Analyst,BCA,1,56017.0,2025-03-28,Pune,5,Yes,No
EMP00195,Kabir Bahl,Female,30,Sales,Manager,MCA,9,89552.0,2019-12-22,Hyderabad,1,No,No
EMP00196,Yashvi Kata,Male,22,HR,Team Lead,MCA,14,72486.0,2023-12-16,Mumbai,2,Yes,No
EMP00197,Gayathri Bedi,Female,27,Marketing,Manager,BCA,20,61574.0,2023-06-06,Hyderabad,2,No,No
EMP00198,Agastya Rau,Male,50,Sales,Team Lead,MCA,7,30895.0,2018-06-30,Pune,5,Yes,No
EMP00199,Kamala Doshi,Male,29,Sales,Manager,MCA,20,77127.0,2020-11-28,Hyderabad,4,No,No
EMP00200,Sudiksha Ravi,Male,36,IT,Senior Analyst,MBA,20,88671.0,2021-12-02,Hyderabad,4,No,No
EMP00203,Onveer Parikh,Male,54,IT,Manager,BCA,6,143967.0,2021-02-07,Chennai,2,No,No
EMP00204,Yuvraj Bajaj,Female,23,Finance,Manager,MCA,18,52567.0,2020-04-29,Bangalore,2,Yes,No
EMP00205,Chaitaly Iyengar,Male,26,IT,Manager,BCA,13,95158.0,2021-09-20,Pune,4,Yes,No
EMP00206,Girindra Agarwal,Female,45,HR,Manager,MBA,20,77794.0,2016-10-28,Chennai,4,Yes,No
EMP00207,Ethan Sekhon,Male,33,Marketing,Manager,M.Tech,4,77830.0,2022-08-18,Hyderabad,2,Yes,No
EMP00208,Brijesh Wali,Female,56,IT,Manager,B.Tech,9,110686.0,2022-08-14,Hyderabad,4,No,No
EMP00209,Osha Desai,Male,24,HR,Manager,M.Tech,8,42352.0,2023-10-29,Bangalore,2,Yes,No
EMP00210,Netra Grover,Male,37,IT,Analyst,MBA,3,127849.0,2025-05-27,Chennai,2,Yes,Yes
EMP00211,Tamanna Dara,Male,58,IT,Team Lead,M.Tech,4,116046.0,2024-01-29,Mumbai,3,Yes,No
EMP00212,Balendra Mistry,Female,39,Sales,Analyst,M.Tech,4,98321.0,2020-02-19,Mumbai,2,No,No
EMP00213,Shravya Manne,Female,55,Marketing,Team Lead,MBA,15,38072.0,2023-12-21,Chennai,2,No,No
EMP00214,Qarin Batta,Male,41,Finance,Senior Analyst,MBA,5,115507.0,2026-02-16,Bangalore,5,No,No
EMP00215,Maanas Sarkar,Male,38,Finance,Senior Analyst,MCA,17,114467.0,2025-09-14,Bangalore,4,No,No
EMP00216,Reva Kurian,Male,39,IT,Manager,M.Tech,17,144972.0,2022-08-27,Mumbai,1,Yes,No
EMP00217,Theodore Biswas,Male,52,HR,Senior Analyst,MCA,18,77468.0,2018-04-20,Pune,1,Yes,No
EMP00218,Gautam Dass,Female,37,HR,Senior Analyst,MBA,3,78947.0,2025-04-22,Hyderabad,5,No,No
EMP00219,Jacob Misra,Female,41,Sales,Team Lead,MCA,12,91112.0,2025-01-04,Mumbai,4,No,No
EMP00220,Oeshi Baral,Male,45,IT,Team Lead,MBA,15,149828.0,2022-09-15,Bangalore,5,Yes,No
EMP00221,Frederick Mukhopadhyay,Female,40,HR,Senior Analyst,B.Tech,0,47090.0,2025-08-01,Pune,2,No,No
EMP00222,Umang Warrior,Female,38,Marketing,Manager,MBA,7,67722.0,2025-03-07,Chennai,2,No,No
EMP00223,Ganga Sood,Male,56,HR,Analyst,M.Tech,4,77206.0,2020-03-10,Bangalore,1,Yes,No
EMP00224,Udyati Sankaran,Male,26,IT,Senior Analyst,BCA,13,68021.0,2022-12-27,Hyderabad,5,No,No
EMP00225,Daksha Seth,Male,22,Sales,Manager,BCA,1,93334.0,2016-08-25,Bangalore,5,No,No
EMP00226,Nirja Kurian,Female,33,Marketing,Analyst,BCA,9,36123.0,2019-10-04,Mumbai,2,Yes,No
EMP00227,Adya De,Female,39,HR,Manager,BCA,19,64501.0,2019-06-27,Pune,4,No,No
EMP00228,Daksh Venkataraman,Male,24,Marketing,Analyst,MBA,7,80694.0,2021-12-20,Chennai,4,No,No
EMP00229,Sarthak Palla,Male,53,IT,Manager,MCA,20,51238.0,2020-09-24,Mumbai,1,Yes,No
EMP00230,Saanvi Karpe,Female,39,HR,Analyst,BCA,6,75369.0,2026-03-03,Pune,5,Yes,No
EMP00231,Adweta Thaman,Male,47,HR,Analyst,MCA,10,31026.0,2025-11-16,Hyderabad,5,Yes,No
EMP00232,Netra Subramaniam,Female,46,Marketing,Senior Analyst,BCA,12,79370.0,2025-09-02,Mumbai,3,Yes,No
EMP00233,Tejas Peri,Female,60,IT,Manager,MCA,13,80427.0,2021-05-22,Bangalore,3,No,No
EMP00234,Bhavani Ghosh,Female,49,Finance,Senior Analyst,M.Tech,7,91636.0,2022-06-14,Chennai,1,No,No
EMP00235,Ucchal Sehgal,Female,31,HR,Manager,MCA,2,35376.0,2021-05-01,Pune,1,Yes,No
EMP00236,Anjali Khatri,Female,28,IT,Senior Analyst,BCA,9,108292.0,2020-07-29,Hyderabad,4,No,No
EMP00237,Pratyush Mandal,Male,27,Marketing,Team Lead,M.Tech,17,68583.0,2023-07-23,Bangalore,5,No,No
EMP00238,Pranav Parikh,Male,57,Finance,Senior Analyst,M.Tech,0,83253.0,2016-12-25,Mumbai,2,No,No
EMP00239,Ubika Pal,Female,31,HR,Analyst,B.Tech,4,47623.0,2017-09-23,Chennai,3,No,No
EMP00240,Darsh Apte,Male,53,Sales,Senior Analyst,MBA,15,40082.0,2020-03-13,Bangalore,2,No,No
EMP00241,Neha Bajaj,Female,43,IT,Manager,MCA,12,93544.0,2026-05-18,Chennai,5,Yes,No
EMP00242,Unni Bhatnagar,Male,47,Sales,Team Lead,MCA,10,56326.0,2023-06-24,Chennai,5,Yes,No
EMP00243,Lakshit Maharaj,Female,45,Sales,Analyst,M.Tech,12,66739.0,2026-07-28,Hyderabad,5,Yes,No
EMP00244,Ikbal Bahri,Male,50,Marketing,Team Lead,BCA,0,82658.0,2019-09-16,Chennai,4,Yes,No
EMP00245,Faraj Khosla,Female,46,Sales,Analyst,MBA,7,63119.0,2018-12-17,Mumbai,4,No,No
EMP00246,Daniel Shanker,Male,45,Marketing,Analyst,BCA,16,80331.0,2023-04-08,Hyderabad,3,Yes,No
EMP00247,Noah Chaudhary,Female,43,Marketing,Manager,BCA,1,71911.0,2017-12-07,Bangalore,1,No,No
EMP00248,Chaitaly Gulati,Male,50,HR,Team Lead,MBA,16,78945.0,2025-06-22,Chennai,5,Yes,No
EMP00249,Hredhaan Chacko,Female,27,Sales,Analyst,B.Tech,0,93277.0,2020-03-23,Pune,3,No,Yes
EMP00250,Anita Chaudhari,Female,28,Finance,Manager,MBA,6,113303.0,2016-10-11,Pune,1,No,No
EMP00251,Yashoda Bakshi,Male,32,IT,Senior Analyst,M.Tech,3,52960.0,2023-03-14,Hyderabad,5,Yes,No
EMP00252,Kashish Minhas,Male,47,Sales,Senior Analyst,B.Tech,17,85885.0,2019-05-14,Chennai,4,Yes,No
EMP00253,Agastya Chaudhuri,Female,22,Marketing,Senior Analyst,B.Tech,6,64463.0,2023-05-06,Pune,1,Yes,No
EMP00254,Parth Khurana,Female,29,Marketing,Team Lead,MBA,5,58972.0,2022-07-17,Mumbai,3,No,No
EMP00255,Leena Ahuja,Female,51,Marketing,Senior Analyst,MCA,12,73469.0,2025-10-18,Mumbai,5,Yes,No
EMP00256,Tanveer Bumb,Male,33,HR,Team Lead,B.Tech,10,37724.0,2021-04-24,Mumbai,4,No,No
EMP00257,Gaurang Bobal,Male,53,Marketing,Senior Analyst,M.Tech,4,72670.0,2019-06-21,Hyderabad,4,No,No
EMP00258,Wridesh Gara,Male,44,HR,Analyst,MBA,5,50616.0,2023-01-12,Hyderabad,2,No,No
EMP00259,Bhanumati Bora,Female,48,Marketing,Manager,MBA,16,77799.0,2018-08-24,Hyderabad,1,Yes,No
EMP00260,Jason Ahuja,Female,32,HR,Manager,M.Tech,9,32142.0,2022-09-28,Chennai,5,Yes,No
EMP00261,Libni Prasad,Female,56,Marketing,Analyst,MBA,3,52556.0,2026-01-03,Mumbai,2,No,No
EMP00262,George Cherian,Male,50,IT,Team Lead,MCA,20,148480.0,2021-04-25,Bangalore,4,Yes,No
EMP00263,Ishaan Srinivas,Female,49,HR,Senior Analyst,M.Tech,6,78340.0,2020-06-22,Hyderabad,2,Yes,No
EMP00264,Bahadurjit Gera,Male,42,IT,Team Lead,MCA,18,95982.0,2018-09-29,Mumbai,3,Yes,No
EMP00265,Tanay Deshpande,Male,30,HR,Senior Analyst,B.Tech,13,33885.0,2020-08-21,Pune,2,No,No
EMP00266,Ekbal Divan,Female,50,Finance,Analyst,BCA,4,80221.0,2017-04-08,Chennai,5,No,No
EMP00267,Ekaja Tailor,Male,27,Sales,Manager,MCA,14,93968.0,2023-11-14,Bangalore,5,No,No
EMP00268,Ubika Mohanty,Female,40,HR,Team Lead,M.Tech,13,43883.0,2025-10-10,Mumbai,2,No,No
EMP00269,Omaja Mand,Female,23,Sales,Analyst,B.Tech,1,36021.0,2021-06-08,Chennai,4,Yes,Yes
EMP00270,Nandini Mistry,Female,32,Finance,Team Lead,BCA,6,62290.0,2025-06-24,Pune,3,Yes,No
EMP00271,Pahal Wason,Female,36,Sales,Manager,BCA,20,51695.0,2022-08-12,Bangalore,1,Yes,Yes
EMP00272,Tripti Loyal,Female,22,Finance,Analyst,MCA,2,62393.0,2021-04-15,Bangalore,4,Yes,No
EMP00273,Deepa Lalla,Male,28,Finance,Team Lead,MCA,2,75008.0,2025-09-25,Pune,2,No,No
EMP00274,Amrita Sinha,Male,32,HR,Manager,MCA,20,74376.0,2020-05-16,Hyderabad,2,No,No
EMP00275,Saanvi Cherian,Male,30,Marketing,Analyst,M.Tech,14,49237.0,2018-03-01,Chennai,3,No,Yes
EMP00276,Vidhi Bhargava,Male,37,Sales,Team Lead,BCA,4,62477.0,2025-04-25,Pune,2,Yes,No
EMP00277,Manya Bose,Male,53,Finance,Manager,BCA,9,52152.0,2017-02-11,Hyderabad,4,Yes,No
EMP00278,Damini Mangal,Male,46,Marketing,Manager,MCA,0,58664.0,2023-10-20,Mumbai,2,No,No
EMP00279,Charita Devi,Female,35,IT,Analyst,BCA,0,126986.0,2017-12-12,Chennai,5,No,Yes
EMP00280,Divya Tank,Male,56,Marketing,Senior Analyst,MCA,13,62759.0,2017-09-09,Bangalore,3,Yes,No
EMP00281,Abeer Menon,Female,47,Marketing,Analyst,MCA,6,87957.0,2026-05-29,Chennai,2,Yes,No
EMP00282,Harinakshi Koshy,Male,41,HR,Senior Analyst,BCA,2,58474.0,2021-04-11,Bangalore,2,Yes,No
EMP00283,Chandresh Dhawan,Female,32,HR,Team Lead,B.Tech,15,52721.0,2018-09-14,Pune,1,Yes,No
EMP00284,Niharika Garde,Female,58,Sales,Analyst,MBA,13,65649.0,2019-08-21,Chennai,5,No,No
EMP00285,Urvi Din,Male,38,IT,Analyst,M.Tech,15,124302.0,2016-08-17,Bangalore,2,Yes,No
EMP00286,Lavanya Krishnamurthy,Female,46,IT,Senior Analyst,B.Tech,0,82053.0,2023-02-02,Bangalore,5,No,Yes
EMP00287,Vedika Lal,Female,39,HR,Analyst,M.Tech,10,46270.0,2022-05-08,Pune,1,Yes,No
EMP00288,Nathan Bajwa,Female,26,HR,Manager,MCA,7,63801.0,2019-01-08,Pune,3,Yes,No
EMP00289,Abha Koshy,Female,58,Marketing,Team Lead,M.Tech,14,35522.0,2018-06-13,Hyderabad,4,No,No
EMP00290,Balvan Kant,Male,31,Marketing,Analyst,MBA,15,85633.0,2025-09-17,Bangalore,2,No,No
EMP00291,Lila Kannan,Female,41,IT,Analyst,B.Tech,10,50191.0,2019-06-16,Mumbai,2,No,No
EMP00292,Hritik Tailor,Male,24,Finance,Senior Analyst,M.Tech,1,63661.0,2020-10-25,Chennai,3,No,No
EMP00293,Sneha Gupta,Female,26,IT,Analyst,MBA,18,62527.0,2023-05-27,Hyderabad,2,No,No
EMP00294,Adweta Tella,Female,42,Sales,Manager,MCA,10,81505.0,2018-09-23,Hyderabad,1,Yes,No
EMP00295,Indali Bhardwaj,Male,50,HR,Manager,MCA,18,37141.0,2025-05-19,Chennai,1,No,No
EMP00296,Isha Pillai,Male,27,HR,Senior Analyst,MCA,14,50205.0,2019-08-26,Mumbai,1,Yes,No
EMP00297,Ishwar Sastry,Female,47,Sales,Analyst,MCA,4,41955.0,2024-06-05,Pune,2,Yes,No
EMP00298,Ekani Grewal,Male,28,Finance,Manager,BCA,14,117869.0,2019-01-15,Hyderabad,1,Yes,No
EMP00299,Pranav Ghosh,Female,45,IT,Analyst,M.Tech,7,67133.0,2018-01-11,Mumbai,3,Yes,No
EMP00300,Hardik Kohli,Female,30,IT,Analyst,MCA,2,75919.0,2020-03-26,Bangalore,1,No,No
EMP00303,Samaksh Bora,Female,34,IT,Senior Analyst,M.Tech,2,86670.0,2018-05-08,Bangalore,4,No,No
EMP00304,Wyatt Sawhney,Female,46,Finance,Team Lead,B.Tech,17,108527.0,2020-09-22,Bangalore,3,Yes,No
EMP00305,Fariq Khalsa,Female,55,IT,Team Lead,M.Tech,8,57679.0,2024-07-29,Hyderabad,2,Yes,No
EMP00306,Indali Bali,Male,36,HR,Manager,MCA,7,47467.0,2025-04-12,Hyderabad,2,Yes,No
EMP00307,Utkarsh Verma,Female,59,Marketing,Analyst,MCA,10,87835.0,2019-02-26,Mumbai,5,Yes,No
EMP00308,Kamala Salvi,Female,56,Marketing,Team Lead,B.Tech,6,89833.0,2023-10-14,Chennai,1,Yes,No
EMP00309,Bhavani Muni,Female,22,IT,Team Lead,M.Tech,7,128861.0,2023-11-02,Hyderabad,2,No,No
EMP00310,Samesh Brahmbhatt,Male,29,HR,Team Lead,BCA,10,33903.0,2019-10-02,Pune,4,Yes,Yes
EMP00311,Unni Datta,Male,49,Sales,Manager,MCA,9,72284.0,2016-11-15,Hyderabad,5,No,Yes
EMP00312,Qadim Varma,Female,30,HR,Senior Analyst,BCA,18,41491.0,2019-01-08,Mumbai,4,Yes,No
EMP00313,Chaitanya Acharya,Male,58,HR,Analyst,MBA,19,50854.0,2020-06-26,Hyderabad,3,Yes,No
EMP00314,Teerth Kibe,Male,43,HR,Manager,BCA,11,50939.0,2026-04-02,Pune,2,Yes,No
EMP00315,Chanakya Mander,Male,25,IT,Manager,MBA,11,83640.0,2018-01-15,Chennai,2,No,No
EMP00316,Sathvik Mannan,Male,52,Finance,Senior Analyst,B.Tech,12,91036.0,2018-12-28,Chennai,1,Yes,No
EMP00317,Anvi Gala,Male,26,Sales,Team Lead,B.Tech,0,71774.0,2019-02-15,Chennai,2,Yes,No
EMP00318,Jagvi Ramanathan,Female,23,Marketing,Manager,B.Tech,2,57147.0,2018-12-01,Mumbai,4,Yes,No
EMP00319,Chakrika Bala,Male,48,IT,Team Lead,MCA,3,93397.0,2021-07-14,Pune,2,Yes,No
EMP00320,Lavanya Bala,Female,31,IT,Analyst,MCA,12,124943.0,2023-03-26,Bangalore,4,Yes,No
EMP00321,Ranbir Uppal,Male,35,Sales,Senior Analyst,MCA,20,92957.0,2018-04-05,Bangalore,4,Yes,Yes
EMP00322,Lakshmi Bali,Female,27,Sales,Manager,B.Tech,12,91727.0,2020-01-29,Pune,4,No,No
EMP00323,Ekansh Seth,Female,38,HR,Senior Analyst,MCA,14,32924.0,2026-04-07,Mumbai,1,Yes,No
EMP00324,Tanish Kapoor,Female,59,IT,Senior Analyst,M.Tech,2,137574.0,2024-12-05,Bangalore,4,No,No
EMP00325,Xiti Subramanian,Female,41,Marketing,Analyst,MBA,15,72533.0,2020-07-12,Bangalore,5,Yes,No
EMP00326,Ekbal Amble,Male,35,IT,Senior Analyst,B.Tech,14,72659.0,2017-07-21,Bangalore,4,Yes,No
EMP00327,Fiyaz Mutti,Female,42,Finance,Analyst,BCA,6,64382.0,2022-01-06,Chennai,5,No,No
EMP00328,Ansh Saxena,Male,59,Marketing,Manager,BCA,10,53101.0,2024-09-01,Chennai,2,Yes,No
EMP00329,Xalak Kannan,Male,28,Marketing,Analyst,MCA,18,73186.0,2025-05-21,Mumbai,3,No,No
EMP00330,Upma Chokshi,Female,24,Sales,Senior Analyst,MCA,12,93646.0,2018-06-26,Chennai,2,No,No
EMP00331,Ishani Deshmukh,Male,52,IT,Team Lead,MCA,12,93449.0,2026-04-11,Bangalore,3,No,No
EMP00332,Deepa Bath,Male,36,Sales,Senior Analyst,MCA,8,94437.0,2020-11-28,Chennai,3,No,No
EMP00333,Karan Saraf,Male,48,Finance,Manager,M.Tech,19,56703.0,2021-09-13,Pune,1,Yes,No
EMP00334,Shaurya Srivastava,Male,55,IT,Analyst,B.Tech,9,143004.0,2025-05-31,Hyderabad,2,Yes,No
EMP00335,Vihaan Mani,Female,34,HR,Team Lead,MCA,1,59913.0,2022-01-31,Chennai,5,No,Yes
EMP00336,Yadavi Vora,Female,33,IT,Manager,M.Tech,0,81711.0,2018-01-19,Mumbai,3,No,No
EMP00337,Falak Chandra,Male,40,HR,Analyst,MBA,8,79083.0,2025-01-05,Bangalore,2,Yes,No
EMP00338,Vincent Basak,Female,48,HR,Analyst,BCA,20,44752.0,2018-08-15,Chennai,2,Yes,No
EMP00339,Falak Mann,Female,39,Marketing,Manager,MBA,0,49664.0,2020-07-02,Pune,4,No,No
EMP00340,Saksham Goswami,Female,59,HR,Analyst,BCA,14,49801.0,2017-12-22,Mumbai,3,No,No
EMP00341,Wishi Sood,Female,42,Sales,Team Lead,MCA,3,93142.0,2018-12-31,Pune,2,Yes,Yes
EMP00342,Advika Mutti,Female,42,Marketing,Senior Analyst,BCA,7,38720.0,2018-12-30,Chennai,3,No,No
EMP00343,Nimrat Loyal,Male,43,Finance,Senior Analyst,M.Tech,12,95891.0,2023-07-04,Chennai,3,No,No
EMP00344,Meera Bhatnagar,Female,30,HR,Team Lead,M.Tech,17,41870.0,2022-06-27,Hyderabad,3,Yes,No
EMP00345,Lajita Kulkarni,Female,48,HR,Team Lead,MCA,11,44636.0,2021-05-04,Pune,5,No,No
EMP00346,Upkaar Gandhi,Male,52,Finance,Senior Analyst,M.Tech,3,106674.0,2017-10-21,Bangalore,4,No,Yes
EMP00347,Vasudha Loke,Male,43,Finance,Manager,M.Tech,1,64762.0,2019-03-12,Chennai,2,No,No
EMP00348,Isaiah Bhatti,Male,42,HR,Analyst,BCA,2,61954.0,2017-06-16,Chennai,3,Yes,No
EMP00349,Raagini Dani,Male,30,HR,Manager,MBA,18,40383.0,2017-03-08,Chennai,4,No,No
EMP00350,Jhalak Chhabra,Female,22,Finance,Team Lead,M.Tech,0,49944.0,2021-03-21,Hyderabad,1,Yes,No
EMP00351,Sanaya Shankar,Female,30,HR,Analyst,MBA,7,75450.0,2018-07-25,Mumbai,5,No,No
EMP00352,Ekansh Thakur,Female,51,HR,Team Lead,MBA,2,32996.0,2021-06-23,Hyderabad,3,No,No
EMP00353,Avi Thaker,Female,23,Sales,Senior Analyst,B.Tech,6,51611.0,2026-04-26,Hyderabad,2,Yes,No
EMP00354,Eiravati Lala,Male,46,Marketing,Team Lead,M.Tech,16,46074.0,2017-03-24,Mumbai,1,Yes,No
EMP00355,Oni Pradhan,Male,48,IT,Manager,MBA,20,52587.0,2017-06-01,Bangalore,5,No,Yes
EMP00356,Raghav Korpal,Male,41,Finance,Manager,BCA,4,71934.0,2020-01-02,Mumbai,3,Yes,No
EMP00357,Ishita Chana,Male,40,Finance,Analyst,BCA,3,112054.0,2019-02-24,Chennai,2,Yes,No
EMP00358,Karan Tata,Female,40,Sales,Senior Analyst,BCA,16,56433.0,2023-06-23,Mumbai,4,Yes,No
EMP00359,Ethan Kapadia,Male,29,Finance,Manager,B.Tech,10,75737.0,2026-04-27,Bangalore,5,Yes,Yes
EMP00360,Indira Dash,Female,38,IT,Manager,BCA,8,134454.0,2017-04-27,Bangalore,2,Yes,No
EMP00361,Xiti Ahluwalia,Male,28,Sales,Analyst,BCA,11,70987.0,2019-11-13,Hyderabad,2,No,No
EMP00362,Inaya Sachdeva,Male,45,Sales,Team Lead,B.Tech,14,65167.0,2026-02-14,Bangalore,4,No,No
EMP00363,Omisha Tank,Female,48,Finance,Senior Analyst,BCA,8,95556.0,2018-07-27,Hyderabad,1,Yes,No
EMP00364,Lajita Tripathi,Female,33,IT,Manager,MCA,13,127430.0,2016-12-08,Mumbai,1,Yes,No
EMP00365,Amrita Dewan,Female,24,Finance,Analyst,MCA,15,59802.0,2026-02-07,Pune,1,Yes,No
EMP00366,Shivansh Bedi,Male,49,Sales,Senior Analyst,MBA,16,98564.0,2018-05-06,Pune,4,Yes,No
EMP00367,Isaac Kala,Male,54,Marketing,Manager,MBA,19,38576.0,2021-10-30,Hyderabad,1,No,Yes
EMP00368,Aarush Bhatti,Male,54,Sales,Senior Analyst,M.Tech,7,73371.0,2023-12-17,Chennai,4,Yes,No
EMP00369,Neel Naidu,Female,27,IT,Manager,MBA,14,108220.0,2017-07-17,Pune,1,No,No
EMP00370,Irya Ratta,Male,27,IT,Team Lead,M.Tech,3,102879.0,2018-04-15,Mumbai,2,No,No
EMP00371,Tanmayi Johal,Female,43,Sales,Manager,MCA,11,37113.0,2018-07-02,Chennai,1,Yes,No
EMP00372,Kashvi Kari,Female,57,HR,Team Lead,BCA,0,52371.0,2025-03-17,Bangalore,2,No,No
EMP00373,Chakradev Atwal,Male,34,HR,Analyst,MBA,13,37009.0,2025-10-04,Hyderabad,4,Yes,No
EMP00374,Kiaan Randhawa,Male,50,Sales,Manager,M.Tech,3,84325.0,2022-07-08,Mumbai,2,No,Yes
EMP00375,Robert Nazareth,Female,59,IT,Manager,M.Tech,16,146497.0,2020-06-21,Hyderabad,5,Yes,Yes
EMP00376,Hemang Joshi,Female,54,HR,Manager,MBA,3,55389.0,2026-01-29,Mumbai,2,No,No
EMP00377,Mohammed Bains,Male,30,Finance,Manager,M.Tech,10,83557.0,2020-01-13,Mumbai,3,No,No
EMP00378,Pushti Grover,Female,44,Marketing,Senior Analyst,B.Tech,20,49243.0,2021-06-29,Mumbai,5,No,No
EMP00379,Raagini Pau,Female,56,IT,Team Lead,MBA,11,123699.0,2019-02-20,Bangalore,5,Yes,No
EMP00380,Vrishti Saha,Male,34,IT,Team Lead,B.Tech,12,69048.0,2016-10-19,Pune,3,Yes,Yes
EMP00381,Divya Chana,Male,44,IT,Manager,BCA,9,76738.0,2018-01-01,Mumbai,5,Yes,No
EMP00382,Vyanjana Mital,Female,25,Marketing,Manager,MBA,12,50571.0,2019-10-29,Chennai,3,Yes,No
EMP00383,Tanmayi Sunder,Female,36,IT,Team Lead,M.Tech,8,76619.0,2022-10-04,Mumbai,5,Yes,No
EMP00384,Isaiah Roy,Male,33,HR,Senior Analyst,M.Tech,9,59413.0,2018-08-30,Bangalore,4,Yes,No
EMP00385,Tanvi Pant,Male,59,Finance,Team Lead,BCA,8,117954.0,2022-05-21,Pune,4,Yes,No
EMP00386,Unni Sahota,Female,53,IT,Team Lead,BCA,4,92287.0,2021-09-24,Pune,5,Yes,No
EMP00387,Faris Shukla,Male,48,HR,Manager,BCA,16,34468.0,2022-07-18,Pune,2,Yes,No
EMP00388,Jeet Bhatnagar,Female,57,Sales,Analyst,BCA,10,77290.0,2016-10-02,Pune,4,Yes,No
EMP00389,Arjun Murthy,Female,46,Marketing,Analyst,MBA,19,50979.0,2017-10-06,Pune,5,No,No
EMP00390,Devansh Palan,Female,53,IT,Analyst,MCA,16,99146.0,2021-05-22,Hyderabad,3,Yes,No
EMP00391,Abdul Varkey,Male,35,IT,Senior Analyst,MBA,5,120513.0,2020-11-15,Bangalore,2,No,No
EMP00392,Yoshita Mukherjee,Female,24,IT,Analyst,BCA,4,53113.0,2020-08-26,Bangalore,2,No,No
EMP00393,Arin Dhar,Female,48,Marketing,Manager,MBA,2,72680.0,2019-05-20,Chennai,4,No,No
EMP00394,Zayan Mohan,Male,26,IT,Analyst,BCA,12,138250.0,2024-04-28,Pune,5,Yes,No
EMP00395,Ikbal Peri,Female,46,Sales,Manager,BCA,9,41338.0,2017-05-11,Chennai,2,Yes,No
EMP00396,Gagan Mallick,Male,41,HR,Team Lead,BCA,12,65764.0,2021-06-23,Mumbai,5,Yes,No
EMP00397,Manya Murty,Female,56,IT,Analyst,MCA,1,50659.0,2021-01-12,Hyderabad,3,Yes,No
EMP00398,Orinder Date,Male,36,Finance,Team Lead,B.Tech,20,112181.0,2023-11-14,Bangalore,2,Yes,No
EMP00399,Brinda Toor,Female,26,Marketing,Team Lead,BCA,14,77249.0,2025-03-31,Hyderabad,5,No,No
EMP00400,Gaurangi Mitra,Male,28,Sales,Team Lead,M.Tech,11,46805.0,2020-03-07,Bangalore,2,No,No
EMP00401,Chandran Vyas,Female,59,Finance,Senior Analyst,M.Tech,14,88036.0,2019-04-10,Mumbai,3,No,No
EMP00402,Jairaj Kakar,Male,49,Finance,Team Lead,MCA,5,45633.0,2019-08-11,Hyderabad,3,No,No
EMP00403,Peter Ray,Female,57,Finance,Analyst,B.Tech,14,92020.0,2017-10-09,Mumbai,1,No,No
EMP00404,Tara Chopra,Male,26,HR,Analyst,M.Tech,17,42873.0,2025-02-11,Bangalore,5,No,No
EMP00405,Darpan Gera,Female,31,Marketing,Team Lead,MBA,6,37402.0,2023-12-29,Hyderabad,5,No,No
EMP00406,Samuel Bumb,Female,45,HR,Analyst,B.Tech,14,62841.0,2018-10-19,Mumbai,2,Yes,No
EMP00407,Samesh Bedi,Male,52,Finance,Team Lead,BCA,5,68480.0,2020-08-05,Hyderabad,4,Yes,No
EMP00408,Pushti Jani,Male,55,IT,Team Lead,MBA,8,98422.0,2020-12-30,Chennai,4,Yes,No
EMP00409,Leela Edwin,Female,38,IT,Senior Analyst,MBA,20,92476.0,2020-06-20,Chennai,3,Yes,No
EMP00410,Ansh Kannan,Male,55,Marketing,Manager,MCA,8,59663.0,2020-11-12,Pune,4,No,No
EMP00411,Ishani Bhattacharyya,Female,32,Marketing,Senior Analyst,BCA,0,67888.0,2021-03-07,Mumbai,3,Yes,No
EMP00412,Anjali Deshmukh,Male,36,HR,Manager,MCA,5,40312.0,2019-10-02,Bangalore,4,No,No
EMP00413,Nathaniel Jayaraman,Female,23,Finance,Senior Analyst,BCA,6,66134.0,2018-08-11,Hyderabad,5,Yes,No
EMP00414,Wishi Gupta,Male,25,HR,Senior Analyst,MCA,20,63596.0,2020-08-26,Hyderabad,5,No,Yes
EMP00415,Avi Parekh,Female,27,Marketing,Senior Analyst,MBA,18,76787.0,2026-03-19,Mumbai,4,No,Yes
EMP00416,Balhaar Pathak,Male,54,HR,Team Lead,B.Tech,7,56920.0,2023-08-20,Pune,4,Yes,No
EMP00417,Girindra Rattan,Male,34,HR,Manager,B.Tech,12,55261.0,2022-07-03,Mumbai,1,Yes,No
EMP00418,Jagdish Mahal,Male,27,Finance,Manager,B.Tech,19,50116.0,2025-06-14,Mumbai,5,Yes,No
EMP00419,Rehaan Lal,Male,55,Finance,Manager,B.Tech,16,100139.0,2017-12-19,Chennai,4,No,No
EMP00420,Veer Venkatesh,Female,52,Marketing,Senior Analyst,BCA,18,41403.0,2019-12-23,Pune,5,No,No
EMP00421,Karan Edwin,Male,58,Sales,Analyst,M.Tech,6,30716.0,2024-04-11,Bangalore,4,Yes,No
EMP00422,Panini Dube,Female,59,Sales,Team Lead,MCA,13,77483.0,2026-04-06,Mumbai,4,No,Yes
EMP00423,Yasti Naidu,Male,48,Marketing,Manager,B.Tech,8,79604.0,2021-11-18,Pune,5,No,No
EMP00424,Upma Chada,Female,30,Sales,Analyst,B.Tech,9,75135.0,2019-01-08,Chennai,2,Yes,No
EMP00425,Manbir Dada,Male,32,HR,Manager,BCA,16,56251.0,2020-04-15,Bangalore,2,No,No
EMP00426,Oliver Sabharwal,Male,45,Marketing,Analyst,M.Tech,13,40776.0,2022-08-14,Bangalore,4,No,Yes
EMP00427,Gopal Kuruvilla,Male,33,Marketing,Manager,MBA,20,69144.0,2020-07-28,Bangalore,2,No,No
EMP00428,Utkarsh Nazareth,Male,32,HR,Analyst,MCA,1,69289.0,2024-07-26,Hyderabad,1,Yes,No
EMP00429,Indira Keer,Female,47,IT,Senior Analyst,M.Tech,8,102354.0,2018-06-20,Bangalore,1,Yes,No
EMP00430,Yashica Brahmbhatt,Female,44,Marketing,Team Lead,B.Tech,9,82588.0,2024-09-27,Mumbai,2,No,No
EMP00431,Benjamin Sehgal,Female,54,Finance,Analyst,M.Tech,18,45609.0,2022-01-25,Bangalore,5,No,No
EMP00432,Xavier Nagy,Female,50,Sales,Manager,M.Tech,3,97277.0,2025-09-16,Chennai,2,No,No
EMP00433,Oeshi Choudhry,Female,26,Finance,Manager,B.Tech,14,48584.0,2018-07-16,Hyderabad,3,No,No
EMP00434,Edhitha Iyer,Female,37,Sales,Team Lead,BCA,16,31274.0,2022-09-19,Chennai,3,Yes,No
EMP00435,Bakhshi Sathe,Male,58,Marketing,Team Lead,B.Tech,5,66231.0,2022-10-03,Hyderabad,4,Yes,No
EMP00436,Pallavi Savant,Male,37,HR,Team Lead,B.Tech,7,47393.0,2023-10-20,Bangalore,1,Yes,No
EMP00437,Amrita Ram,Male,52,Finance,Team Lead,M.Tech,19,45868.0,2023-01-14,Pune,4,No,No
EMP00438,Jyoti Lata,Male,58,Finance,Senior Analyst,BCA,5,111995.0,2023-05-25,Mumbai,4,No,No
EMP00439,Ridhi Guha,Male,51,Marketing,Analyst,M.Tech,1,67930.0,2025-06-10,Chennai,3,Yes,No
EMP00440,Watika Merchant,Female,45,IT,Team Lead,B.Tech,6,99732.0,2021-10-09,Mumbai,3,Yes,No
EMP00441,Lajita Bhasin,Female,49,Sales,Senior Analyst,MBA,15,74970.0,2024-11-15,Pune,3,No,No
EMP00442,Omaja Jain,Male,28,Sales,Team Lead,B.Tech,14,53578.0,2023-04-23,Mumbai,4,No,No
EMP00443,Ayaan Banik,Male,33,HR,Manager,MBA,4,78401.0,2017-03-07,Hyderabad,5,No,No
EMP00444,Siddharth Mander,Male,47,Finance,Analyst,B.Tech,9,77895.0,2020-03-21,Bangalore,2,No,No
EMP00445,Amaira Bains,Female,38,Finance,Team Lead,MCA,20,57622.0,2022-11-08,Mumbai,5,No,No
EMP00446,Abeer Kurian,Male,58,Sales,Senior Analyst,MCA,0,83970.0,2024-11-25,Pune,3,No,Yes
EMP00447,Gautam Naidu,Female,31,Finance,Senior Analyst,MCA,2,94947.0,2024-08-22,Chennai,5,No,No
EMP00448,Chaitanya Bir,Female,42,IT,Team Lead,MCA,2,71233.0,2018-12-29,Mumbai,4,No,No
EMP00449,Leela Narain,Female,32,Finance,Senior Analyst,BCA,11,113280.0,2019-04-30,Hyderabad,2,No,No
EMP00450,Yashawini Nori,Male,26,IT,Manager,M.Tech,6,71877.0,2020-02-07,Bangalore,1,No,No
EMP00451,Dalaja Lala,Male,27,Marketing,Manager,MCA,2,41811.0,2019-07-19,Hyderabad,2,No,No
EMP00452,Krishna Singh,Male,23,Finance,Analyst,MCA,20,61569.0,2017-09-24,Pune,4,No,No
EMP00453,Manthan Sridhar,Male,59,Marketing,Manager,M.Tech,8,70949.0,2017-04-22,Chennai,5,No,No
EMP00454,Frado Ganesh,Female,41,Sales,Team Lead,MBA,15,59770.0,2020-02-14,Pune,2,No,No
EMP00455,Aachal Ganesan,Male,44,IT,Team Lead,MBA,0,118592.0,2021-05-24,Mumbai,1,No,No
EMP00456,Vedhika Kata,Female,60,Finance,Senior Analyst,BCA,9,46197.0,2025-03-18,Mumbai,3,Yes,No
EMP00457,Harrison Padmanabhan,Male,46,Finance,Manager,B.Tech,17,102292.0,2019-07-28,Pune,1,No,No
EMP00458,Neelima Raj,Female,40,HR,Team Lead,MBA,16,70187.0,2020-06-01,Hyderabad,1,Yes,No
EMP00459,Wakeeta Memon,Female,39,HR,Manager,B.Tech,9,37232.0,2021-09-10,Pune,1,Yes,No
EMP00460,Timothy Kuruvilla,Male,40,IT,Team Lead,B.Tech,17,52900.0,2019-03-28,Chennai,1,Yes,No
EMP00461,Charan Bose,Female,48,IT,Team Lead,MBA,4,51930.0,2019-07-06,Pune,4,Yes,No
EMP00462,Amol Ramesh,Female,26,Sales,Manager,B.Tech,2,49148.0,2025-11-14,Hyderabad,3,No,Yes
EMP00463,Chanchal Cheema,Female,37,IT,Analyst,B.Tech,3,143674.0,2019-04-11,Chennai,1,Yes,No
EMP00464,Leena Sule,Male,24,Finance,Analyst,MCA,12,85908.0,2018-04-14,Chennai,3,Yes,No
EMP00465,Jagvi Bawa,Male,49,Sales,Team Lead,BCA,1,58545.0,2018-02-22,Hyderabad,3,Yes,No
EMP00466,Siddharth Majumdar,Female,60,Finance,Senior Analyst,MCA,7,46170.0,2024-04-14,Bangalore,2,Yes,No
EMP00467,Varsha Sandhu,Male,25,Finance,Team Lead,B.Tech,2,89357.0,2023-07-15,Mumbai,1,Yes,No
EMP00468,Gavin Bumb,Female,50,Finance,Senior Analyst,BCA,7,86515.0,2018-11-16,Chennai,3,Yes,No
EMP00469,Aarini Kala,Female,56,Sales,Manager,B.Tech,1,93609.0,2018-11-26,Mumbai,2,No,No
EMP00470,Umang Deshpande,Male,26,Sales,Senior Analyst,MBA,14,66087.0,2016-12-03,Pune,3,No,No
EMP00471,Azad Agarwal,Male,23,Finance,Team Lead,M.Tech,0,111316.0,2021-05-22,Hyderabad,3,Yes,No
EMP00472,Vasatika Bhavsar,Female,57,Marketing,Senior Analyst,M.Tech,12,47443.0,2019-04-04,Pune,3,No,No
EMP00473,Dhriti Bhatia,Male,24,Sales,Senior Analyst,B.Tech,3,42616.0,2023-09-06,Bangalore,2,Yes,No
EMP00474,Yashoda Pillay,Female,53,Finance,Team Lead,BCA,6,57943.0,2018-12-18,Pune,2,Yes,Yes
EMP00475,Manbir Bhat,Male,51,IT,Analyst,MCA,6,135950.0,2024-06-25,Mumbai,4,No,No
EMP00476,Bhavya Mitter,Male,41,IT,Analyst,B.Tech,19,84840.0,2017-04-20,Mumbai,1,Yes,No
EMP00477,Arjun Yadav,Male,58,HR,Senior Analyst,M.Tech,17,55253.0,2020-01-27,Mumbai,4,Yes,No
EMP00478,Neelima Hari,Female,28,Marketing,Senior Analyst,B.Tech,11,79203.0,2019-02-01,Mumbai,4,No,No
EMP00479,Yasti Bhatti,Female,42,HR,Team Lead,MCA,17,69316.0,2020-11-27,Chennai,4,No,No
EMP00480,Kamya Gole,Female,57,Marketing,Team Lead,MCA,7,71906.0,2024-01-12,Chennai,4,No,No
EMP00481,Balendra Kapur,Male,41,IT,Analyst,MCA,1,87287.0,2024-03-06,Hyderabad,2,No,No
EMP00482,Charvi Warrior,Male,28,IT,Analyst,MBA,8,122569.0,2025-04-25,Pune,2,Yes,No
EMP00483,George Nagarajan,Female,27,Sales,Manager,M.Tech,11,62749.0,2023-02-04,Hyderabad,1,No,No
EMP00484,Rachita Yadav,Male,60,Finance,Team Lead,BCA,5,108999.0,2017-11-08,Mumbai,4,Yes,No
EMP00485,Faris Trivedi,Female,48,IT,Analyst,B.Tech,10,95603.0,2025-06-18,Mumbai,1,No,No
EMP00486,Ganga Balasubramanian,Male,42,IT,Senior Analyst,B.Tech,9,118731.0,2026-03-04,Bangalore,4,No,Yes
EMP00487,Falguni Doctor,Female,40,Marketing,Manager,B.Tech,18,68077.0,2025-06-06,Hyderabad,3,Yes,Yes
EMP00488,Damyanti Lad,Female,27,Finance,Manager,M.Tech,18,51463.0,2024-01-25,Chennai,2,Yes,No
EMP00489,Damini Kanda,Male,57,Finance,Senior Analyst,B.Tech,17,70966.0,2024-02-11,Bangalore,3,No,No
EMP00490,Chaitanya Munshi,Female,49,Sales,Team Lead,MCA,18,41743.0,2019-01-16,Hyderabad,3,No,Yes
EMP00491,Oliver Dada,Male,44,Marketing,Manager,M.Tech,20,36586.0,2022-08-15,Hyderabad,4,Yes,No
EMP00492,Maanav Cheema,Male,29,HR,Analyst,B.Tech,6,74915.0,2022-09-29,Mumbai,2,No,No
EMP00493,Faraj Grewal,Female,50,IT,Manager,BCA,10,140937.0,2025-11-02,Pune,2,Yes,No
EMP00494,Fariq Chada,Female,31,HR,Analyst,MBA,17,64292.0,2017-06-03,Mumbai,5,Yes,No
EMP00495,Faras Lad,Female,25,Sales,Manager,BCA,5,37878.0,2017-11-08,Bangalore,4,No,No
EMP00496,Sai Acharya,Female,36,Sales,Manager,M.Tech,3,32500.0,2022-02-01,Bangalore,3,No,No
EMP00497,Hitesh Wali,Female,57,Marketing,Analyst,BCA,17,40768.0,2024-10-18,Hyderabad,5,No,No
EMP00498,Avni Golla,Male,44,Sales,Team Lead,MCA,15,81563.0,2024-04-21,Pune,2,No,No
EMP00499,Saanvi Edwin,Male,57,IT,Team Lead,B.Tech,20,83774.0,2017-06-03,Hyderabad,3,No,No
EMP00500,Naveen Pant,Male,48,HR,Senior Analyst,M.Tech,2,77834.0,2018-01-28,Hyderabad,4,No,No
EMP00501,Unknown,Male,30,Marketing,Senior Analyst,B.Tech,10,64436.0,2017-03-25,Pune,5,Yes,No
EMP00502,Yash Srinivas,Female,26,Finance,Analyst,B.Tech,4,119035.0,2019-03-07,Pune,2,Yes,No
EMP00503,Wahab Pathak,Female,31,Sales,Senior Analyst,BCA,13,83903.0,2024-08-11,Hyderabad,2,Yes,No
EMP00504,Jalsa Dugar,Male,60,Marketing,Senior Analyst,B.Tech,19,52489.0,2023-06-11,Bangalore,3,Yes,No
EMP00505,Krishna Jhaveri,Female,45,Finance,Senior Analyst,MBA,4,110840.0,2018-11-14,Chennai,4,Yes,No
EMP00506,Zilmil Munshi,Male,39,HR,Manager,B.Tech,6,44829.0,2018-08-29,Hyderabad,2,Yes,Yes
EMP00507,Chakradhar Desai,Female,51,HR,Senior Analyst,MBA,14,70439.0,2019-05-04,Chennai,1,No,No
EMP00508,Hamsini Manda,Male,55,Sales,Analyst,MBA,12,98843.0,2019-12-07,Chennai,1,Yes,No
EMP00509,Onveer Shanker,Male,57,Marketing,Manager,M.Tech,17,60926.0,2026-08-04,Bangalore,2,No,No
EMP00510,Netra Borah,Female,51,Finance,Senior Analyst,MBA,12,84918.0,2021-12-27,Pune,5,Yes,No
EMP00511,Neel Bedi,Female,27,Marketing,Analyst,B.Tech,4,65381.0,2018-02-28,Mumbai,5,Yes,No
EMP00512,Max Talwar,Male,51,Finance,Senior Analyst,MBA,13,87396.0,2020-03-19,Bangalore,3,No,No
EMP00513,Vyanjana Ramesh,Female,45,HR,Analyst,M.Tech,3,35976.0,2016-08-29,Chennai,5,Yes,No
EMP00514,Neel Magar,Male,43,Finance,Senior Analyst,B.Tech,17,94886.0,2019-02-19,Hyderabad,2,Yes,Yes
EMP00515,Omya Tak,Female,40,Finance,Senior Analyst,BCA,9,85569.0,2017-04-06,Hyderabad,2,Yes,No
EMP00516,Kritika Nadig,Female,56,Marketing,Analyst,M.Tech,8,35800.0,2021-08-19,Chennai,2,Yes,No
EMP00517,Wriddhish Doctor,Male,60,Marketing,Analyst,B.Tech,15,64736.0,2023-05-10,Mumbai,3,Yes,No
EMP00518,Gayathri Mander,Female,24,IT,Senior Analyst,BCA,5,69432.0,2025-08-13,Mumbai,5,No,Yes
EMP00519,Bhavya Chauhan,Male,32,Sales,Team Lead,M.Tech,2,36426.0,2024-07-26,Mumbai,5,Yes,Yes
EMP00520,Yug Toor,Male,41,Finance,Team Lead,MCA,18,92210.0,2021-07-27,Chennai,1,No,No
EMP00521,Arin Yohannan,Male,39,Marketing,Team Lead,M.Tech,2,54191.0,2019-05-30,Chennai,5,Yes,No
EMP00522,Zashil Chada,Male,52,HR,Team Lead,MBA,19,33813.0,2018-03-22,Mumbai,3,No,No
EMP00523,Gabriel Shenoy,Male,58,Marketing,Manager,M.Tech,18,75844.0,2017-01-15,Chennai,4,Yes,No
EMP00524,Upkaar Lanka,Male,22,Marketing,Analyst,BCA,7,81437.0,2019-03-11,Chennai,1,Yes,No
EMP00525,Nicholas Ray,Female,57,Marketing,Senior Analyst,BCA,13,62134.0,2017-10-07,Hyderabad,3,No,Yes
EMP00526,Wyatt Mahajan,Female,22,IT,Analyst,MCA,9,89358.0,2026-07-14,Pune,4,Yes,No
EMP00527,Sanya Pandya,Female,52,HR,Analyst,B.Tech,6,51660.0,2017-04-22,Chennai,2,No,No
EMP00528,Fitan Bala,Female,25,Marketing,Team Lead,M.Tech,10,65308.0,2017-03-07,Pune,5,Yes,No
EMP00529,Anay Uppal,Female,26,HR,Senior Analyst,MCA,18,74924.0,2024-10-13,Bangalore,3,No,No
EMP00530,Xavier Parmar,Male,60,Marketing,Analyst,MCA,5,72419.0,2025-10-16,Pune,1,No,No
EMP00531,Laban Jha,Female,50,Finance,Team Lead,B.Tech,2,110149.0,2025-03-23,Mumbai,3,Yes,No
EMP00532,Chakradhar Iyengar,Male,50,IT,Analyst,MBA,11,54901.0,2024-10-11,Mumbai,2,Yes,No
EMP00533,Robert Kumer,Female,31,Sales,Analyst,M.Tech,15,98632.0,2019-06-06,Hyderabad,2,Yes,No
EMP00534,Champak Char,Female,24,Finance,Analyst,MCA,12,113464.0,2024-12-07,Chennai,1,Yes,No
EMP00535,Ekansh Kibe,Female,35,Marketing,Team Lead,B.Tech,9,36473.0,2022-06-01,Hyderabad,3,No,No
EMP00536,Bina Bath,Male,39,Marketing,Senior Analyst,B.Tech,10,85645.0,2024-11-30,Pune,1,Yes,No
EMP00537,Ayaan Chana,Female,57,Marketing,Team Lead,MCA,17,68689.0,2021-07-23,Hyderabad,3,Yes,No
EMP00538,Zayyan Singhal,Female,56,HR,Manager,BCA,2,50406.0,2023-09-01,Hyderabad,1,No,No
EMP00539,Pooja Prasad,Female,47,IT,Senior Analyst,M.Tech,3,100279.0,2017-04-06,Mumbai,4,No,Yes
EMP00540,Yochana Kar,Male,51,Sales,Senior Analyst,BCA,10,55971.0,2019-08-23,Chennai,1,No,No
EMP00541,Balhaar Bhatti,Male,31,Sales,Team Lead,MCA,20,91000.0,2025-09-12,Chennai,2,No,No
EMP00542,Ryan Samra,Female,29,Sales,Team Lead,MBA,14,93898.0,2020-12-26,Chennai,2,No,Yes
EMP00543,Sarthak Aurora,Female,28,Sales,Team Lead,M.Tech,19,46697.0,2024-07-12,Bangalore,3,No,No
EMP00544,Bhavya Mitra,Male,57,Finance,Senior Analyst,MBA,18,99190.0,2023-05-31,Chennai,1,No,No
EMP00545,Madhavi Oza,Female,58,HR,Team Lead,M.Tech,18,58255.0,2017-06-13,Hyderabad,2,Yes,No
EMP00546,Osha Gaba,Female,42,Marketing,Analyst,MBA,15,42492.0,2025-12-13,Hyderabad,3,No,No
EMP00547,Lila Rau,Female,42,IT,Manager,BCA,19,64253.0,2024-07-19,Bangalore,2,Yes,No
EMP00548,Reyansh Kar,Male,31,Marketing,Manager,M.Tech,20,88073.0,2019-02-16,Pune,4,No,Yes
EMP00549,Eesha Tandon,Female,58,HR,Team Lead,MBA,6,74663.0,2024-08-31,Pune,1,Yes,No
EMP00550,Fitan Barad,Female,25,Marketing,Team Lead,M.Tech,16,61489.0,2020-05-20,Bangalore,1,No,No
EMP00551,Samesh Krishnamurthy,Female,42,IT,Manager,MBA,9,54087.0,2018-10-10,Chennai,4,Yes,No
EMP00552,Pratyush Raval,Female,45,HR,Manager,B.Tech,15,39114.0,2021-01-24,Pune,2,Yes,No
EMP00553,Hemang Oak,Female,49,IT,Senior Analyst,BCA,2,134985.0,2021-05-25,Hyderabad,4,No,Yes
EMP00554,Falguni Bhatt,Female,57,Marketing,Manager,MBA,13,75845.0,2022-07-19,Pune,2,Yes,No
EMP00555,Suhani Varghese,Male,54,Finance,Team Lead,MBA,19,45973.0,2019-05-31,Mumbai,5,No,No
EMP00556,Chasmum Ganguly,Female,29,IT,Manager,BCA,1,124468.0,2019-12-04,Hyderabad,5,No,No
EMP00557,Tara Johal,Male,37,Finance,Manager,BCA,16,55254.0,2023-01-29,Mumbai,5,No,No
EMP00558,Mohini Babu,Male,52,Marketing,Manager,M.Tech,1,57514.0,2017-07-20,Chennai,5,No,No
EMP00559,Jeevika Bhavsar,Male,60,Finance,Team Lead,M.Tech,11,83616.0,2022-05-04,Pune,1,No,No
EMP00560,Diya Reddy,Female,23,Marketing,Team Lead,MBA,5,72542.0,2020-02-02,Bangalore,2,Yes,Yes
EMP00561,Zansi Dey,Female,38,Sales,Analyst,BCA,8,47372.0,2017-06-11,Mumbai,2,Yes,No
EMP00562,Isaac Grewal,Male,53,Finance,Senior Analyst,M.Tech,11,67989.0,2020-01-03,Bangalore,3,Yes,No
EMP00563,Onveer Kala,Female,46,HR,Senior Analyst,MBA,19,40102.0,2021-05-08,Hyderabad,2,No,No
EMP00564,Dhriti Tara,Male,25,IT,Senior Analyst,MBA,20,84654.0,2017-11-06,Chennai,4,No,No
EMP00565,Upadhriti Mukhopadhyay,Female,52,Finance,Team Lead,B.Tech,17,75626.0,2018-04-10,Mumbai,4,Yes,No
EMP00566,Gaurav Yadav,Male,28,Sales,Team Lead,MBA,14,80070.0,2019-09-30,Mumbai,3,No,No
EMP00567,Vincent Chaudhry,Female,51,Sales,Senior Analyst,M.Tech,8,42881.0,2025-07-06,Hyderabad,5,No,No
EMP00568,Abeer Ganesan,Male,26,HR,Analyst,MBA,10,65888.0,2025-04-03,Bangalore,5,Yes,Yes
EMP00569,Pushti Hari,Female,34,Finance,Analyst,BCA,11,73759.0,2022-08-22,Mumbai,1,Yes,No
EMP00570,Vansha Borah,Male,27,Marketing,Senior Analyst,MBA,6,74281.0,2024-11-29,Mumbai,2,Yes,No
EMP00571,Meera Deol,Male,51,HR,Team Lead,MBA,8,49304.0,2021-08-24,Pune,3,Yes,No
EMP00572,Warjas Dewan,Female,25,IT,Team Lead,MCA,8,58177.0,2020-06-02,Hyderabad,4,Yes,No
EMP00573,Aahana Seshadri,Female,28,Finance,Senior Analyst,M.Tech,6,96463.0,2019-03-12,Chennai,2,Yes,No
EMP00574,Sanaya Korpal,Male,58,Finance,Team Lead,MBA,8,58538.0,2024-11-10,Bangalore,4,Yes,Yes
EMP00575,Jackson Randhawa,Male,43,IT,Manager,M.Tech,1,137111.0,2026-03-19,Bangalore,5,No,No
EMP00576,Lila Master,Male,56,Finance,Senior Analyst,BCA,13,97941.0,2023-10-14,Chennai,4,Yes,No
EMP00577,Vinaya Natt,Female,47,Marketing,Analyst,BCA,17,58522.0,2026-05-20,Pune,5,No,No
EMP00578,Warda Aggarwal,Male,33,IT,Analyst,MBA,14,149674.0,2018-12-13,Hyderabad,3,No,No
EMP00579,Veda Comar,Male,50,IT,Senior Analyst,B.Tech,20,140287.0,2018-06-25,Bangalore,2,Yes,No
EMP00580,Rohan Mitter,Female,53,Marketing,Manager,BCA,7,67062.0,2023-02-14,Bangalore,3,Yes,No
EMP00581,Yuvraj Mohanty,Female,56,Sales,Senior Analyst,M.Tech,1,83150.0,2025-08-29,Hyderabad,1,Yes,Yes
EMP00582,Frederick Yohannan,Male,37,HR,Senior Analyst,BCA,15,72849.0,2021-12-04,Hyderabad,1,No,Yes
EMP00583,Patrick Uppal,Male,28,IT,Analyst,MBA,14,130114.0,2016-08-29,Mumbai,5,Yes,No
EMP00584,Udarsh Barad,Female,42,IT,Analyst,M.Tech,6,105864.0,2020-03-10,Mumbai,2,No,No
EMP00585,Upasna Balakrishnan,Male,29,HR,Team Lead,B.Tech,1,68868.0,2021-06-02,Chennai,2,No,No
EMP00586,Ikbal Som,Male,30,Marketing,Analyst,M.Tech,5,63748.0,2021-04-10,Chennai,2,Yes,No
EMP00587,Omkaar Arora,Male,59,Finance,Team Lead,MBA,2,45832.0,2023-12-13,Chennai,2,Yes,Yes
EMP00588,Jackson Gaba,Female,37,HR,Senior Analyst,M.Tech,20,47756.0,2022-07-18,Bangalore,5,Yes,No
EMP00589,Sanaya Kar,Female,44,Finance,Manager,BCA,19,56537.0,2025-06-14,Mumbai,2,Yes,No
EMP00590,Jasmit Om,Male,51,IT,Senior Analyst,MCA,16,62541.0,2018-06-18,Bangalore,2,Yes,No
EMP00591,Tristan Narayan,Male,25,HR,Team Lead,MCA,15,62605.0,2017-02-11,Hyderabad,4,No,No
EMP00592,Karan Reddy,Male,56,Sales,Senior Analyst,B.Tech,19,89394.0,2022-12-18,Bangalore,4,Yes,Yes
EMP00593,Jack Dhingra,Female,48,IT,Senior Analyst,MCA,7,144555.0,2019-11-30,Hyderabad,1,No,No
EMP00594,Bhavini Shan,Male,46,HR,Senior Analyst,BCA,3,45539.0,2021-07-01,Chennai,5,No,No
EMP00595,Advay Thaker,Female,33,IT,Manager,MCA,13,68997.0,2021-09-01,Hyderabad,4,Yes,No
EMP00596,Tanvi Sani,Male,58,Sales,Analyst,MCA,8,56504.0,2020-02-21,Hyderabad,1,No,No
EMP00597,Vrinda Saran,Male,40,Finance,Senior Analyst,M.Tech,13,67439.0,2018-04-22,Hyderabad,5,Yes,No
EMP00598,Jalsa Pandit,Male,59,IT,Manager,MBA,13,118389.0,2022-04-05,Pune,1,No,No
EMP00599,Tristan Tella,Male,59,HR,Senior Analyst,M.Tech,7,51449.0,2020-09-04,Bangalore,4,Yes,No
EMP00600,Laban Khosla,Male,49,IT,Manager,MBA,15,146138.0,2024-07-28,Bangalore,4,No,No
EMP00601,Samarth Badami,Female,35,HR,Senior Analyst,MCA,2,66601.0,2020-05-27,Pune,2,Yes,No
EMP00602,Dipta Muni,Female,58,IT,Analyst,MBA,15,137691.0,2022-01-19,Chennai,2,No,No
EMP00603,Omaja Sunder,Male,26,HR,Manager,MCA,11,71078.0,2022-12-12,Mumbai,1,No,No
EMP00604,Bachittar Khare,Male,27,Finance,Team Lead,BCA,8,116098.0,2016-11-26,Mumbai,3,Yes,No
EMP00605,Brijesh Kuruvilla,Male,45,IT,Team Lead,B.Tech,12,97918.0,2024-08-28,Mumbai,1,Yes,No
EMP00606,Brinda Bose,Female,59,HR,Senior Analyst,B.Tech,10,45639.0,2024-06-28,Pune,3,No,No
EMP00607,Shravya Reddy,Female,44,Marketing,Manager,MBA,13,53162.0,2023-11-03,Mumbai,5,Yes,Yes
EMP00608,Henry Sant,Female,45,Finance,Analyst,B.Tech,17,114842.0,2020-05-02,Chennai,1,Yes,No
EMP00609,Samesh Dhawan,Male,28,Finance,Senior Analyst,MCA,5,82797.0,2025-11-12,Bangalore,2,No,No
EMP00610,Meghana Palla,Male,40,HR,Manager,M.Tech,6,64123.0,2018-03-01,Hyderabad,4,No,No
EMP00611,Guneet Mall,Male,23,Finance,Senior Analyst,M.Tech,14,47815.0,2026-05-27,Pune,4,No,No
EMP00612,Rehaan Mann,Female,51,Sales,Team Lead,M.Tech,15,99489.0,2025-07-30,Hyderabad,3,Yes,No
EMP00613,Ekta Datta,Female,25,Sales,Senior Analyst,MCA,7,93470.0,2020-07-10,Pune,4,Yes,No
EMP00614,Anita Kadakia,Male,33,Marketing,Senior Analyst,B.Tech,5,81649.0,2022-10-12,Hyderabad,1,Yes,No
EMP00615,Zaitra Kota,Female,33,Sales,Senior Analyst,M.Tech,18,46577.0,2018-11-01,Bangalore,3,No,No
EMP00616,Yamini Ganesh,Male,56,HR,Team Lead,BCA,11,59388.0,2023-10-25,Bangalore,4,No,No
EMP00617,Lucky Kumer,Female,40,HR,Manager,MCA,14,50985.0,2024-06-12,Mumbai,2,No,No
EMP00618,Tanmayi Kashyap,Male,57,Sales,Analyst,MCA,3,92781.0,2025-09-26,Bangalore,4,Yes,No
EMP00619,Ryan Pandit,Male,59,Finance,Senior Analyst,MCA,11,57121.0,2018-10-06,Hyderabad,1,Yes,No
EMP00620,Daniel Barad,Male,54,Marketing,Manager,B.Tech,14,79372.0,2021-01-07,Chennai,3,Yes,No
EMP00621,Wriddhish Malhotra,Female,45,Sales,Manager,MCA,12,49391.0,2018-02-09,Bangalore,3,No,No
EMP00622,Saanvi Sood,Male,35,Sales,Manager,MBA,9,88402.0,2025-08-19,Chennai,3,Yes,No
EMP00623,Shaurya Dhar,Male,31,Finance,Senior Analyst,MCA,13,63293.0,2018-01-14,Chennai,5,No,No
EMP00624,Hiral Batra,Male,48,IT,Team Lead,MBA,18,149105.0,2018-03-22,Hyderabad,5,No,No
EMP00625,Benjamin Chopra,Female,40,Marketing,Manager,BCA,4,48058.0,2018-04-17,Pune,5,No,No
EMP00626,Krishna Chopra,Male,31,Finance,Team Lead,MCA,17,105745.0,2022-03-24,Chennai,1,No,No
EMP00627,Gaurang Natarajan,Male,23,Finance,Analyst,MCA,5,109472.0,2018-06-13,Chennai,1,No,No
EMP00628,Ekavir Bir,Female,52,Marketing,Analyst,MCA,15,72065.0,2022-10-01,Mumbai,5,Yes,No
EMP00629,Ekiya Chaudry,Female,30,Sales,Team Lead,B.Tech,5,37669.0,2018-01-17,Bangalore,3,No,Yes
EMP00630,Siddharth Gara,Female,55,Finance,Analyst,M.Tech,20,91659.0,2021-10-14,Hyderabad,2,Yes,Yes
EMP00631,Vasana Kumar,Female,41,Marketing,Team Lead,MCA,5,70632.0,2025-12-17,Bangalore,5,No,No
EMP00632,Joshua Ganesh,Female,53,HR,Manager,MCA,0,38975.0,2022-05-21,Hyderabad,1,Yes,No
EMP00633,Daniel Seth,Male,48,HR,Manager,BCA,16,44490.0,2016-11-27,Bangalore,2,Yes,No
EMP00634,Ethan Divan,Male,50,Finance,Team Lead,B.Tech,11,85838.0,2023-03-18,Pune,1,Yes,No
EMP00635,Ayush Basak,Male,41,HR,Senior Analyst,B.Tech,4,75497.0,2024-03-22,Hyderabad,1,No,No
EMP00636,Urishilla Modi,Female,24,IT,Senior Analyst,BCA,2,52464.0,2022-01-30,Bangalore,5,Yes,No
EMP00637,Forum Iyer,Female,22,Finance,Analyst,BCA,3,78162.0,2018-12-25,Mumbai,2,Yes,Yes
EMP00638,Lakshit Sandal,Female,59,HR,Team Lead,MCA,11,31917.0,2019-02-14,Hyderabad,5,Yes,Yes
EMP00639,Ishani Bansal,Male,55,Marketing,Senior Analyst,B.Tech,18,39478.0,2019-11-20,Pune,2,Yes,Yes
EMP00640,Oviya Chauhan,Female,45,IT,Senior Analyst,MBA,6,116085.0,2025-01-25,Bangalore,2,No,No
EMP00641,Inaya Yogi,Female,29,Finance,Team Lead,BCA,13,73085.0,2018-03-18,Chennai,1,Yes,No
EMP00642,Faras Pandya,Male,27,Finance,Team Lead,MBA,11,82784.0,2024-03-21,Bangalore,4,No,No
EMP00643,Faras Shere,Female,36,Finance,Manager,MCA,19,85895.0,2020-08-03,Chennai,2,Yes,No
EMP00644,David Sinha,Female,28,Finance,Manager,MBA,11,68500.0,2017-12-08,Mumbai,1,Yes,Yes
EMP00645,Yatin Nanda,Male,32,HR,Analyst,MCA,12,56255.0,2022-09-18,Hyderabad,3,Yes,No
EMP00646,Chanakya Dora,Female,53,Marketing,Team Lead,M.Tech,12,43045.0,2021-07-10,Mumbai,3,No,No
EMP00647,Divya Lala,Female,31,Sales,Manager,BCA,15,83011.0,2019-04-24,Bangalore,3,No,No
EMP00648,Gaurangi Oommen,Male,26,Finance,Manager,BCA,7,62643.0,2026-05-18,Hyderabad,4,No,Yes
EMP00649,Ojas Mand,Male,55,HR,Manager,MBA,9,70761.0,2017-11-21,Hyderabad,3,No,No
EMP00650,Upadhriti Mahajan,Male,24,Finance,Manager,BCA,16,79296.0,2022-04-17,Chennai,4,No,No
EMP00651,Aahana Sur,Male,57,Finance,Team Lead,B.Tech,14,105248.0,2025-09-13,Chennai,4,Yes,Yes
EMP00652,Eesha Sibal,Female,57,Sales,Manager,MBA,12,93891.0,2018-05-19,Mumbai,2,Yes,No
EMP00653,Pratyush Jani,Female,44,Finance,Team Lead,MCA,8,109840.0,2020-07-03,Bangalore,1,Yes,No
EMP00654,Vrinda Mitter,Male,43,HR,Manager,BCA,11,52863.0,2017-08-22,Chennai,3,No,No
EMP00655,Vincent Dara,Male,37,Finance,Team Lead,M.Tech,11,52398.0,2023-07-27,Bangalore,1,No,No
EMP00656,Lavanya Mistry,Female,24,IT,Manager,MBA,10,72253.0,2024-02-15,Mumbai,5,No,Yes
EMP00657,Yoshita Nagarajan,Female,46,Sales,Manager,MCA,0,91564.0,2024-04-06,Mumbai,1,No,No
EMP00658,Edhitha Sem,Female,32,IT,Team Lead,MCA,6,94035.0,2022-11-19,Chennai,2,No,No
EMP00659,Nitesh Virk,Male,41,IT,Manager,B.Tech,17,78059.0,2022-11-30,Mumbai,1,Yes,No
EMP00660,Udyati Gade,Female,49,Marketing,Senior Analyst,MCA,10,52915.0,2023-02-10,Bangalore,3,No,Yes
EMP00661,Urvashi Kaul,Female,38,Finance,Manager,M.Tech,17,86071.0,2021-04-15,Hyderabad,1,Yes,No
EMP00662,Darpan Handa,Female,39,Marketing,Manager,M.Tech,15,48956.0,2016-11-11,Bangalore,5,Yes,No
EMP00663,Bhanumati Devan,Female,49,Sales,Manager,MCA,14,49365.0,2017-06-13,Bangalore,2,No,No
EMP00664,Adweta Chauhan,Male,47,Sales,Senior Analyst,BCA,9,51048.0,2020-10-16,Hyderabad,2,Yes,No
EMP00665,Jalsa Rau,Female,49,HR,Analyst,B.Tech,9,60419.0,2017-05-19,Hyderabad,3,Yes,No
EMP00666,Harinakshi Kala,Male,24,IT,Manager,BCA,8,86408.0,2024-03-28,Bangalore,1,No,No
EMP00667,Odika Lanka,Female,45,Marketing,Analyst,MBA,9,39166.0,2023-03-08,Hyderabad,2,Yes,No
EMP00668,Hardik Roy,Female,53,Marketing,Analyst,B.Tech,16,42906.0,2020-01-11,Mumbai,1,No,No
EMP00669,Guneet Dar,Male,49,Sales,Senior Analyst,B.Tech,18,81111.0,2017-04-16,Bangalore,2,Yes,No
EMP00670,Diya Sani,Male,53,Sales,Team Lead,BCA,14,83526.0,2018-06-15,Pune,5,No,No
EMP00671,Januja Barman,Male,45,Finance,Manager,MCA,7,81403.0,2019-03-04,Pune,1,Yes,No
EMP00672,Timothy Doctor,Female,45,IT,Analyst,M.Tech,7,83158.0,2022-03-06,Hyderabad,4,No,No
EMP00673,Nikita Banik,Male,41,IT,Senior Analyst,B.Tech,12,83493.0,2018-04-01,Chennai,3,No,No
EMP00674,Eta Muni,Female,52,IT,Manager,MCA,8,60498.0,2016-12-30,Chennai,1,Yes,No
EMP00675,Falak Hegde,Female,51,Sales,Analyst,BCA,16,38698.0,2023-09-17,Hyderabad,4,Yes,No
EMP00676,Charles Sekhon,Female,58,IT,Analyst,BCA,12,76224.0,2025-09-25,Hyderabad,2,Yes,No
EMP00677,Meghana Raju,Female,52,Marketing,Senior Analyst,MCA,13,86946.0,2020-02-16,Hyderabad,5,No,No
EMP00678,Amara Kalla,Male,47,Sales,Manager,M.Tech,6,41062.0,2022-07-25,Hyderabad,1,Yes,No
EMP00679,Oliver Gandhi,Male,51,Marketing,Senior Analyst,MCA,20,75108.0,2020-02-22,Hyderabad,1,No,No
EMP00680,Ishaan Iyengar,Male,45,Marketing,Senior Analyst,M.Tech,13,74347.0,2020-06-04,Bangalore,1,No,No
EMP00681,Raagini Bajwa,Male,34,Finance,Team Lead,MCA,15,60533.0,2017-09-19,Chennai,4,Yes,No
EMP00682,Devansh Panchal,Female,34,Finance,Manager,B.Tech,6,73254.0,2019-08-03,Chennai,2,Yes,No
EMP00683,Chandran Doctor,Male,45,Sales,Manager,BCA,8,60865.0,2018-11-19,Bangalore,4,Yes,No
EMP00684,Yatin Narain,Female,60,Sales,Team Lead,BCA,12,57815.0,2019-07-18,Bangalore,5,Yes,No
EMP00685,Radha Arya,Female,60,IT,Analyst,BCA,10,80781.0,2018-11-04,Pune,5,No,No
EMP00686,Jasmit Mital,Male,59,Sales,Senior Analyst,MCA,12,78614.0,2024-10-31,Hyderabad,5,No,Yes
EMP00687,Rohan Comar,Female,31,Sales,Team Lead,BCA,14,47290.0,2017-04-06,Pune,1,Yes,Yes
EMP00688,Nisha Sunder,Female,38,Finance,Team Lead,M.Tech,8,92263.0,2021-01-26,Pune,4,Yes,No
EMP00689,Gautami Roy,Female,25,Sales,Senior Analyst,B.Tech,15,49826.0,2019-02-15,Bangalore,2,Yes,No
EMP00690,Dalbir Dutt,Female,49,IT,Analyst,MBA,15,84108.0,2023-06-24,Bangalore,4,No,No
EMP00691,Jagvi Kuruvilla,Male,29,Marketing,Team Lead,BCA,15,64999.0,2018-08-26,Hyderabad,3,Yes,No
EMP00692,Yasti Saran,Male,59,HR,Analyst,M.Tech,16,47877.0,2023-06-23,Mumbai,2,No,No
EMP00693,Amruta Choudhury,Female,23,IT,Team Lead,BCA,7,115288.0,2024-02-06,Chennai,3,Yes,No
EMP00694,Libni Golla,Female,51,Sales,Team Lead,M.Tech,4,33784.0,2025-05-31,Bangalore,3,Yes,Yes
EMP00695,Samar Bajwa,Male,35,Marketing,Analyst,MCA,14,56293.0,2017-02-20,Pune,1,Yes,No
EMP00696,Atharv Mital,Female,33,Marketing,Senior Analyst,MBA,19,59994.0,2026-04-01,Bangalore,1,Yes,Yes
EMP00697,Adweta Grewal,Male,29,HR,Team Lead,MBA,12,56371.0,2024-12-21,Chennai,3,Yes,No
EMP00698,Ridhi Karnik,Female,50,Sales,Manager,MBA,3,78163.0,2017-07-20,Pune,5,No,No
EMP00699,Anusha Mahajan,Female,49,IT,Analyst,BCA,13,98265.0,2025-03-15,Mumbai,3,No,No
EMP00700,Janya Mistry,Female,55,HR,Analyst,MCA,20,74973.0,2017-09-30,Chennai,4,Yes,No
EMP00701,Vinaya Bhandari,Female,37,Finance,Manager,MCA,9,64478.0,2025-05-01,Mumbai,1,Yes,No
EMP00702,Faras Khurana,Female,28,IT,Manager,M.Tech,16,64107.0,2023-08-16,Pune,3,No,No
EMP00703,Jeet Bora,Male,51,Marketing,Senior Analyst,B.Tech,2,85374.0,2017-10-12,Chennai,1,Yes,No
EMP00704,Michael Bobal,Female,50,Finance,Team Lead,MCA,9,86149.0,2022-11-24,Hyderabad,2,Yes,No
EMP00705,Nidhi Sachar,Male,49,IT,Analyst,BCA,19,83989.0,2019-04-16,Chennai,1,Yes,No
EMP00706,Reva Halder,Female,60,HR,Manager,MCA,20,61268.0,2017-04-14,Mumbai,5,No,No
EMP00707,Vidhi Lalla,Male,34,Finance,Analyst,BCA,9,56486.0,2020-05-20,Hyderabad,1,Yes,No
EMP00708,Zilmil Pandit,Female,56,Finance,Senior Analyst,BCA,20,64025.0,2023-03-26,Pune,4,Yes,No
EMP00709,Ekanta Bhattacharyya,Male,50,Finance,Manager,MBA,13,47859.0,2023-06-27,Bangalore,4,Yes,No
EMP00710,Sanya Misra,Female,25,HR,Team Lead,BCA,9,67318.0,2017-12-01,Bangalore,4,No,No
EMP00711,Yatan Gola,Male,53,Finance,Manager,MBA,18,117653.0,2026-07-13,Mumbai,5,No,No
EMP00712,Ubika Sethi,Female,57,HR,Analyst,MCA,1,64623.0,2021-03-25,Chennai,4,Yes,Yes
EMP00713,Maya Bava,Female,23,Finance,Senior Analyst,MCA,19,90451.0,2022-12-09,Hyderabad,4,No,No
EMP00714,Yasti Bhat,Female,60,Finance,Manager,B.Tech,7,111536.0,2026-02-08,Pune,4,No,No
EMP00715,Arya Narasimhan,Female,27,Sales,Manager,B.Tech,15,51237.0,2017-04-07,Hyderabad,2,Yes,No
EMP00716,Bhavini Dhar,Female,41,Marketing,Senior Analyst,B.Tech,15,41612.0,2022-09-05,Mumbai,1,Yes,No
EMP00717,Onkar Mitter,Male,54,Sales,Analyst,BCA,8,76798.0,2019-04-28,Pune,4,Yes,No
EMP00718,Rachit Vasa,Female,38,Marketing,Team Lead,MCA,7,42909.0,2017-05-15,Bangalore,5,No,No
EMP00719,Thomas Khare,Male,50,HR,Manager,BCA,16,69602.0,2017-06-26,Bangalore,5,Yes,No
EMP00720,Lipika Sidhu,Male,35,Marketing,Team Lead,B.Tech,1,68246.0,2024-01-31,Pune,4,No,No
EMP00721,Mahika Rege,Male,29,IT,Senior Analyst,MBA,4,134815.0,2024-01-08,Chennai,1,Yes,No
EMP00722,Udarsh Krish,Male,39,Finance,Team Lead,MBA,10,82585.0,2021-03-02,Pune,2,Yes,No
EMP00723,Parth Bakshi,Female,48,Marketing,Manager,MBA,13,86590.0,2018-02-24,Mumbai,3,Yes,No
EMP00724,Gopal Oak,Male,27,Finance,Team Lead,MCA,4,46303.0,2020-01-19,Chennai,2,No,No
EMP00725,Aahana Shenoy,Male,58,IT,Analyst,M.Tech,12,149508.0,2025-04-23,Pune,4,No,Yes
EMP00726,Jonathan Kakar,Female,22,Marketing,Team Lead,M.Tech,9,82287.0,2024-03-17,Mumbai,2,No,No
EMP00727,Joshua Khurana,Female,44,Finance,Manager,B.Tech,20,71887.0,2018-08-12,Pune,1,Yes,No
EMP00728,Lila Lad,Male,55,Marketing,Team Lead,B.Tech,10,60558.0,2020-05-11,Bangalore,5,No,No
EMP00729,Warda Saraf,Male,23,Marketing,Team Lead,B.Tech,10,84613.0,2021-11-22,Pune,4,Yes,No
EMP00730,Brijesh Buch,Female,29,IT,Analyst,BCA,11,84046.0,2026-02-22,Chennai,3,Yes,No
EMP00731,Dalbir Chada,Male,44,Finance,Team Lead,MCA,10,75945.0,2023-01-05,Mumbai,2,No,No
EMP00732,Balveer Ratta,Male,45,Marketing,Manager,BCA,7,41896.0,2025-06-27,Hyderabad,4,No,No
EMP00733,Devika Murty,Male,52,IT,Senior Analyst,MBA,2,58151.0,2019-07-08,Bangalore,3,No,No
EMP00734,Yahvi Choudhry,Female,59,Marketing,Manager,MBA,17,69009.0,2018-06-14,Chennai,4,No,No
EMP00735,Brijesh Choudhary,Female,30,HR,Analyst,B.Tech,4,63147.0,2019-12-18,Chennai,4,Yes,No
EMP00736,Vansha Deshpande,Male,60,HR,Manager,BCA,17,54204.0,2017-12-20,Bangalore,3,No,No
EMP00737,Daksha Lal,Female,45,IT,Team Lead,MCA,16,70093.0,2025-05-11,Chennai,1,Yes,No
EMP00738,Warinder Patla,Female,40,HR,Senior Analyst,B.Tech,18,57640.0,2019-11-09,Chennai,1,Yes,Yes
EMP00739,Vasana Badami,Female,52,Marketing,Team Lead,M.Tech,11,39427.0,2021-10-06,Chennai,3,No,No
EMP00740,Falak Bhasin,Female,50,Finance,Manager,B.Tech,19,62407.0,2025-07-08,Pune,1,No,No
EMP00741,Gautami Tak,Male,50,Finance,Team Lead,BCA,7,96825.0,2025-09-08,Hyderabad,1,No,No
EMP00742,Dalaja Yohannan,Male,34,Marketing,Analyst,M.Tech,20,43112.0,2018-01-25,Mumbai,2,No,No
EMP00743,Ati Pau,Male,23,Marketing,Team Lead,B.Tech,0,42882.0,2025-02-15,Hyderabad,5,No,No
EMP00744,Yashodhara Wadhwa,Male,53,IT,Analyst,MCA,17,129541.0,2017-06-26,Chennai,2,No,No
EMP00745,Neel Talwar,Male,29,IT,Analyst,M.Tech,16,91599.0,2017-09-10,Hyderabad,3,Yes,No
EMP00746,Quincy Chaudhary,Female,32,HR,Analyst,M.Tech,8,35873.0,2021-12-19,Pune,2,Yes,No
EMP00747,Damini Padmanabhan,Male,48,IT,Team Lead,MCA,9,101110.0,2021-12-05,Chennai,1,Yes,Yes
EMP00748,Falguni Choudhary,Male,53,HR,Manager,BCA,7,79291.0,2021-03-14,Pune,1,No,No
EMP00749,Jairaj Bandi,Male,48,Finance,Senior Analyst,BCA,17,98356.0,2025-11-23,Pune,5,Yes,Yes
EMP00750,Banjeet Sehgal,Female,58,HR,Manager,MBA,17,72700.0,2023-05-17,Bangalore,5,Yes,No
EMP00751,Ishwar Nigam,Male,56,HR,Manager,M.Tech,11,65418.0,2018-07-30,Chennai,1,Yes,No
EMP00752,Lopa Iyengar,Male,22,Finance,Analyst,MBA,19,82912.0,2025-06-14,Pune,5,No,No
EMP00753,Hritik Savant,Female,24,Finance,Senior Analyst,M.Tech,11,72886.0,2022-10-16,Mumbai,1,No,No
EMP00754,Matthew Sridhar,Male,57,IT,Team Lead,MBA,12,141544.0,2024-06-25,Hyderabad,5,No,No
EMP00755,Rajeshri Bahri,Female,39,Sales,Senior Analyst,MCA,20,64257.0,2023-12-29,Pune,2,No,No
EMP00756,Sai Kaul,Male,22,Marketing,Manager,BCA,10,36040.0,2016-12-09,Bangalore,2,No,No
EMP00757,Kevin Kumar,Male,26,Marketing,Analyst,MBA,15,84968.0,2023-05-18,Bangalore,3,No,No
EMP00758,Fariq Kumar,Male,29,Marketing,Manager,MCA,11,60346.0,2024-09-30,Hyderabad,4,Yes,No
EMP00759,Forum Sen,Female,34,HR,Analyst,M.Tech,0,79703.0,2024-01-10,Pune,2,Yes,No
EMP00760,Patrick Ranganathan,Male,22,Finance,Senior Analyst,MBA,11,49822.0,2026-04-19,Bangalore,3,No,No
EMP00761,Harini Palan,Male,26,HR,Senior Analyst,BCA,17,42698.0,2022-01-22,Hyderabad,3,Yes,No
EMP00762,Samuel Borah,Male,56,Marketing,Team Lead,M.Tech,8,47573.0,2025-01-28,Chennai,1,No,No
EMP00763,Onkar Dayal,Female,39,IT,Analyst,M.Tech,10,106694.0,2026-02-13,Chennai,4,No,No
EMP00764,Madhav Kalita,Female,48,Marketing,Manager,MCA,1,82265.0,2024-04-15,Bangalore,4,Yes,No
EMP00765,Ekaja Kapur,Male,49,Sales,Analyst,B.Tech,2,33325.0,2025-06-24,Hyderabad,2,No,No
EMP00766,Joshua Dhar,Female,23,Sales,Team Lead,MCA,2,42678.0,2021-04-22,Hyderabad,1,No,Yes
EMP00767,Warda Rai,Male,26,HR,Manager,BCA,10,33567.0,2025-01-22,Chennai,5,Yes,No
EMP00768,Raghav Varma,Male,30,IT,Analyst,MBA,1,54370.0,2022-07-08,Bangalore,3,No,No
EMP00769,Vincent Sarna,Male,40,IT,Manager,MBA,3,138809.0,2019-07-01,Bangalore,5,No,Yes
EMP00770,Samarth Gade,Female,46,HR,Manager,MBA,19,73235.0,2021-12-27,Mumbai,5,Yes,No
EMP00771,Geetika Nagi,Female,59,Sales,Senior Analyst,BCA,20,33404.0,2019-09-19,Bangalore,1,Yes,No
EMP00772,Patrick Dubey,Female,44,Marketing,Manager,MBA,6,72566.0,2021-09-25,Mumbai,4,Yes,No
EMP00773,Qasim Ahluwalia,Female,59,HR,Manager,M.Tech,4,32888.0,2017-07-07,Pune,3,Yes,Yes
EMP00774,Pahal Tara,Female,45,HR,Analyst,M.Tech,15,50229.0,2017-05-24,Mumbai,2,Yes,No
EMP00775,Lohit Kapoor,Female,44,HR,Senior Analyst,B.Tech,16,66664.0,2017-08-13,Hyderabad,1,No,No
EMP00776,Pavani Dass,Female,60,HR,Team Lead,M.Tech,15,75533.0,2020-10-11,Mumbai,3,No,No
EMP00777,Isaiah Chanda,Male,53,Finance,Senior Analyst,BCA,10,66270.0,2024-01-12,Hyderabad,2,No,No
EMP00778,Kritika Krishnan,Female,46,Marketing,Senior Analyst,MBA,6,50664.0,2018-06-22,Hyderabad,1,No,No
EMP00779,Raagini Narula,Male,31,IT,Team Lead,MBA,2,96908.0,2023-03-09,Hyderabad,5,No,Yes
EMP00780,Wahab Rajagopal,Male,36,IT,Team Lead,B.Tech,0,76099.0,2021-05-28,Pune,5,Yes,No
EMP00781,Isaac Basu,Female,28,HR,Analyst,B.Tech,6,31408.0,2025-07-06,Chennai,1,No,No
EMP00782,Mahika Nagar,Female,32,HR,Manager,BCA,9,59897.0,2023-05-01,Bangalore,2,Yes,No
EMP00783,Jatin Kurian,Female,42,HR,Manager,B.Tech,6,64901.0,2025-02-17,Bangalore,5,Yes,No
EMP00784,Rachita Barad,Male,25,Marketing,Team Lead,B.Tech,9,86746.0,2023-03-14,Mumbai,5,No,No
EMP00785,Charvi Lad,Male,32,HR,Manager,M.Tech,2,60845.0,2019-10-16,Pune,4,No,No
EMP00786,Gaurav Mand,Female,53,HR,Manager,MCA,10,76693.0,2020-01-04,Mumbai,4,Yes,No
EMP00787,Omisha Mani,Male,47,HR,Senior Analyst,MCA,7,43303.0,2026-03-03,Chennai,4,Yes,No
EMP00788,Brinda Warrior,Male,40,Sales,Manager,M.Tech,8,41109.0,2020-07-12,Pune,2,Yes,Yes
EMP00789,Arunima Chada,Female,49,Finance,Manager,MCA,16,89089.0,2022-01-11,Chennai,3,No,No
EMP00790,Champak Ramaswamy,Female,26,Finance,Team Lead,BCA,0,68536.0,2026-08-02,Pune,5,Yes,No
EMP00791,Upadhriti Mahal,Female,24,Sales,Senior Analyst,MCA,7,42898.0,2021-04-03,Hyderabad,3,No,Yes
EMP00792,Raghav Rattan,Male,56,Sales,Team Lead,BCA,8,54987.0,2018-09-12,Pune,3,No,No
EMP00793,Max Korpal,Male,47,Finance,Senior Analyst,B.Tech,12,46558.0,2021-03-17,Hyderabad,4,Yes,No
EMP00794,Maanav Mani,Female,51,Marketing,Team Lead,BCA,18,86509.0,2025-04-18,Pune,2,No,No
EMP00795,Devika Sawhney,Male,45,Finance,Senior Analyst,M.Tech,6,102498.0,2017-12-04,Hyderabad,3,Yes,No
EMP00796,Shivani Yohannan,Female,47,Finance,Team Lead,MCA,11,89541.0,2021-03-14,Mumbai,1,Yes,No
EMP00797,Aryan Kuruvilla,Female,46,HR,Senior Analyst,MBA,4,51643.0,2017-04-29,Bangalore,5,No,No
EMP00798,Laksh Sankaran,Female,41,HR,Analyst,B.Tech,15,37119.0,2024-11-29,Bangalore,5,Yes,No
EMP00799,Vincent Kuruvilla,Male,26,IT,Manager,MCA,19,114043.0,2022-11-18,Hyderabad,2,No,Yes
EMP00800,Warhi Mall,Male,32,Marketing,Team Lead,MBA,2,64796.0,2022-05-13,Chennai,2,Yes,Yes
EMP00801,Quincy Pall,Male,46,HR,Senior Analyst,B.Tech,17,57421.0,2018-05-24,Hyderabad,3,No,No
EMP00802,Rajata Wagle,Female,39,Finance,Senior Analyst,BCA,5,85673.0,2023-02-07,Hyderabad,4,Yes,No
EMP00803,Nicholas Karan,Female,51,Finance,Manager,M.Tech,19,77353.0,2021-03-25,Bangalore,1,No,No
EMP00804,Rishi Vig,Male,48,Finance,Senior Analyst,B.Tech,11,83987.0,2025-09-28,Mumbai,4,No,No
EMP00805,Harini Randhawa,Male,37,Finance,Senior Analyst,MCA,5,119529.0,2016-10-09,Mumbai,3,Yes,Yes
EMP00806,Pranit Sur,Male,45,HR,Analyst,BCA,15,56953.0,2016-08-16,Mumbai,3,No,No
EMP00807,Widisha Kant,Male,51,Finance,Analyst,BCA,5,78130.0,2022-04-23,Chennai,4,No,No
EMP00808,Tamanna Tak,Female,29,Finance,Senior Analyst,MCA,6,96992.0,2019-04-24,Chennai,4,No,Yes
EMP00809,Dalbir Narayan,Female,30,IT,Manager,MCA,2,121883.0,2023-05-21,Hyderabad,2,Yes,No
EMP00810,Alka Misra,Female,32,Marketing,Analyst,BCA,3,46615.0,2016-11-19,Pune,2,No,No
EMP00811,Madhavi Wali,Male,50,Sales,Analyst,M.Tech,5,58399.0,2025-02-22,Bangalore,4,No,No
EMP00812,Bhavini Rastogi,Female,34,Finance,Senior Analyst,MCA,1,45611.0,2022-11-04,Hyderabad,2,Yes,Yes
EMP00813,Raksha Narang,Female,34,IT,Analyst,B.Tech,13,53662.0,2024-08-10,Bangalore,2,Yes,No
EMP00814,Ronith Dugar,Female,42,IT,Senior Analyst,M.Tech,13,117174.0,2026-03-18,Hyderabad,5,No,No
EMP00815,Dhriti Nayak,Female,42,Finance,Senior Analyst,BCA,3,75462.0,2017-12-23,Chennai,3,Yes,No
EMP00816,Girindra Mannan,Female,45,Finance,Analyst,BCA,6,105132.0,2024-03-21,Hyderabad,4,No,No
EMP00817,Arya Krishna,Male,38,Marketing,Analyst,M.Tech,15,41672.0,2021-10-14,Pune,4,Yes,No
EMP00818,Jasmit Mukhopadhyay,Female,26,Sales,Team Lead,BCA,5,71676.0,2019-04-26,Mumbai,5,No,No
EMP00819,Vedika Kala,Male,36,Finance,Analyst,M.Tech,16,75464.0,2025-11-30,Bangalore,3,Yes,No
EMP00820,Yashica Iyengar,Female,53,Finance,Team Lead,B.Tech,7,55405.0,2025-03-18,Hyderabad,4,Yes,Yes
EMP00821,Lakshmi Sane,Female,43,IT,Senior Analyst,MCA,7,145067.0,2025-08-06,Pune,1,No,No
EMP00822,Neha Jhaveri,Female,43,Sales,Senior Analyst,B.Tech,0,60016.0,2019-05-17,Mumbai,1,Yes,No
EMP00823,Alexander Som,Male,50,HR,Analyst,BCA,19,55001.0,2024-07-26,Chennai,1,Yes,No
EMP00824,Rachita Vaidya,Male,27,IT,Senior Analyst,M.Tech,20,68550.0,2017-12-09,Mumbai,2,Yes,No
EMP00825,Christopher Maharaj,Female,32,Marketing,Senior Analyst,B.Tech,2,62934.0,2023-04-11,Chennai,2,Yes,No
EMP00826,Ira Jain,Male,39,Sales,Manager,BCA,9,88755.0,2016-09-29,Pune,4,No,No
EMP00827,Qadim Boase,Female,31,HR,Manager,BCA,15,58926.0,2018-10-05,Chennai,4,Yes,No
EMP00828,Noah Kothari,Male,38,Sales,Manager,MBA,19,50027.0,2020-11-16,Pune,4,No,No
EMP00829,Bhavya Puri,Male,52,Finance,Senior Analyst,B.Tech,17,108025.0,2025-11-20,Hyderabad,1,Yes,Yes
EMP00830,Jhalak Sani,Female,47,Marketing,Team Lead,MBA,11,67207.0,2022-02-25,Chennai,3,Yes,No
EMP00831,Dhruv Mistry,Male,34,Finance,Manager,MCA,1,61315.0,2017-05-08,Pune,5,No,No
EMP00832,Nisha Choudhry,Male,37,Sales,Manager,BCA,1,80506.0,2025-12-31,Pune,1,Yes,No
EMP00833,Tamanna Ratta,Male,38,Sales,Senior Analyst,M.Tech,19,89699.0,2025-01-19,Mumbai,2,Yes,No
EMP00834,Charles Bhattacharyya,Female,47,IT,Analyst,M.Tech,2,134462.0,2017-03-20,Hyderabad,4,Yes,No
EMP00835,Charita Manda,Female,59,Finance,Team Lead,MBA,8,84612.0,2020-12-25,Bangalore,1,No,No
EMP00836,Warhi Hegde,Female,41,HR,Analyst,B.Tech,8,79068.0,2018-01-21,Chennai,1,Yes,No
EMP00837,Tripti Shan,Female,49,IT,Senior Analyst,B.Tech,13,118807.0,2025-07-06,Pune,2,Yes,No
EMP00838,Sathvik Lad,Male,50,HR,Senior Analyst,B.Tech,15,41926.0,2016-11-25,Hyderabad,1,Yes,No
EMP00839,Yashoda Ramesh,Male,32,HR,Analyst,MCA,8,56790.0,2022-12-08,Bangalore,4,Yes,No
EMP00840,Odika Kalla,Male,52,Sales,Manager,BCA,2,74846.0,2025-08-09,Bangalore,1,No,Yes
EMP00841,Vansha Rattan,Male,46,IT,Team Lead,MBA,18,55486.0,2019-03-10,Chennai,3,No,Yes
EMP00842,Yashodhara Tiwari,Male,45,Sales,Manager,MBA,11,74967.0,2026-02-06,Mumbai,1,No,No
EMP00843,Tanish Bhatnagar,Female,30,Sales,Analyst,M.Tech,3,30404.0,2020-03-11,Bangalore,5,No,No
EMP00844,Urmi Patla,Female,54,HR,Manager,B.Tech,11,59616.0,2026-07-24,Bangalore,3,Yes,No
EMP00845,Irya Dayal,Male,60,Sales,Manager,MBA,1,72667.0,2026-02-10,Mumbai,1,No,No
EMP00846,Dakshesh Ramachandran,Female,60,Finance,Senior Analyst,B.Tech,15,58166.0,2023-07-12,Mumbai,5,Yes,No
EMP00847,Akshay Varkey,Female,32,HR,Manager,BCA,15,35707.0,2020-05-05,Chennai,5,Yes,No
EMP00848,Anika Goda,Male,28,HR,Manager,BCA,6,41169.0,2026-06-26,Hyderabad,3,No,No
EMP00849,Darsh Sant,Male,30,Sales,Manager,BCA,7,63767.0,2017-04-03,Pune,2,Yes,No
EMP00850,Mugdha Balan,Female,36,Sales,Senior Analyst,MCA,12,80023.0,2024-05-17,Bangalore,3,Yes,No
EMP00851,Veer Mishra,Male,29,IT,Team Lead,B.Tech,2,94595.0,2025-08-30,Pune,4,Yes,No
EMP00852,Devansh Soman,Female,42,Sales,Team Lead,B.Tech,1,54885.0,2019-04-05,Mumbai,5,Yes,No
EMP00853,Jack Wadhwa,Female,42,IT,Senior Analyst,MCA,12,51204.0,2017-05-04,Hyderabad,4,No,No
EMP00854,Zaitra Madan,Male,60,HR,Team Lead,MCA,19,48572.0,2018-12-25,Mumbai,1,No,No
EMP00855,Bhavini Gill,Female,40,Marketing,Manager,BCA,15,76358.0,2024-04-09,Pune,2,Yes,No
EMP00856,Watika Lal,Female,41,HR,Senior Analyst,BCA,1,41732.0,2020-12-29,Mumbai,4,No,No
EMP00857,Vrinda Vohra,Female,26,Finance,Team Lead,MCA,15,90653.0,2025-12-23,Hyderabad,5,No,No
EMP00858,Azaan Solanki,Male,41,IT,Manager,B.Tech,4,92391.0,2020-02-25,Mumbai,2,No,No
EMP00859,Eesha Ramesh,Male,22,Finance,Team Lead,M.Tech,9,63982.0,2022-11-25,Bangalore,2,No,No
EMP00860,Jack Kohli,Female,33,Finance,Analyst,BCA,5,52383.0,2019-10-30,Mumbai,3,No,Yes
EMP00861,Siya Mahal,Male,29,HR,Senior Analyst,MBA,20,77353.0,2018-11-07,Chennai,3,Yes,No
EMP00862,Samuel Ramanathan,Female,39,Finance,Manager,MCA,2,105774.0,2022-08-30,Bangalore,1,Yes,No
EMP00863,Gauri Sharaf,Male,23,IT,Manager,MCA,3,114122.0,2016-11-12,Bangalore,5,Yes,No
EMP00864,Anamika Randhawa,Male,28,Finance,Team Lead,BCA,15,101840.0,2024-05-19,Mumbai,2,No,No
EMP00865,Daniel Pathak,Female,26,IT,Analyst,B.Tech,12,122883.0,2023-06-11,Bangalore,2,Yes,No
EMP00866,Divya Gade,Male,24,IT,Senior Analyst,M.Tech,17,108619.0,2018-07-23,Hyderabad,2,Yes,No
EMP00867,Fitan Sarin,Male,54,Marketing,Team Lead,MCA,8,84353.0,2025-02-18,Mumbai,2,No,Yes
EMP00868,Bina Thakkar,Female,56,IT,Manager,B.Tech,7,89400.0,2018-08-07,Mumbai,4,No,Yes
EMP00869,Jhalak Bhatia,Male,28,Marketing,Analyst,B.Tech,11,74726.0,2016-12-27,Bangalore,2,Yes,No
EMP00870,Wriddhish Cheema,Male,59,Sales,Team Lead,MCA,6,47590.0,2017-10-01,Hyderabad,5,No,No
EMP00871,Anamika Mohan,Male,47,IT,Manager,BCA,17,83419.0,2026-06-02,Pune,4,Yes,No
EMP00872,Xalak Choudhury,Female,34,Marketing,Team Lead,M.Tech,6,39624.0,2019-05-08,Mumbai,5,Yes,No
EMP00873,Ethan Agarwal,Female,46,Finance,Analyst,M.Tech,4,86465.0,2026-04-11,Hyderabad,1,No,No
EMP00874,Radhika Bera,Female,26,IT,Team Lead,BCA,17,64416.0,2019-05-31,Pune,3,No,No
EMP00875,Anirudh Srivastava,Female,36,HR,Manager,BCA,7,47933.0,2021-10-19,Bangalore,2,No,Yes
EMP00876,Sanya Kaur,Female,57,Marketing,Team Lead,M.Tech,15,41261.0,2025-09-01,Bangalore,1,Yes,No
EMP00877,Faras Randhawa,Female,52,Sales,Senior Analyst,MCA,12,53681.0,2022-11-22,Bangalore,5,Yes,No
EMP00878,Sneha Samra,Female,25,HR,Team Lead,B.Tech,4,54825.0,2023-07-13,Mumbai,4,No,No
EMP00879,Gopal Sethi,Female,39,HR,Manager,M.Tech,14,53199.0,2023-06-23,Hyderabad,3,Yes,No
EMP00880,Prisha Dhawan,Male,26,Sales,Senior Analyst,BCA,13,70991.0,2023-12-13,Hyderabad,5,Yes,No
EMP00881,Sanaya Mistry,Male,49,IT,Senior Analyst,MBA,9,122634.0,2023-04-24,Chennai,5,Yes,No
EMP00882,Gautam Trivedi,Male,49,Finance,Team Lead,B.Tech,0,69927.0,2017-11-05,Mumbai,5,Yes,No
EMP00883,Charles Kade,Male,33,Marketing,Analyst,MCA,14,46044.0,2016-10-24,Hyderabad,5,No,No
EMP00884,Qabil Wali,Female,29,IT,Team Lead,B.Tech,13,114947.0,2025-03-18,Mumbai,1,No,No
EMP00885,Eesha Chana,Male,58,Sales,Manager,B.Tech,15,68475.0,2024-03-26,Pune,5,Yes,No
EMP00886,Girik Dubey,Male,51,Finance,Team Lead,MCA,19,108998.0,2017-12-24,Pune,1,Yes,Yes
EMP00887,Rachit Patla,Male,49,Sales,Manager,B.Tech,5,82699.0,2020-04-27,Bangalore,5,Yes,No
EMP00888,Finn Atwal,Female,36,Finance,Manager,MBA,3,108886.0,2017-05-13,Pune,3,No,Yes
EMP00889,Jairaj Varughese,Male,50,Finance,Manager,B.Tech,5,115310.0,2018-02-06,Hyderabad,3,No,No
EMP00890,Maanas Keer,Male,40,IT,Analyst,B.Tech,11,142958.0,2025-06-18,Chennai,4,No,No
EMP00891,Aishani Roy,Female,39,IT,Analyst,MBA,5,137320.0,2025-05-26,Chennai,5,No,No
EMP00892,Liam Pant,Female,54,HR,Manager,B.Tech,10,79223.0,2019-01-11,Bangalore,1,Yes,No
EMP00893,Kashvi Shah,Male,25,HR,Team Lead,MBA,4,52552.0,2020-12-30,Mumbai,1,No,No
EMP00894,Sanya Bansal,Female,37,Finance,Senior Analyst,M.Tech,9,81991.0,2018-12-03,Hyderabad,2,No,No
EMP00895,Lakshit Sundaram,Female,34,IT,Manager,BCA,8,141875.0,2024-11-17,Mumbai,5,Yes,No
EMP00896,Dipta Lala,Male,29,HR,Senior Analyst,MBA,18,71216.0,2021-02-26,Bangalore,3,Yes,No
EMP00897,Ridhi Bava,Male,25,HR,Manager,MBA,13,31157.0,2023-09-07,Mumbai,3,Yes,No
EMP00898,Pranit Gour,Female,25,HR,Team Lead,BCA,10,57923.0,2025-01-04,Pune,3,No,No
EMP00899,Jackson Varughese,Male,33,Sales,Analyst,BCA,13,62370.0,2021-07-21,Bangalore,3,Yes,No
EMP00900,Sneha Parikh,Male,49,Sales,Senior Analyst,MCA,15,66721.0,2023-04-25,Chennai,3,No,No
EMP00901,Maya Rattan,Male,43,Sales,Team Lead,MCA,3,42699.0,2024-10-20,Mumbai,5,No,No
EMP00902,Vasatika Sha,Female,27,HR,Analyst,B.Tech,20,48084.0,2020-06-27,Mumbai,1,Yes,No
EMP00903,Henry Iyengar,Female,28,Marketing,Analyst,M.Tech,20,88569.0,2023-01-13,Mumbai,3,No,No
EMP00904,Janani Pathak,Male,30,Finance,Senior Analyst,MBA,6,114934.0,2018-05-14,Mumbai,3,No,No
EMP00905,Samesh Mane,Male,52,Sales,Manager,M.Tech,14,45391.0,2021-01-28,Mumbai,1,Yes,No
EMP00906,Vrishti Varughese,Female,24,Marketing,Analyst,B.Tech,8,80659.0,2023-08-16,Chennai,4,Yes,No
EMP00907,Jason Baral,Female,47,HR,Team Lead,B.Tech,14,79199.0,2017-10-19,Hyderabad,1,Yes,No
EMP00908,Akshay Purohit,Female,54,Marketing,Team Lead,MCA,6,73804.0,2021-02-19,Hyderabad,3,No,No
EMP00909,Aryan Anand,Male,40,Marketing,Analyst,B.Tech,3,46213.0,2019-01-31,Pune,2,No,No
EMP00910,Sarthak Gera,Male,56,IT,Analyst,BCA,20,82637.0,2017-08-15,Pune,5,No,No
EMP00911,Darpan Vaidya,Female,40,Sales,Team Lead,BCA,2,64608.0,2021-12-17,Bangalore,3,Yes,No
EMP00912,Faras Bhatti,Male,46,Sales,Team Lead,M.Tech,5,63552.0,2023-10-21,Mumbai,2,No,No
EMP00913,Barkha Saha,Female,31,HR,Manager,B.Tech,10,47615.0,2019-03-28,Chennai,3,Yes,No
EMP00914,Yashodhara Kothari,Male,33,Finance,Senior Analyst,M.Tech,2,110006.0,2019-07-08,Chennai,2,No,No
EMP00915,Laksh Purohit,Female,60,IT,Senior Analyst,BCA,9,71354.0,2019-09-17,Hyderabad,1,No,No
EMP00916,Aadi Dua,Male,55,HR,Senior Analyst,BCA,14,72278.0,2022-01-19,Mumbai,1,No,No
EMP00917,Ekantika Mand,Male,30,Finance,Senior Analyst,BCA,0,59422.0,2020-02-19,Pune,2,Yes,No
EMP00918,Anthony Mane,Female,27,IT,Senior Analyst,B.Tech,3,121089.0,2018-08-21,Chennai,5,No,No
EMP00919,Ekanta Kota,Male,25,HR,Team Lead,M.Tech,9,51741.0,2021-04-26,Bangalore,1,Yes,No
EMP00920,Darpan Narula,Female,31,IT,Analyst,B.Tech,17,88894.0,2018-06-23,Bangalore,2,No,No
EMP00921,Warinder Memon,Male,46,Finance,Analyst,MBA,4,91309.0,2026-05-24,Hyderabad,1,Yes,No
EMP00922,Bhanumati Bandi,Female,29,IT,Team Lead,BCA,9,96833.0,2025-12-09,Bangalore,5,Yes,Yes
EMP00923,Abeer Subramaniam,Male,49,HR,Senior Analyst,MCA,13,64765.0,2026-01-23,Mumbai,3,No,No
EMP00924,David Majumdar,Female,26,IT,Analyst,B.Tech,8,115437.0,2021-02-18,Hyderabad,3,Yes,No
EMP00925,Kala Saxena,Male,58,Finance,Manager,MCA,14,107709.0,2016-10-17,Hyderabad,1,No,No
EMP00926,Rishi Sarkar,Female,49,HR,Manager,MBA,5,55232.0,2020-12-13,Mumbai,3,Yes,No
EMP00927,Vaishnavi Chada,Female,56,HR,Senior Analyst,MBA,12,57437.0,2024-10-29,Bangalore,5,No,No
EMP00928,Samar Chander,Male,27,Marketing,Senior Analyst,MCA,18,85894.0,2025-05-25,Bangalore,2,Yes,No
EMP00929,Teerth Jhaveri,Male,25,Sales,Team Lead,MCA,17,92118.0,2024-03-08,Hyderabad,3,No,No
EMP00930,Vasatika Prabhakar,Male,25,HR,Senior Analyst,BCA,17,57595.0,2023-06-28,Hyderabad,4,Yes,No
EMP00931,Raghav Shukla,Male,52,Finance,Senior Analyst,BCA,11,52088.0,2026-02-16,Hyderabad,3,Yes,No
EMP00932,Qadim Pandya,Female,31,IT,Senior Analyst,MBA,7,60101.0,2020-06-23,Hyderabad,5,No,Yes
EMP00933,Quincy Sampath,Male,40,Finance,Analyst,B.Tech,13,89215.0,2024-04-14,Bangalore,1,Yes,No
EMP00934,Nicholas Kumar,Female,51,Marketing,Team Lead,M.Tech,5,35712.0,2023-05-10,Mumbai,3,Yes,No
EMP00935,Frederick Rajagopalan,Female,30,Finance,Senior Analyst,MBA,5,80628.0,2019-05-30,Mumbai,1,Yes,No
EMP00936,Sara Sibal,Male,51,Finance,Manager,MCA,5,118307.0,2024-10-15,Chennai,4,Yes,No
EMP00937,Ekantika Sahni,Female,28,IT,Analyst,BCA,11,134757.0,2020-04-21,Pune,5,No,No
EMP00938,Kritika Sinha,Male,26,IT,Senior Analyst,M.Tech,7,86989.0,2020-11-08,Bangalore,3,Yes,No
EMP00939,Vedhika Sem,Male,39,Marketing,Analyst,M.Tech,6,76837.0,2019-07-03,Mumbai,1,No,No
EMP00940,Hamsini Brar,Female,22,IT,Team Lead,MCA,1,91232.0,2024-03-01,Chennai,5,Yes,Yes
EMP00941,Vivaan Madan,Male,43,Sales,Manager,M.Tech,12,76640.0,2026-04-25,Bangalore,5,Yes,No
EMP00942,Ranveer Sunder,Male,40,IT,Senior Analyst,B.Tech,18,100084.0,2025-06-25,Chennai,1,Yes,No
EMP00943,Chakrika Vasa,Male,54,HR,Team Lead,MBA,6,74660.0,2017-07-28,Hyderabad,3,No,No
EMP00944,Lucky Sami,Female,37,Sales,Senior Analyst,M.Tech,19,86479.0,2021-10-03,Mumbai,1,Yes,Yes
EMP00945,Ayush Wadhwa,Male,31,Marketing,Team Lead,M.Tech,20,67605.0,2023-11-27,Bangalore,4,Yes,Yes
EMP00946,Andrew Memon,Male,26,Finance,Team Lead,M.Tech,10,67245.0,2021-06-26,Pune,3,Yes,No
EMP00947,Krisha Bhatnagar,Female,52,IT,Team Lead,MBA,5,143146.0,2017-07-04,Hyderabad,1,No,No
EMP00948,Gautami Sunder,Male,50,IT,Team Lead,M.Tech,11,87568.0,2021-10-10,Mumbai,3,No,No
EMP00949,Niharika Sachdeva,Male,25,IT,Senior Analyst,M.Tech,13,116314.0,2017-02-11,Bangalore,2,Yes,No
EMP00950,Waida Dayal,Male,36,Sales,Manager,MBA,12,50736.0,2024-10-30,Bangalore,3,No,No
EMP00951,Wahab Mukhopadhyay,Female,28,Finance,Analyst,B.Tech,20,115138.0,2023-03-19,Bangalore,4,No,No
EMP00952,Tanveer Palla,Female,60,HR,Manager,B.Tech,12,51543.0,2023-12-18,Chennai,1,No,Yes
EMP00953,Yahvi Nadkarni,Female,31,Finance,Senior Analyst,MCA,1,116444.0,2024-02-24,Mumbai,1,No,No
EMP00954,Nidhi Sathe,Male,25,IT,Senior Analyst,BCA,11,106375.0,2024-04-21,Chennai,3,No,No
EMP00955,Urvashi Desai,Female,27,HR,Team Lead,MBA,2,39288.0,2018-03-06,Chennai,5,Yes,Yes
EMP00956,Warjas Kaul,Female,43,Sales,Team Lead,B.Tech,5,37044.0,2016-11-01,Hyderabad,3,No,Yes
EMP00957,Aarav Nanda,Male,49,Finance,Team Lead,M.Tech,15,115189.0,2023-05-29,Chennai,1,Yes,No
EMP00958,Krisha Mohanty,Female,22,IT,Senior Analyst,MBA,18,130807.0,2017-11-08,Hyderabad,4,No,No
EMP00959,Kala Sampath,Male,50,IT,Senior Analyst,MBA,13,84446.0,2021-05-24,Mumbai,1,Yes,No
EMP00960,Akshay Karan,Male,60,HR,Manager,B.Tech,6,57536.0,2023-06-07,Pune,2,Yes,No
EMP00961,Chameli Saha,Male,41,Marketing,Team Lead,M.Tech,0,59265.0,2023-05-28,Bangalore,4,No,No
EMP00962,Nikita Rao,Female,55,Finance,Team Lead,BCA,13,91101.0,2024-08-19,Hyderabad,4,No,No
EMP00963,Riya Rai,Female,40,Sales,Manager,MCA,5,51319.0,2023-12-26,Mumbai,1,Yes,No
EMP00964,Aradhana Kant,Female,28,IT,Manager,M.Tech,2,135147.0,2022-09-15,Mumbai,1,No,Yes
EMP00965,Sneha Sani,Female,48,Marketing,Senior Analyst,B.Tech,18,87813.0,2022-06-19,Chennai,5,No,Yes
EMP00966,Triveni Acharya,Female,51,IT,Manager,MBA,6,111548.0,2018-06-14,Bangalore,3,Yes,No
EMP00967,Abha Memon,Female,41,Marketing,Manager,B.Tech,9,52538.0,2018-12-01,Bangalore,4,Yes,No
EMP00968,Upadhriti Dyal,Female,43,IT,Senior Analyst,M.Tech,0,70103.0,2024-03-13,Chennai,2,No,No
EMP00969,Siya Narayan,Male,58,HR,Manager,B.Tech,19,72233.0,2019-02-04,Chennai,2,No,No
EMP00970,Geetika Madan,Male,30,Sales,Analyst,M.Tech,16,50767.0,2024-01-13,Chennai,3,Yes,No
EMP00971,Aadi Nadkarni,Female,22,Sales,Senior Analyst,BCA,6,42223.0,2026-02-26,Mumbai,5,Yes,Yes
EMP00972,Omya Minhas,Male,51,Marketing,Team Lead,B.Tech,12,36657.0,2017-07-17,Hyderabad,2,No,No
EMP00973,Madhavi Dhaliwal,Female,38,HR,Analyst,MCA,17,46072.0,2025-06-21,Bangalore,2,Yes,No
EMP00974,Daksha Lanka,Male,28,Marketing,Senior Analyst,MCA,3,42270.0,2016-11-14,Pune,2,Yes,No
EMP00975,Edhitha Pai,Male,47,IT,Analyst,MBA,15,97369.0,2022-01-19,Bangalore,4,Yes,No
EMP00976,Mason Chhabra,Female,46,Finance,Team Lead,MBA,20,55002.0,2017-07-18,Hyderabad,2,No,No
EMP00977,Bhavya Mannan,Male,29,IT,Team Lead,MCA,5,136463.0,2023-03-02,Chennai,5,Yes,No
EMP00978,Bhavika Chaudhry,Male,34,HR,Analyst,M.Tech,16,78607.0,2021-10-13,Bangalore,5,Yes,No
EMP00979,Bimala Balan,Male,42,HR,Senior Analyst,B.Tech,11,37522.0,2020-02-27,Bangalore,2,No,No
EMP00980,Aarini Master,Female,57,Sales,Team Lead,MBA,15,56114.0,2021-12-08,Chennai,4,No,No
EMP00981,Shravya Khurana,Female,47,HR,Analyst,M.Tech,8,41335.0,2025-05-24,Mumbai,3,Yes,No
EMP00982,Andrew Dhawan,Female,60,HR,Team Lead,MCA,15,58407.0,2020-07-06,Mumbai,1,No,No
EMP00983,Aarna Bera,Male,50,Finance,Senior Analyst,BCA,6,119336.0,2017-05-07,Mumbai,3,No,No
EMP00984,Ekantika Swamy,Male,29,Sales,Senior Analyst,MCA,19,99533.0,2019-11-01,Chennai,2,No,No
EMP00985,Vivaan Bhattacharyya,Female,31,HR,Team Lead,BCA,2,44102.0,2019-05-13,Bangalore,3,Yes,No
EMP00986,Oliver Barman,Female,36,Sales,Analyst,MBA,6,90997.0,2021-11-05,Pune,5,Yes,No
EMP00987,Reva Bhandari,Male,58,Marketing,Manager,MBA,6,41744.0,2023-12-25,Pune,3,Yes,No
EMP00988,Umang Raju,Female,48,HR,Analyst,BCA,1,62370.0,2023-06-07,Chennai,2,No,No
EMP00989,Noah Deol,Female,23,Marketing,Analyst,MBA,12,50494.0,2022-05-21,Pune,2,No,No
EMP00990,Krisha Chandra,Male,26,IT,Manager,BCA,17,119142.0,2026-01-05,Chennai,3,No,Yes
EMP00991,Akshay Rout,Female,53,Sales,Analyst,MBA,11,82473.0,2019-09-15,Pune,4,No,Yes
EMP00992,Tarak Bhasin,Male,25,IT,Analyst,B.Tech,11,130999.0,2021-06-26,Bangalore,3,No,No
EMP00993,Ranbir Bandi,Female,56,HR,Analyst,BCA,5,35768.0,2017-02-25,Pune,1,Yes,No
EMP00994,Inaya Prashad,Female,39,IT,Senior Analyst,B.Tech,9,59835.0,2019-02-16,Mumbai,4,Yes,No
EMP00995,Meghana Bala,Female,50,HR,Analyst,M.Tech,10,39699.0,2017-11-21,Mumbai,2,No,No
EMP00996,Mekhala Seshadri,Female,36,Finance,Analyst,MCA,8,87193.0,2023-06-29,Pune,1,No,No
EMP00997,Hiral Bajwa,Male,26,Marketing,Analyst,MBA,7,78219.0,2018-01-10,Bangalore,2,Yes,No
EMP00998,Ekanta Mani,Male,43,HR,Senior Analyst,M.Tech,14,55235.0,2017-08-03,Mumbai,5,No,No
EMP00999,Ria Chhabra,Male,30,Sales,Senior Analyst,MCA,14,50184.0,2025-11-03,Chennai,4,Yes,No
EMP01000,Jason Dhar,Male,41,Finance,Analyst,B.Tech,6,53996.0,2023-08-01,Chennai,1,Yes,No
EMP01001,Ayaan Dhaliwal,Male,52,HR,Manager,MCA,0,60202.0,2016-11-01,Pune,1,Yes,No
EMP01002,Ishita Sarna,Female,54,Sales,Team Lead,BCA,13,57795.0,2017-09-03,Chennai,3,No,Yes
EMP01003,Tristan Deshmukh,Female,34,IT,Team Lead,B.Tech,1,135016.0,2017-06-09,Chennai,2,No,No
EMP01004,Vasatika Issac,Male,25,Marketing,Senior Analyst,BCA,19,67349.0,2023-04-21,Hyderabad,1,Yes,No
EMP01005,Daksha Batra,Male,39,IT,Senior Analyst,M.Tech,18,84888.0,2023-04-23,Chennai,4,No,No
EMP01006,Gaurika Sachdeva,Female,53,IT,Senior Analyst,B.Tech,7,146196.0,2020-11-12,Hyderabad,3,No,No
EMP01007,Mason Rai,Male,54,Marketing,Manager,MCA,9,83095.0,2019-07-05,Hyderabad,2,No,Yes
EMP01008,Pushti Gandhi,Female,31,IT,Analyst,MBA,5,74555.0,2024-10-19,Chennai,3,Yes,No
EMP01009,Pavani Yohannan,Male,60,HR,Team Lead,MBA,8,35044.0,2025-01-13,Mumbai,1,No,No
EMP01010,Sai Loke,Male,58,HR,Team Lead,B.Tech,15,37168.0,2026-05-07,Mumbai,5,Yes,Yes
EMP01011,Jagvi Gala,Female,50,HR,Manager,MCA,3,36553.0,2017-03-09,Mumbai,3,No,No
EMP01012,Harish Ram,Female,41,Sales,Team Lead,M.Tech,11,90129.0,2021-09-06,Mumbai,4,Yes,Yes
EMP01013,Avni Mukhopadhyay,Female,36,Sales,Senior Analyst,MCA,16,32716.0,2020-03-09,Chennai,1,Yes,Yes
EMP01014,Amol Chakraborty,Male,34,Marketing,Manager,BCA,13,58554.0,2022-02-21,Pune,5,No,No
EMP01015,Pratyush Sarma,Female,43,Marketing,Manager,M.Tech,5,52387.0,2019-10-06,Chennai,3,No,No
EMP01016,Aarnav Kade,Female,29,HR,Manager,MBA,1,67979.0,2018-05-13,Mumbai,3,No,No
EMP01017,Xiti Garg,Male,51,IT,Senior Analyst,M.Tech,0,115395.0,2022-01-04,Pune,5,Yes,No
EMP01018,Jai Loyal,Female,22,Sales,Manager,BCA,15,67782.0,2017-02-23,Hyderabad,3,Yes,Yes
EMP01019,Advik Sur,Female,22,IT,Analyst,MCA,15,90084.0,2022-10-27,Hyderabad,3,No,Yes
EMP01020,Jonathan Basu,Female,31,Marketing,Senior Analyst,MBA,17,45160.0,2025-01-17,Mumbai,1,No,No
EMP01021,Mason Barad,Male,46,HR,Manager,MBA,1,61010.0,2020-04-30,Bangalore,3,No,No
EMP01022,Rajeshri Soman,Female,59,Marketing,Senior Analyst,B.Tech,9,46357.0,2019-03-27,Pune,2,No,No
EMP01023,Nidhi Bansal,Female,58,Marketing,Manager,M.Tech,6,54730.0,2016-09-25,Hyderabad,4,No,No
EMP01024,Ekta Shanker,Female,54,IT,Team Lead,MBA,4,119018.0,2019-10-24,Pune,4,No,No
EMP01025,Ethan Sen,Male,48,Finance,Analyst,B.Tech,13,105461.0,2020-02-25,Mumbai,3,Yes,Yes
EMP01026,Ganga Gade,Female,25,Marketing,Manager,B.Tech,16,59452.0,2017-09-13,Chennai,1,No,No
EMP01027,Saumya Patil,Male,39,Marketing,Analyst,MCA,14,89997.0,2019-08-04,Mumbai,1,No,Yes
EMP01028,Baljiwan Parekh,Male,29,Marketing,Analyst,B.Tech,15,80258.0,2026-07-24,Mumbai,2,No,No
EMP01029,Aarnav Raju,Male,41,HR,Team Lead,BCA,7,74281.0,2017-08-17,Chennai,5,Yes,No
EMP01030,Triveni Bains,Male,55,IT,Analyst,B.Tech,2,50004.0,2017-10-08,Hyderabad,1,No,No
EMP01031,Bhavika Vasa,Male,41,IT,Manager,MBA,16,108171.0,2018-12-09,Hyderabad,2,No,No
EMP01032,Chandresh Chaudhari,Female,31,Marketing,Analyst,B.Tech,14,78133.0,2022-06-10,Hyderabad,2,Yes,No
EMP01033,Ikbal Mutti,Female,40,Marketing,Analyst,M.Tech,17,48130.0,2025-11-30,Chennai,3,No,No
EMP01034,Wakeeta Minhas,Female,31,Finance,Analyst,MCA,12,59068.0,2024-04-13,Chennai,1,No,No
EMP01035,Girindra Bora,Female,24,IT,Team Lead,B.Tech,18,89683.0,2019-04-07,Chennai,4,No,Yes
EMP01036,Janaki Datta,Male,44,IT,Manager,M.Tech,5,96890.0,2023-02-11,Bangalore,2,Yes,No
EMP01037,Veer Sastry,Male,39,Sales,Team Lead,MBA,20,74471.0,2019-01-19,Bangalore,4,No,No
EMP01038,Upasna Srinivas,Female,30,Finance,Team Lead,M.Tech,19,68642.0,2025-09-05,Mumbai,3,No,No
EMP01039,Dayita Ravel,Male,36,IT,Analyst,BCA,1,53869.0,2022-08-27,Chennai,4,No,No
EMP01040,Bakhshi Sachar,Male,46,HR,Manager,BCA,7,36909.0,2019-07-01,Bangalore,5,No,No
EMP01041,Urishilla Subramaniam,Female,60,IT,Analyst,B.Tech,1,148295.0,2023-12-02,Pune,1,No,Yes
EMP01042,Jackson Grewal,Female,53,Finance,Manager,MCA,4,117937.0,2024-12-09,Hyderabad,2,Yes,No
EMP01043,Qushi Narayanan,Male,28,Finance,Senior Analyst,BCA,16,70204.0,2022-02-22,Hyderabad,1,No,Yes
EMP01044,Harsh Salvi,Female,33,Finance,Manager,B.Tech,18,116641.0,2022-12-26,Hyderabad,5,No,No
EMP01045,Tripti Nath,Male,26,Marketing,Manager,MBA,11,58362.0,2023-06-29,Chennai,1,Yes,No
EMP01046,Bina Chander,Female,36,HR,Analyst,M.Tech,16,49544.0,2022-12-24,Mumbai,3,Yes,No
EMP01047,Bimala Bhargava,Female,26,HR,Senior Analyst,MCA,9,46474.0,2025-03-24,Bangalore,5,Yes,No
EMP01048,Jatin Banerjee,Male,56,Marketing,Analyst,M.Tech,19,67771.0,2018-12-08,Chennai,3,Yes,No
EMP01049,Isaac Madan,Female,25,IT,Senior Analyst,B.Tech,10,105234.0,2022-09-02,Mumbai,3,Yes,No
EMP01050,Vaishnavi Bhagat,Male,44,HR,Analyst,MBA,15,34778.0,2026-03-28,Mumbai,5,Yes,No
EMP01051,Yadavi Shankar,Male,28,Marketing,Analyst,MBA,15,43484.0,2025-07-25,Mumbai,2,No,No
EMP01052,Triya Chanda,Male,23,Finance,Analyst,BCA,15,84769.0,2024-07-01,Hyderabad,5,No,No
EMP01053,Indali Khalsa,Female,30,IT,Manager,MBA,17,113199.0,2024-08-19,Mumbai,2,Yes,Yes
EMP01054,Dhruv Patla,Female,49,Finance,Analyst,B.Tech,3,93196.0,2021-05-12,Hyderabad,1,Yes,No
EMP01055,Dhriti Muni,Male,22,HR,Senior Analyst,BCA,13,78986.0,2025-05-11,Bangalore,1,Yes,No
EMP01056,Gaurav Dube,Female,60,Finance,Senior Analyst,MCA,5,82040.0,2020-02-18,Hyderabad,5,No,Yes
EMP01057,Maanav Tank,Male,53,Finance,Team Lead,B.Tech,3,55066.0,2017-12-04,Chennai,3,No,Yes
EMP01058,Harinakshi Dani,Female,42,Marketing,Analyst,BCA,9,77837.0,2017-09-10,Pune,4,No,No
EMP01059,Ishani Sheth,Male,41,Sales,Senior Analyst,BCA,2,56680.0,2019-03-27,Pune,2,Yes,No
EMP01060,Matthew Natt,Male,23,HR,Manager,BCA,14,72592.0,2023-11-26,Pune,3,No,No
EMP01061,David Dhingra,Female,53,Sales,Analyst,MBA,2,37827.0,2026-04-15,Chennai,4,Yes,No
EMP01062,Ishanvi Kade,Female,56,HR,Analyst,MCA,6,54859.0,2017-03-13,Bangalore,5,No,No
EMP01063,Balveer Thakkar,Female,59,IT,Senior Analyst,BCA,19,148890.0,2025-09-21,Pune,5,No,No
EMP01064,Chavvi Bala,Female,56,Finance,Manager,MBA,1,59314.0,2023-03-19,Mumbai,5,No,No
EMP01065,Rajata Mallick,Male,30,HR,Analyst,MCA,12,60627.0,2021-01-24,Pune,1,Yes,No
EMP01066,Amaira Shenoy,Male,39,Marketing,Team Lead,MCA,9,57120.0,2020-07-30,Pune,5,Yes,No
EMP01067,Ridhi Kaur,Female,33,IT,Manager,MBA,9,124506.0,2017-04-05,Bangalore,4,Yes,No
EMP01068,Anita Biswas,Male,48,Finance,Analyst,M.Tech,1,92018.0,2018-06-07,Bangalore,3,No,No
EMP01069,Fariq Venkatesh,Female,38,IT,Manager,B.Tech,14,73567.0,2018-02-24,Hyderabad,2,Yes,No
EMP01070,Warjas Kota,Male,33,Marketing,Manager,M.Tech,20,38249.0,2019-09-15,Pune,1,Yes,No
EMP01071,Mason Barman,Female,56,IT,Analyst,M.Tech,8,83743.0,2023-01-12,Hyderabad,3,Yes,Yes
EMP01072,Netra Ramesh,Male,37,IT,Senior Analyst,MCA,16,108171.0,2021-03-26,Mumbai,3,No,No
EMP01073,Raagini Dora,Male,23,IT,Team Lead,M.Tech,20,105898.0,2017-11-02,Pune,3,No,No
EMP01074,Yachana Nagi,Male,45,Sales,Analyst,MCA,15,68543.0,2019-06-22,Hyderabad,5,Yes,No
EMP01075,Jatin Krishnan,Female,35,IT,Manager,M.Tech,19,77719.0,2016-12-10,Bangalore,2,No,No
EMP01076,Avni Kadakia,Female,56,IT,Analyst,M.Tech,2,79436.0,2024-06-08,Bangalore,5,No,No
EMP01077,Lajita Sahota,Male,58,Marketing,Team Lead,B.Tech,16,63902.0,2018-02-06,Pune,2,No,No
EMP01078,Qadim Subramanian,Male,37,HR,Manager,MBA,14,50631.0,2022-09-18,Pune,1,No,No
EMP01079,Chaitaly Raj,Female,60,Marketing,Senior Analyst,MBA,16,40009.0,2021-06-16,Chennai,2,Yes,No
EMP01080,Ekanta Jani,Male,60,Marketing,Team Lead,MCA,7,85885.0,2018-10-21,Pune,3,Yes,No
EMP01081,Urvi Lad,Male,58,IT,Manager,B.Tech,13,105184.0,2023-04-14,Hyderabad,4,Yes,No
EMP01082,Gunbir Dara,Female,28,HR,Senior Analyst,BCA,3,57435.0,2017-04-19,Chennai,1,Yes,No
EMP01083,Saksham Patla,Female,49,IT,Team Lead,B.Tech,4,117488.0,2021-01-16,Chennai,5,Yes,No
EMP01084,George Sunder,Female,59,Sales,Analyst,BCA,3,74146.0,2020-04-26,Bangalore,3,No,No
EMP01085,Ansh Bumb,Female,40,Finance,Manager,B.Tech,20,103950.0,2023-11-29,Hyderabad,5,Yes,No
EMP01086,Maanav Natarajan,Female,46,HR,Team Lead,MBA,0,68899.0,2022-05-28,Hyderabad,5,No,No
EMP01087,Rachit Walia,Male,58,IT,Manager,MCA,7,88974.0,2018-12-22,Pune,4,No,No
EMP01088,Jack Mishra,Male,49,HR,Team Lead,M.Tech,4,32748.0,2018-10-16,Mumbai,3,Yes,No
EMP01089,Suhani Choudhury,Female,53,Sales,Manager,B.Tech,9,51704.0,2026-02-14,Hyderabad,3,No,Yes
EMP01090,Jasmit Bhakta,Male,28,Marketing,Senior Analyst,M.Tech,3,50183.0,2016-12-26,Mumbai,2,Yes,No
EMP01091,Idika Atwal,Male,22,Marketing,Manager,BCA,1,70378.0,2020-07-09,Pune,2,No,No
EMP01092,Raagini Jain,Male,51,Marketing,Team Lead,BCA,13,82978.0,2024-09-18,Bangalore,4,No,No
EMP01093,Thomas Gaba,Female,29,Finance,Team Lead,BCA,8,56385.0,2022-01-20,Hyderabad,1,No,No
EMP01094,Dakshesh Bumb,Male,42,HR,Analyst,MBA,16,51976.0,2019-10-28,Bangalore,5,No,No
EMP01095,Ekavir Srinivasan,Male,22,HR,Senior Analyst,B.Tech,17,73327.0,2018-06-12,Mumbai,4,Yes,No
EMP01096,Rajata Muni,Male,53,HR,Team Lead,B.Tech,8,60809.0,2022-09-15,Hyderabad,1,Yes,No
EMP01097,Mugdha Kunda,Male,33,IT,Analyst,MBA,13,58816.0,2024-03-28,Pune,5,No,No
EMP01098,Henry Soman,Male,41,Marketing,Senior Analyst,MCA,7,76793.0,2024-08-04,Chennai,4,No,No
EMP01099,Abhiram Thakur,Male,36,Marketing,Analyst,MCA,11,70613.0,2018-08-03,Chennai,4,No,No
EMP01100,Adweta Mangal,Female,29,HR,Team Lead,MBA,13,37590.0,2026-08-06,Hyderabad,4,No,No
EMP01101,Mitali Madan,Female,39,Marketing,Senior Analyst,MBA,13,80037.0,2022-10-15,Bangalore,5,No,No
EMP01102,Daniel Nori,Female,49,Sales,Manager,MCA,10,83900.0,2022-08-05,Bangalore,3,No,No
EMP01103,Shivansh Zachariah,Female,50,HR,Manager,B.Tech,10,71698.0,2024-05-23,Mumbai,2,Yes,No
EMP01104,Unnati Aurora,Male,23,IT,Manager,BCA,19,130052.0,2024-02-26,Pune,3,Yes,No
EMP01105,Upadhriti Goswami,Male,32,IT,Manager,B.Tech,16,77585.0,2023-05-21,Pune,2,No,No
EMP01106,Wriddhish Kothari,Male,22,Sales,Analyst,BCA,13,58261.0,2024-12-11,Mumbai,1,No,No
EMP01107,Sai Desai,Male,36,Finance,Senior Analyst,BCA,1,65571.0,2023-10-16,Pune,1,No,No
EMP01108,Logan Chawla,Male,26,Finance,Manager,BCA,4,80389.0,2026-06-06,Bangalore,5,Yes,No
EMP01109,Balhaar Sami,Female,42,IT,Manager,M.Tech,18,101265.0,2017-11-26,Bangalore,3,No,No
EMP01110,Hemal Bhardwaj,Female,46,Finance,Team Lead,MBA,6,58065.0,2022-06-25,Bangalore,2,No,No
EMP01111,Urvi Bahri,Male,46,Marketing,Analyst,MBA,8,66676.0,2020-06-05,Chennai,3,Yes,No
EMP01112,Advika Dhingra,Male,50,Finance,Team Lead,MBA,7,48262.0,2023-11-10,Mumbai,1,No,No
EMP01113,Deepa Mahal,Male,35,Sales,Manager,M.Tech,4,40962.0,2023-06-19,Hyderabad,1,Yes,Yes
EMP01114,Brijesh Swaminathan,Male,25,Finance,Manager,MCA,19,107064.0,2024-12-21,Chennai,3,No,No
EMP01115,Bhavani Chakraborty,Female,22,HR,Team Lead,B.Tech,1,51066.0,2024-05-07,Mumbai,4,No,No
EMP01116,Yash Dora,Female,54,Sales,Analyst,BCA,20,60898.0,2018-12-18,Chennai,1,No,No
EMP01117,Mohammed Borah,Male,32,HR,Senior Analyst,MBA,0,40622.0,2017-05-31,Bangalore,1,No,No
EMP01118,Daksh Sehgal,Female,47,Finance,Analyst,MCA,5,113758.0,2022-06-13,Bangalore,4,No,No
EMP01119,Unni Kalita,Female,58,Sales,Senior Analyst,B.Tech,16,72255.0,2023-11-06,Pune,5,Yes,No
EMP01120,Aarush Amble,Female,51,Marketing,Senior Analyst,MCA,11,69038.0,2022-01-22,Hyderabad,2,No,No
EMP01121,Sudiksha Bhagat,Female,26,IT,Analyst,MCA,10,104565.0,2022-10-11,Hyderabad,2,Yes,No
EMP01122,Vinaya Sarkar,Female,60,Marketing,Senior Analyst,BCA,14,56694.0,2018-01-07,Pune,5,Yes,Yes
EMP01123,Dominic Gola,Female,40,Sales,Manager,M.Tech,20,31851.0,2026-01-02,Pune,3,No,No
EMP01124,Chanchal Dube,Male,28,Sales,Senior Analyst,MCA,17,56553.0,2022-10-02,Hyderabad,3,Yes,Yes
EMP01125,Daksh Basu,Female,43,HR,Team Lead,M.Tech,16,68490.0,2020-01-07,Chennai,2,Yes,No
EMP01126,Januja Dixit,Male,31,IT,Senior Analyst,MBA,7,78369.0,2017-04-24,Bangalore,3,Yes,Yes
EMP01127,Tripti Khare,Female,52,IT,Team Lead,MCA,4,117070.0,2017-02-16,Mumbai,1,Yes,No
EMP01128,Januja Prabhakar,Female,44,Marketing,Team Lead,M.Tech,12,59727.0,2024-02-09,Pune,5,Yes,No
EMP01129,Riya Ganesh,Female,31,Marketing,Manager,M.Tech,6,45886.0,2024-02-23,Chennai,4,No,No
EMP01130,Zilmil Tripathi,Male,23,IT,Team Lead,MBA,17,107070.0,2026-02-19,Pune,4,Yes,No
EMP01131,Harsh Gole,Male,22,Marketing,Senior Analyst,MBA,17,47516.0,2017-11-15,Pune,5,Yes,No
EMP01132,Ekani Patil,Female,38,IT,Analyst,M.Tech,18,90683.0,2025-04-04,Pune,1,No,No
EMP01133,Ekanta Sampath,Female,39,Finance,Analyst,M.Tech,12,50756.0,2020-12-28,Bangalore,4,No,No
EMP01134,Avi Goda,Male,24,Finance,Team Lead,BCA,5,107055.0,2017-01-31,Mumbai,2,Yes,No
EMP01135,Baljiwan Thakur,Male,25,HR,Manager,BCA,2,57497.0,2023-09-11,Pune,1,No,No
EMP01136,Vrishti Chand,Female,42,HR,Senior Analyst,M.Tech,20,70239.0,2025-05-17,Pune,5,Yes,No
EMP01137,Warjas Natt,Male,39,Finance,Analyst,B.Tech,13,53058.0,2020-04-21,Chennai,1,No,Yes
EMP01138,George Kumer,Male,22,Marketing,Team Lead,MCA,6,80135.0,2020-04-09,Mumbai,3,Yes,No
EMP01139,Zayyan Peri,Female,27,Sales,Analyst,BCA,14,41284.0,2019-03-26,Hyderabad,1,Yes,No
EMP01140,Ekansh Sharma,Male,35,Sales,Team Lead,MBA,18,32635.0,2018-07-30,Bangalore,2,No,No
EMP01141,Bahadurjit Dasgupta,Female,33,HR,Team Lead,B.Tech,4,50348.0,2023-12-21,Mumbai,3,No,Yes
EMP01142,Aashi Goswami,Male,40,HR,Team Lead,MBA,6,47878.0,2021-04-16,Pune,1,No,No
EMP01143,Kritika Seth,Female,32,Sales,Analyst,M.Tech,18,77659.0,2026-07-21,Chennai,2,Yes,No
EMP01144,Fiyaz Mangal,Female,27,Finance,Senior Analyst,MCA,11,82839.0,2021-03-05,Hyderabad,4,No,No
EMP01145,Aryan Bassi,Male,52,IT,Senior Analyst,MBA,3,117768.0,2017-05-19,Mumbai,3,No,No
EMP01146,Advaith Bhargava,Male,42,Marketing,Analyst,MCA,12,78142.0,2021-01-26,Bangalore,2,No,No
EMP01147,Nilima Bobal,Male,33,Finance,Team Lead,MCA,10,89128.0,2023-05-07,Hyderabad,4,Yes,No
EMP01148,Suhani Anne,Female,47,IT,Manager,B.Tech,14,130820.0,2022-06-23,Pune,3,No,No
EMP01149,Chaitaly Ravel,Male,54,Finance,Analyst,MBA,12,84344.0,2024-01-31,Chennai,3,No,Yes
EMP01150,Dalbir Seshadri,Female,60,Marketing,Senior Analyst,M.Tech,0,45749.0,2023-02-07,Hyderabad,2,No,No
EMP01151,Lajita Balakrishnan,Male,44,IT,Manager,MBA,2,90537.0,2026-07-14,Hyderabad,4,Yes,No
EMP01152,Laksh D’Alia,Male,33,HR,Senior Analyst,B.Tech,6,41276.0,2016-11-07,Chennai,1,Yes,No
EMP01153,Nathaniel Sabharwal,Male,44,HR,Analyst,MBA,17,54527.0,2024-01-20,Mumbai,4,Yes,Yes
EMP01154,Radhika Taneja,Male,46,Finance,Senior Analyst,MCA,12,105749.0,2025-05-11,Hyderabad,4,No,No
EMP01155,Isha Soni,Female,53,Sales,Analyst,B.Tech,13,81622.0,2019-12-08,Mumbai,2,Yes,No
EMP01156,Timothy Tiwari,Male,60,Sales,Manager,BCA,11,74544.0,2024-05-25,Hyderabad,2,No,No
EMP01157,Pallavi Bhardwaj,Male,43,HR,Manager,B.Tech,1,43843.0,2026-04-27,Chennai,2,No,No
EMP01158,Krishna Chatterjee,Female,33,Sales,Senior Analyst,MBA,12,93000.0,2024-01-17,Mumbai,1,No,Yes
EMP01159,Hredhaan Verma,Female,22,IT,Senior Analyst,MCA,11,139923.0,2021-06-25,Hyderabad,5,No,No
EMP01160,Tanay Garde,Female,49,Finance,Analyst,MCA,0,108719.0,2017-01-30,Chennai,3,Yes,No
EMP01161,Ekavir Kanda,Female,43,Marketing,Team Lead,BCA,14,67903.0,2022-12-16,Hyderabad,4,No,No
EMP01162,William Bhasin,Female,34,IT,Manager,MBA,4,50911.0,2017-07-22,Bangalore,4,No,No
EMP01163,Suhani Dugar,Male,60,IT,Team Lead,MCA,3,114175.0,2026-06-27,Chennai,3,No,No
EMP01164,Mitesh Soman,Female,48,IT,Analyst,MBA,17,85027.0,2025-11-04,Pune,3,Yes,No
EMP01165,Brijesh Dara,Female,37,Marketing,Senior Analyst,BCA,3,58412.0,2019-04-22,Mumbai,1,Yes,No
EMP01166,Bimala Choudhary,Female,44,HR,Manager,M.Tech,20,62338.0,2021-09-29,Hyderabad,5,No,No
EMP01167,Avi Raj,Male,60,IT,Analyst,MBA,2,92806.0,2018-05-11,Mumbai,1,No,No
EMP01168,Devansh Apte,Female,27,Sales,Manager,BCA,13,82525.0,2022-06-16,Hyderabad,5,No,Yes
EMP01169,Vinaya Balan,Male,25,Sales,Team Lead,M.Tech,19,97376.0,2023-01-28,Chennai,2,No,No
EMP01170,Robert Bansal,Male,60,Sales,Manager,B.Tech,5,66287.0,2024-07-06,Pune,3,Yes,No
EMP01171,Vasatika Sundaram,Male,39,Finance,Team Lead,MBA,6,47453.0,2026-02-25,Mumbai,3,Yes,No
EMP01172,Veer Dora,Male,26,HR,Team Lead,M.Tech,7,31184.0,2024-08-21,Chennai,5,No,No
EMP01173,Gayathri Hayer,Male,43,Marketing,Team Lead,MCA,10,70484.0,2018-11-02,Pune,4,Yes,No
EMP01174,David Babu,Male,46,Finance,Team Lead,MBA,15,72608.0,2016-10-27,Bangalore,5,Yes,No
EMP01175,Pallavi Lall,Female,41,Finance,Team Lead,MCA,17,90259.0,2023-01-04,Chennai,4,Yes,Yes
EMP01176,Chaitaly Dugar,Female,58,HR,Manager,MBA,19,68334.0,2017-11-11,Bangalore,3,No,No
EMP01177,Vrishti Bora,Male,28,HR,Manager,B.Tech,12,65231.0,2020-12-14,Hyderabad,1,No,No
EMP01178,Ayushman Ganesh,Female,44,HR,Senior Analyst,MBA,5,78133.0,2017-02-04,Mumbai,3,No,No
EMP01179,Gaurangi Anne,Female,54,Sales,Manager,B.Tech,20,43846.0,2022-04-17,Chennai,4,No,No
EMP01180,Ekaraj Sridhar,Male,47,Sales,Team Lead,BCA,14,50574.0,2018-10-14,Mumbai,3,No,No
EMP01181,Guneet Nayar,Female,48,HR,Manager,B.Tech,3,55123.0,2018-03-20,Bangalore,5,Yes,No
EMP01182,Ayush Kara,Male,60,HR,Manager,BCA,19,70627.0,2021-06-22,Pune,5,Yes,No
EMP01183,Yashica Balay,Male,45,HR,Analyst,M.Tech,18,70992.0,2017-03-25,Chennai,5,Yes,No
EMP01184,Jagdish Chacko,Male,33,HR,Manager,B.Tech,14,54186.0,2018-12-16,Pune,2,No,No
EMP01185,Vidhi More,Female,37,IT,Manager,B.Tech,0,77132.0,2023-04-08,Hyderabad,4,Yes,No
EMP01186,Warhi Sur,Male,22,Marketing,Analyst,MBA,10,45437.0,2021-12-27,Mumbai,4,No,No
EMP01187,Aarush Sachdeva,Male,60,IT,Analyst,MBA,13,84082.0,2019-04-17,Chennai,1,No,No
EMP01188,Zansi Ranganathan,Female,49,Finance,Analyst,BCA,1,92628.0,2023-11-10,Hyderabad,3,Yes,No
EMP01189,Bhavani Memon,Male,37,HR,Manager,B.Tech,11,57059.0,2019-06-06,Pune,1,No,No
EMP01190,Waida Bandi,Male,38,IT,Team Lead,MCA,14,142940.0,2025-12-26,Chennai,3,No,No
EMP01191,Ansh Devan,Male,31,Sales,Team Lead,BCA,18,66083.0,2021-10-21,Hyderabad,3,No,No
EMP01192,Peter Sastry,Female,52,Sales,Manager,MCA,9,50749.0,2023-12-18,Hyderabad,2,Yes,No
EMP01193,Zarna Konda,Male,23,Marketing,Senior Analyst,M.Tech,9,60180.0,2026-04-20,Pune,2,Yes,No
EMP01194,Eshana Anand,Female,52,Sales,Senior Analyst,MCA,11,96662.0,2017-02-15,Hyderabad,5,No,No
EMP01195,Chandresh Bahri,Female,32,Marketing,Manager,B.Tech,11,59771.0,2021-03-28,Chennai,4,Yes,No
EMP01196,Bhavani Naik,Male,31,IT,Team Lead,M.Tech,10,79468.0,2016-11-28,Bangalore,2,No,No
EMP01197,Harish Badami,Male,55,Finance,Senior Analyst,B.Tech,14,119633.0,2024-03-28,Pune,1,No,No
EMP01198,Nicholas Shetty,Male,25,IT,Manager,M.Tech,10,116508.0,2023-07-12,Mumbai,2,Yes,Yes
EMP01199,Omkaar Goswami,Female,33,Sales,Analyst,M.Tech,5,62124.0,2023-07-31,Pune,5,No,No
EMP01200,Gagan Bal,Male,30,IT,Team Lead,BCA,6,146119.0,2018-10-22,Hyderabad,2,Yes,No
EMP01201,Dalaja Soni,Male,42,Marketing,Analyst,B.Tech,18,66279.0,2026-03-13,Chennai,1,No,No
EMP01202,Arin Jani,Male,60,IT,Manager,MCA,15,75873.0,2025-11-01,Mumbai,1,No,Yes
EMP01203,Ria Narasimhan,Female,22,IT,Team Lead,MBA,14,134230.0,2023-04-06,Mumbai,3,No,No
EMP01204,Bhavani Radhakrishnan,Female,41,HR,Team Lead,M.Tech,10,63245.0,2025-11-16,Hyderabad,3,No,No
EMP01205,Yashasvi Morar,Male,33,Marketing,Manager,BCA,16,55237.0,2017-07-07,Pune,5,No,No
EMP01206,Qushi Varkey,Female,41,Finance,Analyst,MBA,5,68435.0,2018-03-02,Pune,5,Yes,Yes
EMP01207,Quincy Kumer,Female,54,HR,Team Lead,MCA,3,79994.0,2022-01-18,Mumbai,4,Yes,No
EMP01208,Aadhya Dara,Male,42,Sales,Senior Analyst,B.Tech,19,57563.0,2025-05-29,Chennai,2,Yes,No
EMP01209,Charles Thaker,Female,60,Marketing,Manager,MCA,5,56343.0,2021-10-07,Hyderabad,3,No,No
EMP01210,Osha Comar,Female,42,Sales,Manager,MCA,11,49003.0,2023-08-19,Chennai,5,No,No
EMP01211,Niharika Rege,Female,44,Finance,Senior Analyst,MBA,0,97963.0,2020-10-02,Pune,1,Yes,Yes
EMP01212,Daniel Lala,Male,42,HR,Manager,MBA,8,49319.0,2017-06-01,Pune,5,Yes,No
EMP01213,Bina Minhas,Female,28,HR,Analyst,B.Tech,19,62960.0,2019-02-19,Hyderabad,3,No,No
EMP01214,Jai Barman,Female,53,Marketing,Senior Analyst,MCA,15,38014.0,2023-09-18,Mumbai,5,No,No
EMP01215,Ikshita Virk,Female,56,IT,Team Lead,MBA,3,57355.0,2018-04-27,Pune,1,No,No
EMP01216,Amol Koshy,Female,31,HR,Senior Analyst,M.Tech,2,51269.0,2021-04-04,Pune,5,Yes,No
EMP01217,Mekhala Ramanathan,Female,57,Marketing,Team Lead,BCA,2,63721.0,2024-08-20,Hyderabad,1,No,No
EMP01218,Lavanya Sahota,Female,36,Sales,Manager,MCA,14,58155.0,2020-04-03,Pune,2,No,Yes
EMP01219,Chatura Kannan,Female,49,Sales,Manager,MBA,19,33032.0,2025-07-23,Bangalore,5,Yes,Yes
EMP01220,Eesha Sha,Male,54,Marketing,Team Lead,M.Tech,11,36061.0,2019-10-23,Chennai,3,No,No
EMP01221,Nimrat Solanki,Male,56,IT,Senior Analyst,M.Tech,2,124095.0,2021-03-19,Bangalore,5,No,Yes
EMP01222,Brijesh Agate,Female,39,Marketing,Manager,MBA,20,47510.0,2022-09-30,Hyderabad,3,Yes,No
EMP01223,Krishna Sawhney,Female,23,HR,Manager,M.Tech,20,67697.0,2023-07-18,Pune,1,No,No
EMP01224,Girish Chopra,Male,38,IT,Senior Analyst,M.Tech,0,79521.0,2023-07-26,Pune,5,No,No
EMP01225,Kamala Gaba,Male,34,HR,Senior Analyst,B.Tech,18,53242.0,2016-09-15,Pune,2,Yes,No
EMP01226,Aarnav Chander,Male,30,IT,Team Lead,BCA,17,128895.0,2024-09-07,Pune,3,Yes,No
EMP01227,Omkaar Hora,Female,36,HR,Senior Analyst,MCA,6,49852.0,2020-11-21,Bangalore,2,No,No
EMP01228,Ayaan Cherian,Male,46,IT,Analyst,MBA,12,53332.0,2025-11-25,Chennai,4,Yes,No
EMP01229,Tejas Shah,Male,33,HR,Analyst,B.Tech,12,68680.0,2022-07-31,Hyderabad,1,No,No
EMP01230,Unni Nath,Female,34,Marketing,Senior Analyst,BCA,11,84131.0,2021-12-06,Mumbai,3,No,No
EMP01231,Zaid Bakshi,Male,22,Sales,Manager,MBA,16,44679.0,2017-08-08,Chennai,1,No,No
EMP01232,Balendra Srivastava,Female,36,Sales,Analyst,MBA,9,38559.0,2018-12-11,Chennai,1,No,No
EMP01233,Ladli Dhillon,Male,58,Sales,Analyst,B.Tech,1,48446.0,2024-01-22,Mumbai,2,Yes,No
EMP01234,Onveer Radhakrishnan,Male,40,Finance,Team Lead,M.Tech,1,53019.0,2024-01-23,Chennai,2,No,No
EMP01235,Rushil Wagle,Male,45,HR,Analyst,B.Tech,5,63986.0,2018-02-20,Bangalore,4,Yes,No
EMP01236,Orinder Gade,Female,42,Sales,Analyst,BCA,12,78913.0,2020-11-09,Pune,1,No,No
EMP01237,Vincent Kamdar,Female,60,IT,Senior Analyst,B.Tech,4,103432.0,2016-11-20,Bangalore,1,No,Yes
EMP01238,Chatresh Hayre,Male,52,HR,Manager,MBA,2,57517.0,2026-01-24,Mumbai,4,Yes,No
EMP01239,Aryan Grover,Female,38,Marketing,Senior Analyst,MCA,20,35047.0,2026-07-14,Mumbai,3,Yes,No
EMP01240,Ishaan Raju,Male,54,Finance,Senior Analyst,B.Tech,15,119873.0,2026-03-01,Hyderabad,1,Yes,No
EMP01241,Neha Behl,Female,33,Finance,Team Lead,MCA,9,58792.0,2017-04-06,Chennai,5,No,No
EMP01242,Ayaan Basu,Male,59,HR,Analyst,MBA,10,57657.0,2020-11-22,Bangalore,2,Yes,No
EMP01243,Yashvi Kale,Male,32,IT,Manager,MCA,4,133182.0,2022-06-07,Bangalore,5,No,Yes
EMP01244,Chakradhar Yohannan,Female,50,Finance,Senior Analyst,MBA,11,69608.0,2024-05-09,Mumbai,3,No,No
EMP01245,Maanav Manne,Female,43,IT,Senior Analyst,MCA,8,135912.0,2024-04-26,Pune,4,No,No
EMP01246,Unnati Bath,Female,49,IT,Analyst,M.Tech,10,118035.0,2026-07-05,Hyderabad,1,Yes,No
EMP01247,Nidra Gade,Female,30,Finance,Team Lead,MCA,3,60765.0,2017-09-22,Chennai,4,Yes,No
EMP01248,Faqid Verma,Male,31,Marketing,Senior Analyst,BCA,5,61054.0,2026-05-17,Hyderabad,3,Yes,No
EMP01249,Ansh Balay,Female,56,Marketing,Senior Analyst,M.Tech,16,69409.0,2026-03-14,Hyderabad,3,Yes,Yes
EMP01250,Yash Barad,Male,31,IT,Manager,B.Tech,5,133218.0,2021-04-24,Pune,1,No,No
EMP01251,Prisha Raman,Female,51,Sales,Team Lead,B.Tech,12,98386.0,2022-06-08,Pune,1,Yes,No
EMP01252,Kala Doctor,Male,25,Sales,Manager,B.Tech,17,70842.0,2018-08-28,Hyderabad,4,Yes,No
EMP01253,Wakeeta De,Female,59,HR,Senior Analyst,B.Tech,12,40449.0,2023-11-23,Pune,1,Yes,No
EMP01254,Warinder Chowdhury,Male,35,Sales,Manager,B.Tech,4,82617.0,2024-03-21,Pune,3,Yes,Yes
EMP01255,Saumya Nagy,Female,36,IT,Manager,MCA,16,90784.0,2023-01-06,Bangalore,5,No,No
EMP01256,Adweta Banerjee,Female,39,HR,Analyst,MBA,2,79430.0,2022-11-15,Pune,1,No,No
EMP01257,Chaitanya Srinivas,Female,40,Finance,Senior Analyst,M.Tech,18,67079.0,2021-07-23,Bangalore,1,No,No
EMP01258,Aishani Sarma,Female,25,HR,Analyst,MCA,15,75979.0,2019-12-12,Pune,3,No,No
EMP01259,Janani Sharma,Male,53,Finance,Senior Analyst,M.Tech,8,91748.0,2019-10-22,Chennai,2,No,Yes
EMP01260,Ekalinga Shan,Female,60,Sales,Manager,BCA,3,93945.0,2024-04-23,Mumbai,1,Yes,No
EMP01261,Benjamin Prakash,Male,45,Marketing,Manager,MBA,3,42698.0,2017-01-14,Bangalore,3,No,No
EMP01262,Ishani Joshi,Female,49,Finance,Analyst,B.Tech,18,113519.0,2017-02-22,Mumbai,2,Yes,Yes
EMP01263,Varsha Patla,Male,51,Sales,Team Lead,MCA,3,68309.0,2019-11-30,Pune,3,Yes,No
EMP01264,Brinda Mall,Female,32,Sales,Senior Analyst,M.Tech,14,36265.0,2024-12-25,Mumbai,3,No,No
EMP01265,Chatura Mitter,Female,44,Sales,Senior Analyst,MCA,5,95514.0,2025-03-24,Pune,1,Yes,No
EMP01266,Yadavi Loyal,Female,34,Finance,Team Lead,MBA,10,110168.0,2021-03-27,Pune,3,No,No
EMP01267,Abdul Dutt,Male,34,Sales,Team Lead,M.Tech,5,52091.0,2020-05-14,Mumbai,3,Yes,No
EMP01268,Alka Sharma,Male,60,Finance,Manager,MCA,19,54952.0,2019-04-30,Hyderabad,3,No,No
EMP01269,Max Peri,Female,58,Finance,Analyst,MCA,4,95494.0,2017-07-30,Hyderabad,4,Yes,No
EMP01270,Watika Pandit,Female,23,HR,Manager,B.Tech,17,40158.0,2024-10-22,Hyderabad,2,Yes,No
EMP01271,Imaran Srivastava,Female,37,Finance,Analyst,M.Tech,20,73307.0,2025-08-09,Chennai,4,No,No
EMP01272,Aarini Kapadia,Male,55,Marketing,Manager,M.Tech,17,72230.0,2024-04-29,Chennai,3,No,No
EMP01273,Manya Tandon,Male,42,Sales,Team Lead,BCA,13,78526.0,2023-03-07,Hyderabad,3,Yes,No
EMP01274,Udant Deshpande,Female,56,Marketing,Team Lead,BCA,18,43438.0,2019-08-31,Mumbai,2,No,Yes
EMP01275,Upkaar Mohan,Male,51,Marketing,Manager,MBA,7,65493.0,2021-04-25,Mumbai,4,Yes,No
EMP01276,Panini Devan,Male,44,HR,Manager,B.Tech,0,66697.0,2018-10-26,Bangalore,3,Yes,No
EMP01277,Anirudh Contractor,Male,60,Sales,Manager,MBA,18,63031.0,2018-07-12,Hyderabad,4,Yes,No
EMP01278,Udant Salvi,Female,43,Finance,Senior Analyst,M.Tech,9,115568.0,2018-10-04,Mumbai,4,Yes,No
EMP01279,Yatin Bail,Male,44,Marketing,Analyst,BCA,18,55608.0,2020-10-21,Mumbai,1,No,No
EMP01280,Advaith Shetty,Male,33,HR,Analyst,MBA,6,46305.0,2022-11-26,Bangalore,3,Yes,No
EMP01281,Chatresh Gulati,Female,48,IT,Manager,MBA,12,125235.0,2022-02-21,Hyderabad,3,Yes,No
EMP01282,Akshay Ghose,Female,38,IT,Manager,BCA,9,96551.0,2021-02-19,Hyderabad,3,No,No
EMP01283,Ranveer Sekhon,Male,43,HR,Manager,BCA,7,53016.0,2020-06-02,Mumbai,3,Yes,No
EMP01284,Utkarsh Tiwari,Female,28,Marketing,Senior Analyst,BCA,1,71511.0,2018-07-31,Mumbai,1,Yes,Yes
EMP01285,Hardik Puri,Female,26,Sales,Senior Analyst,B.Tech,12,70142.0,2021-08-25,Mumbai,4,Yes,Yes
EMP01286,Irya Master,Male,60,Marketing,Team Lead,M.Tech,6,57626.0,2023-07-13,Hyderabad,4,Yes,Yes
EMP01287,Hitesh Naidu,Male,24,Marketing,Analyst,MCA,4,88369.0,2020-02-24,Pune,1,No,No
EMP01288,Amara Saxena,Male,53,HR,Senior Analyst,M.Tech,18,63979.0,2016-11-28,Hyderabad,5,No,No
EMP01289,Banjeet Mammen,Male,57,Finance,Analyst,MCA,17,95966.0,2016-11-18,Hyderabad,3,Yes,No
EMP01290,Lipika Sankaran,Male,44,HR,Analyst,MBA,15,42343.0,2021-05-03,Mumbai,1,Yes,No
EMP01291,Ekansh Mukhopadhyay,Male,40,Sales,Team Lead,B.Tech,16,99720.0,2022-09-15,Chennai,2,No,No
EMP01292,Advika Bera,Female,23,Finance,Manager,BCA,12,102034.0,2018-06-11,Pune,5,No,No
EMP01293,Barkha Ahuja,Female,25,Marketing,Analyst,B.Tech,12,55047.0,2021-05-21,Bangalore,3,Yes,No
EMP01294,Atharv Raghavan,Female,46,Sales,Senior Analyst,MCA,1,33665.0,2020-04-01,Mumbai,1,No,Yes
EMP01295,Chatresh Rajan,Male,35,Marketing,Analyst,MBA,16,46684.0,2024-10-15,Hyderabad,2,No,No
EMP01296,Upadhriti Raj,Male,24,IT,Manager,B.Tech,6,114916.0,2017-03-12,Bangalore,3,Yes,No
EMP01297,Abha Lall,Male,45,HR,Manager,BCA,10,41603.0,2017-12-27,Hyderabad,2,Yes,No
EMP01298,Lucky Joshi,Female,35,Marketing,Team Lead,MBA,8,62711.0,2026-06-30,Bangalore,4,No,No
EMP01299,Sathvik Thakkar,Female,38,Finance,Analyst,MBA,8,69837.0,2023-10-28,Bangalore,4,Yes,No
EMP01300,Libni Varty,Male,53,HR,Analyst,B.Tech,2,71785.0,2019-01-04,Mumbai,3,Yes,No
EMP01301,Harrison Khosla,Female,58,Sales,Team Lead,BCA,12,67330.0,2026-05-30,Bangalore,4,Yes,No
EMP01302,Warjas Loke,Male,52,IT,Manager,BCA,17,115269.0,2022-10-03,Bangalore,2,Yes,No
EMP01303,Nandini Sangha,Male,37,Finance,Manager,M.Tech,5,55958.0,2024-06-09,Pune,4,Yes,No
EMP01304,Ishani Bakshi,Male,35,Finance,Team Lead,BCA,19,50380.0,2019-12-18,Mumbai,1,Yes,No
EMP01305,Kamala Handa,Male,25,Sales,Manager,MBA,8,53006.0,2026-06-08,Hyderabad,3,Yes,No
EMP01306,Elijah Dar,Female,23,HR,Manager,BCA,5,71105.0,2019-12-16,Hyderabad,5,No,No
EMP01307,Waida Sule,Female,25,Marketing,Analyst,BCA,5,44395.0,2020-11-07,Chennai,5,Yes,No
EMP01308,Zashil Chandra,Female,24,Marketing,Senior Analyst,BCA,5,82453.0,2024-11-28,Hyderabad,1,No,No
EMP01309,Janani Golla,Male,36,IT,Analyst,M.Tech,18,57656.0,2026-05-13,Mumbai,1,Yes,No
EMP01310,Siddharth Batta,Female,50,Finance,Senior Analyst,MBA,18,95600.0,2019-07-23,Mumbai,3,No,No
EMP01311,Maya Majumdar,Female,36,Finance,Senior Analyst,MCA,15,65072.0,2020-05-19,Hyderabad,4,No,No
EMP01312,Maya Badami,Female,31,HR,Analyst,MBA,11,78497.0,2022-08-25,Chennai,5,Yes,Yes
EMP01313,Patrick Basak,Female,48,Finance,Manager,MBA,4,91260.0,2016-08-30,Chennai,4,No,No
EMP01314,Yatan Bhalla,Female,30,Finance,Senior Analyst,B.Tech,11,89276.0,2016-12-20,Hyderabad,2,Yes,No
EMP01315,Balhaar Yogi,Female,45,Marketing,Team Lead,B.Tech,11,65367.0,2023-01-31,Chennai,2,No,No
EMP01316,Bachittar Koshy,Female,25,IT,Senior Analyst,B.Tech,17,135490.0,2019-06-13,Pune,5,Yes,No
EMP01317,Joshua Vaidya,Female,23,Finance,Senior Analyst,MBA,16,101594.0,2021-07-06,Mumbai,2,No,No
EMP01318,Ansh Ravi,Male,31,Marketing,Manager,MCA,4,77024.0,2026-04-16,Chennai,2,Yes,No
EMP01319,Finn Chauhan,Male,28,Finance,Analyst,BCA,10,114545.0,2021-02-18,Bangalore,1,Yes,No
EMP01320,Yagnesh Swaminathan,Female,34,Sales,Senior Analyst,B.Tech,2,71064.0,2018-11-16,Pune,1,No,No
EMP01321,Ojas Dani,Female,52,Marketing,Team Lead,B.Tech,10,73236.0,2020-05-20,Pune,3,Yes,No
EMP01322,Harinakshi Sethi,Male,56,Marketing,Manager,B.Tech,5,44962.0,2021-11-24,Mumbai,5,No,No
EMP01323,Kai Korpal,Male,50,Sales,Analyst,BCA,7,44858.0,2019-07-04,Hyderabad,4,No,No
EMP01324,Bhavika Raghavan,Female,50,Finance,Senior Analyst,MBA,15,67342.0,2023-11-27,Bangalore,4,No,No
EMP01325,Balveer Karpe,Male,41,Sales,Manager,B.Tech,2,78492.0,2021-10-07,Bangalore,2,No,Yes
EMP01326,Krishna Raja,Female,23,Sales,Manager,B.Tech,2,76492.0,2019-11-22,Pune,3,Yes,No
EMP01327,Manan Magar,Male,53,Marketing,Team Lead,B.Tech,8,69107.0,2023-09-26,Bangalore,2,No,No
EMP01328,Andrew Babu,Female,51,Sales,Analyst,MCA,14,86747.0,2025-03-23,Mumbai,1,Yes,No
EMP01329,Sanya Behl,Female,46,Marketing,Senior Analyst,MBA,0,83145.0,2025-02-18,Chennai,4,Yes,No
EMP01330,Qasim Divan,Female,48,Sales,Team Lead,B.Tech,12,73992.0,2020-08-25,Pune,3,Yes,No
EMP01331,Oviya Ramanathan,Female,27,Finance,Team Lead,M.Tech,9,79953.0,2023-06-19,Bangalore,1,Yes,Yes
EMP01332,Pahal Rana,Male,31,IT,Senior Analyst,BCA,7,59753.0,2021-11-04,Bangalore,1,Yes,No
EMP01333,Meghana Chacko,Female,43,Sales,Analyst,M.Tech,19,39225.0,2026-07-20,Bangalore,1,Yes,Yes
EMP01334,Urishilla Kant,Male,22,HR,Manager,B.Tech,2,42161.0,2019-11-03,Hyderabad,1,Yes,Yes
EMP01335,Champak Banerjee,Male,53,Finance,Senior Analyst,MBA,10,114380.0,2017-07-15,Pune,5,Yes,No
EMP01336,Nitara Kothari,Male,34,Finance,Team Lead,B.Tech,5,111530.0,2026-06-18,Mumbai,5,Yes,Yes
EMP01337,Kabir Soni,Female,36,IT,Senior Analyst,MBA,2,74667.0,2019-10-25,Mumbai,3,No,No
EMP01338,Samarth Parmer,Female,44,Marketing,Senior Analyst,M.Tech,20,53704.0,2018-02-22,Bangalore,3,No,No
EMP01339,Tarak Loyal,Female,25,HR,Manager,BCA,2,34038.0,2023-12-14,Chennai,1,Yes,Yes
EMP01340,Bhavika Karpe,Male,58,Sales,Team Lead,MCA,18,77379.0,2025-04-11,Chennai,3,No,No
EMP01341,Jyoti Banerjee,Female,56,Sales,Senior Analyst,B.Tech,15,69353.0,2017-05-28,Mumbai,2,Yes,No
EMP01342,Varenya Gade,Female,47,Sales,Manager,MBA,13,90941.0,2024-10-20,Chennai,2,Yes,No
EMP01343,Upkaar Manne,Female,46,Finance,Senior Analyst,MBA,13,48208.0,2019-07-29,Pune,1,No,No
EMP01344,Balendra Kaur,Male,28,HR,Analyst,MBA,4,68858.0,2025-09-16,Chennai,2,No,No
EMP01345,Krish Dasgupta,Male,41,Sales,Team Lead,B.Tech,6,32841.0,2018-08-14,Hyderabad,4,No,No
EMP01346,Reyansh Sama,Male,44,Finance,Analyst,BCA,13,65948.0,2022-08-29,Pune,4,No,No
EMP01347,Arin Srinivasan,Male,48,HR,Manager,BCA,7,63997.0,2020-01-24,Pune,2,No,No
EMP01348,Harrison Dhar,Male,55,Sales,Team Lead,MCA,19,86229.0,2019-12-15,Pune,2,No,No
EMP01349,Ryan Sastry,Female,48,Marketing,Senior Analyst,B.Tech,15,39136.0,2018-10-22,Pune,2,No,Yes
EMP01350,Timothy Mallick,Female,34,Finance,Senior Analyst,MCA,8,117744.0,2024-12-01,Mumbai,2,Yes,No
EMP01351,Vyanjana Chand,Male,42,HR,Analyst,MBA,15,66916.0,2026-01-02,Hyderabad,5,No,No
EMP01352,Faraj Munshi,Female,26,IT,Manager,MBA,16,114348.0,2022-03-11,Hyderabad,3,Yes,No
EMP01353,Radhika Mittal,Male,42,Sales,Team Lead,M.Tech,1,92094.0,2017-08-23,Chennai,5,Yes,No
EMP01354,Bhavani Oak,Male,34,Sales,Analyst,MCA,10,93530.0,2017-07-31,Bangalore,2,No,No
EMP01355,Anmol Sharma,Male,41,HR,Team Lead,B.Tech,12,57721.0,2025-02-23,Hyderabad,3,Yes,No
EMP01356,Wridesh Thaman,Male,45,IT,Manager,B.Tech,20,134408.0,2025-10-01,Chennai,4,Yes,No
EMP01357,Bhavna Balan,Female,51,Marketing,Team Lead,B.Tech,14,84706.0,2018-09-05,Mumbai,4,No,No
EMP01358,Harinakshi Palan,Male,29,HR,Analyst,MCA,18,38423.0,2019-01-24,Mumbai,4,No,No
EMP01359,Oviya Zacharia,Male,49,HR,Team Lead,MBA,10,77218.0,2018-12-02,Hyderabad,3,Yes,No
EMP01360,Naksh Om,Male,30,Sales,Manager,BCA,10,35161.0,2021-01-26,Bangalore,2,Yes,No
EMP01361,Zayyan Koshy,Male,27,IT,Team Lead,MCA,16,71414.0,2020-01-24,Pune,1,No,No
EMP01362,Simon Hans,Male,55,Sales,Manager,MBA,2,94547.0,2017-06-15,Hyderabad,5,Yes,No
EMP01363,Mitesh Bhakta,Female,36,HR,Senior Analyst,BCA,14,40424.0,2024-01-17,Mumbai,1,Yes,No
EMP01364,Logan Khatri,Male,31,HR,Senior Analyst,M.Tech,15,32778.0,2019-04-28,Pune,3,No,Yes
EMP01365,Aayush Murty,Female,23,Finance,Manager,M.Tech,0,111879.0,2023-10-20,Bangalore,1,Yes,No
EMP01366,Urishilla Ravi,Female,22,Marketing,Team Lead,BCA,1,48686.0,2019-12-08,Mumbai,3,Yes,No
EMP01367,Devansh Khalsa,Female,39,Finance,Team Lead,M.Tech,6,64956.0,2024-04-19,Chennai,2,Yes,No
EMP01368,Daksh Varkey,Female,47,Marketing,Analyst,MCA,8,56920.0,2018-10-01,Chennai,1,No,No
EMP01369,Geetika Brar,Female,35,Marketing,Senior Analyst,BCA,20,79030.0,2018-08-19,Bangalore,4,Yes,No
EMP01370,Pushti Bali,Female,35,HR,Team Lead,MCA,6,79791.0,2025-07-19,Chennai,1,Yes,No
EMP01371,Megha Chad,Female,22,Marketing,Senior Analyst,B.Tech,8,49208.0,2019-03-20,Pune,2,No,No
EMP01372,Samarth Lad,Male,53,Finance,Manager,M.Tech,10,105015.0,2024-01-10,Mumbai,3,Yes,No
EMP01373,Mohini Dara,Male,25,IT,Analyst,MCA,19,64058.0,2026-07-02,Bangalore,3,No,No
EMP01374,Bhavika Tara,Female,35,Finance,Senior Analyst,MBA,18,65904.0,2020-02-13,Pune,1,No,Yes
EMP01375,David Dyal,Male,29,Finance,Team Lead,B.Tech,20,47935.0,2023-05-03,Pune,4,Yes,No
EMP01376,Zaid Bail,Male,52,IT,Senior Analyst,BCA,20,147551.0,2023-01-10,Bangalore,1,Yes,No
EMP01377,Aadi Mahajan,Male,58,Finance,Manager,BCA,18,118065.0,2017-08-31,Hyderabad,2,Yes,No
EMP01378,Xalak Acharya,Female,51,Finance,Manager,B.Tech,12,48918.0,2026-07-26,Bangalore,5,Yes,Yes
EMP01379,Hema Kanda,Female,34,IT,Team Lead,BCA,8,143048.0,2021-11-07,Pune,2,Yes,No
EMP01380,Yashvi Bala,Female,57,Finance,Manager,B.Tech,0,50783.0,2021-05-23,Bangalore,3,No,No
EMP01381,Chandani Sridhar,Female,56,IT,Senior Analyst,MCA,19,98142.0,2016-08-11,Pune,5,Yes,No
EMP01382,Dayamai Mannan,Female,45,Sales,Manager,MCA,20,75454.0,2024-11-20,Pune,2,No,No
EMP01383,Ryan Barad,Male,60,Marketing,Team Lead,B.Tech,13,58614.0,2023-04-02,Pune,3,No,No
EMP01384,Oeshi Khatri,Female,54,Finance,Senior Analyst,M.Tech,17,66532.0,2021-11-26,Pune,5,Yes,No
EMP01385,Reyansh Kunda,Female,27,Marketing,Manager,BCA,4,88494.0,2025-01-31,Mumbai,5,Yes,No
EMP01386,Balhaar Chad,Male,36,Marketing,Team Lead,MBA,3,72713.0,2021-07-09,Bangalore,3,No,Yes
EMP01387,Harrison Nagy,Female,36,Marketing,Team Lead,MBA,12,69283.0,2023-02-07,Bangalore,2,No,No
EMP01388,Rohan Chaudhary,Male,53,HR,Senior Analyst,BCA,6,76937.0,2017-12-04,Pune,2,No,Yes
EMP01389,Forum Baria,Male,23,Sales,Analyst,BCA,6,42659.0,2016-10-21,Pune,1,Yes,No
EMP01390,Fitan Ahuja,Male,49,HR,Team Lead,MBA,2,34392.0,2020-10-23,Bangalore,5,No,No
EMP01391,Januja Kota,Female,59,Sales,Manager,M.Tech,12,79140.0,2019-10-10,Mumbai,1,No,No
EMP01392,Radhika Wable,Female,52,IT,Manager,M.Tech,15,91894.0,2017-05-15,Bangalore,4,No,No
EMP01393,Urvi Dhar,Female,27,Finance,Manager,MCA,0,94803.0,2018-08-19,Mumbai,1,Yes,Yes
EMP01394,Jatin Cherian,Female,37,HR,Manager,BCA,20,36160.0,2019-08-07,Pune,3,No,No
EMP01395,Chandani Kara,Male,59,HR,Analyst,M.Tech,19,56909.0,2018-01-31,Chennai,1,Yes,Yes
EMP01396,Aradhana Pillai,Male,38,Finance,Analyst,M.Tech,8,119062.0,2022-08-28,Chennai,2,No,No
EMP01397,Caleb Bhatt,Female,49,Sales,Analyst,B.Tech,5,35218.0,2021-02-02,Bangalore,2,No,No
EMP01398,Jason Jani,Male,46,Finance,Analyst,MCA,7,45746.0,2023-12-26,Hyderabad,2,No,No
EMP01399,Upma Desai,Male,28,Marketing,Senior Analyst,B.Tech,15,49990.0,2024-03-10,Hyderabad,5,Yes,No
EMP01400,Laksh Nadig,Female,23,Finance,Team Lead,M.Tech,15,93060.0,2019-01-11,Bangalore,4,No,No
EMP01401,Agastya Walia,Female,26,IT,Analyst,BCA,8,107185.0,2018-04-03,Pune,3,No,No
EMP01402,Netra Sura,Male,29,Finance,Analyst,B.Tech,16,76880.0,2020-01-31,Bangalore,5,Yes,No
EMP01403,Jackson Issac,Female,57,HR,Team Lead,MBA,14,73244.0,2024-10-05,Bangalore,2,No,No
EMP01404,Laban Lala,Male,41,IT,Senior Analyst,MBA,17,55210.0,2025-03-29,Bangalore,3,Yes,No
EMP01405,Avi Dugar,Female,59,Marketing,Analyst,MCA,0,42389.0,2025-04-15,Hyderabad,3,Yes,No
EMP01406,Bhavini Sridhar,Female,52,Finance,Senior Analyst,BCA,6,69728.0,2020-02-06,Hyderabad,4,Yes,No
EMP01407,Ansh Bhardwaj,Male,52,HR,Analyst,M.Tech,4,63414.0,2020-06-18,Hyderabad,2,No,No
EMP01408,Urmi Sachar,Female,24,Sales,Team Lead,MBA,7,64402.0,2018-06-29,Bangalore,2,No,No
EMP01409,Benjamin Raju,Male,52,Finance,Manager,B.Tech,14,74454.0,2023-04-07,Hyderabad,5,No,No
EMP01410,Ridhi Oza,Female,26,Finance,Analyst,B.Tech,2,101720.0,2022-02-03,Bangalore,3,No,No
EMP01411,Benjamin Om,Female,41,Finance,Team Lead,MCA,8,105883.0,2021-06-12,Chennai,5,No,No
EMP01412,Laban Tak,Male,52,Finance,Team Lead,BCA,18,118424.0,2025-03-19,Chennai,3,Yes,No
EMP01413,Owen Raval,Female,60,Sales,Senior Analyst,MCA,20,65155.0,2016-12-15,Pune,2,Yes,No
EMP01414,Isha Roy,Female,39,Sales,Team Lead,M.Tech,9,55145.0,2020-10-29,Chennai,2,Yes,No
EMP01415,Unni Warrior,Female,35,Sales,Manager,M.Tech,6,77380.0,2019-11-19,Mumbai,2,Yes,No
EMP01416,Isaac Bhavsar,Female,33,Sales,Manager,MCA,20,62378.0,2020-07-03,Hyderabad,4,No,No
EMP01417,Anthony Kar,Male,38,Sales,Analyst,MCA,18,90172.0,2020-05-20,Bangalore,4,No,No
EMP01418,Vasatika Swaminathan,Female,53,IT,Manager,M.Tech,2,74763.0,2018-05-24,Mumbai,3,No,No
EMP01419,Kai Patel,Female,60,HR,Analyst,MBA,8,33341.0,2021-05-14,Chennai,4,No,No
EMP01420,Yutika Setty,Male,24,IT,Analyst,MCA,4,73737.0,2020-04-01,Bangalore,5,No,No
EMP01421,Jeet Sami,Male,24,HR,Analyst,BCA,3,78694.0,2020-03-05,Bangalore,3,No,No
EMP01422,Gauri Mitra,Female,57,Sales,Team Lead,B.Tech,13,61546.0,2024-05-13,Hyderabad,1,No,No
EMP01423,Aashi Sule,Male,32,HR,Analyst,M.Tech,5,55118.0,2026-07-29,Mumbai,3,No,No
EMP01424,Kiaan Sekhon,Male,37,IT,Manager,M.Tech,3,82269.0,2019-05-15,Hyderabad,2,Yes,No
EMP01425,Vritti Thakur,Female,49,Sales,Manager,MBA,3,30415.0,2018-07-11,Hyderabad,2,Yes,No
EMP01426,Naksh Dani,Male,46,IT,Manager,BCA,13,143378.0,2017-06-04,Mumbai,3,Yes,No
EMP01427,Vanya Divan,Male,53,Finance,Manager,MBA,13,113673.0,2021-11-01,Mumbai,2,No,No
EMP01428,Chaaya Dixit,Female,32,HR,Manager,B.Tech,2,69384.0,2026-08-02,Hyderabad,3,No,No
EMP01429,Vidhi Rajagopal,Male,46,Finance,Manager,BCA,8,77606.0,2024-03-02,Mumbai,2,Yes,No
EMP01430,Mekhala Saran,Female,46,Finance,Analyst,MBA,0,95969.0,2019-06-19,Chennai,4,No,No
EMP01431,Aditya Subramaniam,Female,45,IT,Team Lead,MBA,13,83413.0,2018-03-26,Hyderabad,2,Yes,No
EMP01432,Leela Mohanty,Male,24,Marketing,Manager,MCA,20,68893.0,2020-01-10,Bangalore,2,Yes,No
EMP01433,Sai Sarin,Male,38,HR,Analyst,M.Tech,2,70334.0,2021-04-09,Pune,4,Yes,No
EMP01434,Arin Panchal,Male,36,Sales,Manager,MCA,4,87133.0,2020-07-06,Hyderabad,5,Yes,No
EMP01435,Anay Buch,Male,40,HR,Manager,MBA,2,70694.0,2025-02-28,Hyderabad,2,Yes,Yes
EMP01436,Yashoda Mahal,Male,39,HR,Senior Analyst,M.Tech,19,76696.0,2018-07-25,Bangalore,4,No,Yes
EMP01437,Samuel Warrior,Male,22,HR,Team Lead,B.Tech,4,64973.0,2017-06-07,Pune,5,Yes,No
EMP01438,Hiral Krish,Male,25,Marketing,Manager,B.Tech,16,38725.0,2018-01-17,Hyderabad,2,No,No
EMP01439,Advaith Nagi,Male,29,Marketing,Senior Analyst,B.Tech,8,65304.0,2020-09-24,Mumbai,1,Yes,No
EMP01440,Ekantika Borah,Female,47,Finance,Manager,M.Tech,4,45075.0,2016-12-09,Chennai,5,No,No
EMP01441,Mekhala Uppal,Female,38,Marketing,Manager,B.Tech,18,82078.0,2017-01-08,Mumbai,4,Yes,No
EMP01442,Sanya Madan,Female,41,IT,Analyst,M.Tech,6,59622.0,2024-05-18,Chennai,4,No,No
EMP01443,Darpan Agrawal,Male,23,Sales,Senior Analyst,MBA,11,33129.0,2022-11-08,Hyderabad,4,Yes,No
EMP01444,Bimala Baria,Male,50,Sales,Team Lead,MBA,12,62046.0,2025-07-11,Chennai,4,No,Yes
EMP01445,Siya Choudhary,Male,37,Sales,Senior Analyst,BCA,6,90725.0,2026-02-28,Pune,3,Yes,Yes
EMP01446,Nihal Maharaj,Female,26,Sales,Team Lead,MCA,14,80666.0,2021-11-11,Mumbai,5,No,No
EMP01447,Diya Sengupta,Male,41,IT,Senior Analyst,BCA,15,58880.0,2026-05-08,Bangalore,2,No,No
EMP01448,Januja Sharaf,Female,23,IT,Manager,MBA,0,116782.0,2017-06-22,Pune,5,No,No
EMP01449,Michael Mistry,Male,55,Sales,Analyst,MBA,19,72800.0,2021-11-04,Chennai,4,Yes,No
EMP01450,Radha Sundaram,Male,46,Marketing,Team Lead,MBA,18,68157.0,2024-09-18,Pune,2,Yes,Yes
EMP01451,Chaitaly Hari,Female,36,HR,Analyst,BCA,2,70427.0,2016-08-22,Pune,1,Yes,No
EMP01452,Sai Varughese,Male,49,HR,Team Lead,B.Tech,13,67309.0,2020-03-05,Bangalore,1,Yes,No
EMP01453,Gautami Patla,Male,36,IT,Manager,B.Tech,8,145320.0,2023-07-24,Chennai,1,Yes,No
EMP01454,Guneet Sastry,Female,58,Finance,Team Lead,MCA,10,93774.0,2020-01-14,Mumbai,2,No,No
EMP01455,Jason Doshi,Female,52,Marketing,Team Lead,MCA,7,49824.0,2025-08-03,Mumbai,3,No,No
EMP01456,Saumya Sama,Female,28,Finance,Senior Analyst,M.Tech,1,84366.0,2025-05-10,Hyderabad,2,Yes,No
EMP01457,Indali Guha,Female,48,Finance,Manager,MBA,4,57923.0,2022-03-14,Mumbai,3,No,No
EMP01458,Chakradhar Bains,Male,42,IT,Analyst,MBA,7,71292.0,2017-07-07,Chennai,4,Yes,No
EMP01459,Manya Sem,Female,29,Finance,Team Lead,B.Tech,15,49010.0,2024-08-11,Chennai,4,No,No
EMP01460,Devika Mane,Male,40,Marketing,Senior Analyst,M.Tech,6,61562.0,2023-07-14,Hyderabad,3,Yes,No
EMP01461,Suhani Dora,Male,28,Marketing,Analyst,BCA,10,73892.0,2017-07-12,Bangalore,2,No,No
EMP01462,Timothy Murthy,Male,52,Finance,Senior Analyst,BCA,2,64908.0,2024-01-26,Hyderabad,3,No,No
EMP01463,Hema Naik,Female,43,Sales,Analyst,BCA,18,41471.0,2026-08-05,Mumbai,1,Yes,Yes
EMP01464,Unni Sood,Male,47,Marketing,Manager,BCA,0,88833.0,2023-04-21,Pune,5,No,No
EMP01465,Elijah Gole,Female,30,Marketing,Analyst,MBA,16,39697.0,2020-04-10,Mumbai,3,Yes,No
EMP01466,Qushi Mahal,Female,24,Marketing,Manager,MCA,3,67533.0,2022-06-10,Hyderabad,4,No,No
EMP01467,Divya Dhaliwal,Female,48,Sales,Senior Analyst,MCA,16,70160.0,2018-12-24,Pune,2,Yes,No
EMP01468,Gabriel Ratta,Male,59,Finance,Analyst,B.Tech,4,65344.0,2022-02-04,Bangalore,4,Yes,Yes
EMP01469,Mugdha Yadav,Female,59,HR,Senior Analyst,MBA,2,48512.0,2017-04-14,Chennai,4,Yes,No
EMP01470,Gaurangi D’Alia,Male,52,Marketing,Analyst,MCA,18,54827.0,2026-01-05,Hyderabad,4,Yes,No
EMP01471,Upkaar Sem,Female,46,Sales,Senior Analyst,MBA,2,36411.0,2021-11-15,Chennai,4,No,Yes
EMP01472,Nirja Yadav,Female,42,Finance,Senior Analyst,BCA,4,87848.0,2022-11-27,Hyderabad,3,No,No
EMP01473,Dakshesh Kara,Male,37,IT,Manager,MCA,15,93850.0,2022-06-11,Hyderabad,2,No,No
EMP01474,Veer Bhasin,Female,45,IT,Team Lead,BCA,0,132776.0,2024-06-12,Bangalore,4,Yes,No
EMP01475,Zarna Gulati,Female,55,HR,Manager,M.Tech,4,51791.0,2019-06-13,Mumbai,5,Yes,No
EMP01476,Gopal Bhavsar,Female,56,Finance,Manager,BCA,1,104631.0,2022-03-28,Pune,3,Yes,No
EMP01477,Yashvi Lalla,Female,51,Finance,Senior Analyst,MCA,18,53231.0,2020-02-03,Mumbai,2,No,No
EMP01478,Finn Anne,Female,47,Sales,Team Lead,BCA,9,35073.0,2021-03-28,Mumbai,2,Yes,No
EMP01479,Janani Suri,Female,25,HR,Analyst,MCA,14,45661.0,2020-08-22,Mumbai,5,No,No
EMP01480,Harrison Purohit,Female,60,IT,Analyst,MBA,16,146043.0,2018-08-17,Mumbai,2,No,No
EMP01481,Bachittar Ganesh,Female,33,IT,Senior Analyst,BCA,7,100990.0,2022-01-08,Chennai,1,No,No
EMP01482,Harish Madan,Female,32,HR,Team Lead,MCA,15,31355.0,2025-10-14,Chennai,2,No,Yes
EMP01483,Sneha Prasad,Female,41,HR,Analyst,BCA,5,53686.0,2018-09-29,Hyderabad,1,Yes,Yes
EMP01484,Pushti Mann,Male,29,HR,Manager,MCA,2,79705.0,2023-12-03,Bangalore,5,No,No
EMP01485,Bina Raval,Female,27,Marketing,Team Lead,BCA,3,66538.0,2018-06-22,Pune,2,No,No
EMP01486,Kavya Jayaraman,Male,26,HR,Senior Analyst,B.Tech,17,46402.0,2016-12-20,Pune,2,Yes,No
EMP01487,Gaurang Guha,Female,49,Finance,Analyst,M.Tech,20,91056.0,2020-07-31,Chennai,2,Yes,Yes
EMP01488,Aarna Jani,Male,36,HR,Manager,M.Tech,19,71778.0,2017-09-15,Chennai,4,No,No
EMP01489,Kai Mohanty,Male,22,Sales,Team Lead,BCA,6,35500.0,2025-05-22,Pune,3,No,Yes
EMP01490,Alexander Ahuja,Male,60,IT,Analyst,M.Tech,10,110749.0,2016-09-25,Hyderabad,4,No,Yes
EMP01491,Anita Ram,Male,24,Marketing,Team Lead,B.Tech,17,82572.0,2022-04-19,Pune,5,No,No
EMP01492,Nachiket Chandran,Female,30,Sales,Team Lead,MBA,1,43968.0,2025-08-19,Hyderabad,3,No,Yes
EMP01493,Dhruv Malhotra,Female,41,Finance,Team Lead,MBA,2,114594.0,2017-02-20,Bangalore,1,No,No
EMP01494,Gavin Cherian,Male,45,Sales,Analyst,BCA,5,42199.0,2026-03-20,Pune,3,No,No
EMP01495,Nilima Chahal,Male,36,IT,Analyst,MCA,5,125551.0,2026-03-06,Pune,5,Yes,No
EMP01496,Kiaan Chaudhuri,Female,28,Marketing,Manager,BCA,18,80251.0,2018-11-06,Pune,4,Yes,No
EMP01497,Balhaar Sura,Male,59,Sales,Analyst,BCA,8,36822.0,2021-06-30,Chennai,1,No,Yes
EMP01498,Sudiksha Mandal,Male,27,Sales,Team Lead,B.Tech,12,44010.0,2025-03-24,Hyderabad,5,Yes,No
EMP01499,Yahvi Rama,Male,32,IT,Senior Analyst,MBA,15,78628.0,2020-07-05,Bangalore,5,No,No
EMP01500,Xiti Nair,Male,49,Marketing,Senior Analyst,M.Tech,6,67286.0,2024-01-14,Chennai,2,No,No
EMP01501,Zaid Chaudhari,Female,59,Sales,Team Lead,MCA,4,83021.0,2024-07-10,Hyderabad,5,Yes,No
EMP01502,Dhriti Sood,Male,47,Finance,Senior Analyst,MCA,8,110231.0,2019-11-05,Hyderabad,5,Yes,Yes
EMP01503,Samaksh Som,Male,36,Marketing,Senior Analyst,BCA,3,78976.0,2025-07-23,Bangalore,4,Yes,No
EMP01504,Adweta Bahri,Male,29,HR,Analyst,MBA,8,37380.0,2021-02-01,Bangalore,3,Yes,No
EMP01505,Jeevika Vohra,Male,45,Finance,Team Lead,MBA,4,64265.0,2024-10-04,Chennai,5,No,No
EMP01506,Upkaar Shetty,Female,34,Finance,Senior Analyst,MBA,6,64125.0,2023-02-05,Chennai,3,No,No
EMP01507,Ronith Sagar,Male,25,IT,Analyst,MBA,8,50400.0,2016-12-09,Mumbai,3,Yes,No
EMP01508,Vihaan Lalla,Female,33,Finance,Manager,BCA,3,82645.0,2025-08-30,Chennai,5,Yes,No
EMP01509,Baljiwan Parmar,Male,50,Marketing,Senior Analyst,MCA,14,57796.0,2026-07-08,Chennai,4,No,No
EMP01510,Warhi Bala,Male,23,HR,Senior Analyst,MBA,15,44454.0,2016-10-10,Chennai,2,Yes,No
EMP01511,Dev Kara,Female,28,IT,Team Lead,M.Tech,8,144534.0,2026-07-18,Pune,4,Yes,No
EMP01512,Ubika Kata,Female,38,IT,Senior Analyst,M.Tech,18,64040.0,2016-08-14,Mumbai,5,Yes,No
EMP01513,Aarush Batra,Male,42,Finance,Manager,M.Tech,16,45441.0,2022-11-16,Pune,1,No,No
EMP01514,Anthony Kalla,Female,38,HR,Team Lead,M.Tech,5,37108.0,2020-05-27,Hyderabad,4,No,No
EMP01515,Quincy Gour,Male,42,IT,Analyst,MCA,12,111846.0,2023-01-22,Pune,4,Yes,No
EMP01516,Ekani Konda,Male,26,Marketing,Analyst,M.Tech,10,67319.0,2019-07-27,Hyderabad,2,No,No
EMP01517,Quincy Shukla,Male,28,IT,Manager,B.Tech,6,111221.0,2025-10-07,Hyderabad,2,Yes,No
EMP01518,Aditya Golla,Female,29,Sales,Team Lead,M.Tech,3,34799.0,2022-03-08,Chennai,2,Yes,No
EMP01519,Triveni Kumar,Female,60,Sales,Senior Analyst,BCA,7,45568.0,2017-09-18,Chennai,3,Yes,Yes
EMP01520,Dhriti Gala,Female,28,IT,Analyst,M.Tech,15,78358.0,2026-04-11,Mumbai,2,No,No
EMP01521,Vanya Viswanathan,Female,50,IT,Senior Analyst,BCA,13,141275.0,2016-12-12,Bangalore,5,Yes,No
EMP01522,Sanya Mani,Male,24,Sales,Senior Analyst,B.Tech,6,52553.0,2019-06-07,Hyderabad,2,Yes,No
EMP01523,Krishna Mahajan,Male,30,Sales,Analyst,BCA,14,38031.0,2019-02-16,Hyderabad,3,No,No
EMP01524,Januja Krishnamurthy,Male,52,Finance,Manager,BCA,4,53292.0,2021-02-06,Hyderabad,3,Yes,No
EMP01525,Arjun Kulkarni,Female,28,Marketing,Analyst,B.Tech,5,79855.0,2023-05-29,Hyderabad,1,Yes,No
EMP01526,Raghav Balay,Male,39,Finance,Team Lead,MBA,3,101966.0,2021-05-23,Hyderabad,5,Yes,No
EMP01527,Lavanya Prakash,Female,39,Finance,Team Lead,MCA,13,67562.0,2019-08-19,Mumbai,2,Yes,No
EMP01528,Oeshi Sabharwal,Female,27,HR,Analyst,B.Tech,12,49368.0,2019-04-01,Bangalore,2,Yes,No
EMP01529,Azaan Choudhry,Male,25,Marketing,Senior Analyst,M.Tech,15,60860.0,2017-02-06,Hyderabad,2,Yes,No
EMP01530,Aradhana Nagy,Male,37,IT,Analyst,MCA,16,129547.0,2024-01-02,Mumbai,5,Yes,No
EMP01531,Hredhaan Sem,Male,24,Sales,Manager,MBA,8,73525.0,2018-01-16,Hyderabad,2,Yes,No
EMP01532,Rayaan Rama,Male,49,IT,Analyst,MCA,16,69375.0,2024-06-26,Chennai,2,No,No
EMP01533,Rohan Viswanathan,Male,23,Sales,Analyst,BCA,0,34339.0,2025-07-20,Pune,2,Yes,No
EMP01534,Vivaan Basu,Male,50,IT,Team Lead,BCA,6,113016.0,2020-10-22,Mumbai,1,Yes,No
EMP01535,Bimala Vora,Female,40,Sales,Team Lead,B.Tech,10,79682.0,2021-06-30,Bangalore,5,Yes,No
EMP01536,Chaaya Chahal,Female,55,Marketing,Analyst,B.Tech,18,70390.0,2025-03-26,Hyderabad,3,Yes,No
EMP01537,Daksha Nadkarni,Female,51,Sales,Analyst,BCA,12,91456.0,2022-05-22,Mumbai,1,Yes,Yes
EMP01538,Darsh More,Female,27,Sales,Team Lead,M.Tech,7,79531.0,2017-12-06,Pune,5,Yes,No
EMP01539,Tanay Kashyap,Female,31,Finance,Team Lead,M.Tech,12,118793.0,2021-05-06,Hyderabad,3,No,No
EMP01540,Sathvik Sridhar,Female,24,IT,Analyst,MBA,11,90648.0,2024-01-19,Bangalore,4,Yes,No
EMP01541,Falan Deshmukh,Female,44,HR,Analyst,M.Tech,13,69459.0,2020-04-06,Mumbai,2,Yes,No
EMP01542,Samar Deshpande,Male,47,IT,Team Lead,M.Tech,1,85102.0,2018-11-23,Bangalore,5,Yes,No
EMP01543,Fitan Seshadri,Male,57,Sales,Manager,MBA,20,63903.0,2018-10-26,Hyderabad,5,Yes,No
EMP01544,Michael Munshi,Female,39,Finance,Senior Analyst,B.Tech,6,114248.0,2018-10-31,Bangalore,2,No,No
EMP01545,Omkaar Pant,Female,48,Marketing,Team Lead,B.Tech,9,82578.0,2020-03-29,Bangalore,2,No,No
EMP01546,Nikita Lall,Female,35,HR,Analyst,MCA,11,77333.0,2018-02-14,Pune,1,No,No
EMP01547,Anamika Baria,Female,32,IT,Team Lead,MCA,12,88223.0,2016-08-30,Pune,1,Yes,No
EMP01548,Anirudh Maharaj,Male,40,Finance,Senior Analyst,BCA,7,93371.0,2021-04-12,Bangalore,4,No,No
EMP01549,Simon Raj,Male,36,Sales,Analyst,MCA,13,66672.0,2025-12-21,Hyderabad,5,Yes,No
EMP01550,Anya Raju,Male,43,Sales,Analyst,MCA,10,47596.0,2021-01-13,Bangalore,3,Yes,No
EMP01551,Barkha Raval,Female,34,HR,Team Lead,M.Tech,6,43692.0,2026-07-28,Pune,1,No,No
EMP01552,Chaman Varty,Female,55,HR,Manager,BCA,4,36696.0,2022-06-02,Mumbai,1,Yes,Yes
EMP01553,Kabir Sen,Male,53,HR,Senior Analyst,B.Tech,18,35991.0,2018-11-12,Chennai,3,Yes,No
EMP01554,Ati Wadhwa,Male,54,IT,Manager,MCA,13,54555.0,2023-11-21,Chennai,1,No,No
EMP01555,Samuel Setty,Male,22,Marketing,Senior Analyst,B.Tech,13,86046.0,2019-11-30,Bangalore,1,Yes,No
EMP01556,Ekaja Nori,Male,37,Sales,Manager,MCA,13,44681.0,2026-02-15,Chennai,4,No,No
EMP01557,Lopa Raghavan,Female,22,Sales,Senior Analyst,MBA,19,45689.0,2026-03-13,Pune,5,No,No
EMP01558,Lopa Shankar,Male,29,HR,Team Lead,BCA,1,34997.0,2023-07-20,Mumbai,3,Yes,No
EMP01559,Neelima Pai,Male,59,HR,Senior Analyst,MBA,12,64726.0,2016-10-28,Hyderabad,2,Yes,No
EMP01560,Elijah Shankar,Male,37,HR,Manager,MCA,19,69450.0,2016-09-04,Pune,3,No,No
EMP01561,Atharv Sachdeva,Female,30,IT,Manager,BCA,2,83442.0,2019-11-15,Pune,1,No,No
EMP01562,Yug Madan,Male,55,HR,Analyst,BCA,15,55919.0,2021-05-14,Hyderabad,4,Yes,No
EMP01563,Tanvi Swaminathan,Male,45,IT,Manager,MBA,6,57259.0,2025-03-08,Mumbai,1,Yes,No
EMP01564,Samar Mody,Male,28,Finance,Senior Analyst,B.Tech,4,104720.0,2024-09-28,Pune,3,No,Yes
EMP01565,Ikshita Merchant,Female,58,IT,Analyst,MBA,13,116725.0,2024-11-19,Chennai,4,Yes,No
EMP01566,Ojasvi Bhavsar,Female,24,Marketing,Analyst,B.Tech,6,69373.0,2026-03-25,Pune,5,Yes,No
EMP01567,Krish Ghosh,Female,37,Marketing,Manager,M.Tech,14,86134.0,2016-08-16,Mumbai,2,No,No
EMP01568,Aarush Mukhopadhyay,Male,25,IT,Analyst,MCA,6,80637.0,2016-09-23,Chennai,1,Yes,No
EMP01569,Vidhi Sarna,Male,40,Marketing,Team Lead,M.Tech,11,71992.0,2021-12-06,Hyderabad,1,No,No
EMP01570,Pahal Kari,Female,58,Sales,Manager,MCA,18,51705.0,2025-08-07,Mumbai,5,No,No
EMP01571,Bishakha Dora,Female,59,IT,Manager,M.Tech,16,88738.0,2025-12-24,Hyderabad,2,No,No
EMP01572,Aryan Samra,Female,58,Marketing,Senior Analyst,B.Tech,3,54294.0,2018-10-08,Hyderabad,1,Yes,Yes
EMP01573,Reva Gulati,Female,47,HR,Analyst,MBA,9,39259.0,2025-06-13,Mumbai,1,No,No
EMP01574,Om Dhawan,Female,23,HR,Manager,B.Tech,12,71958.0,2026-03-11,Hyderabad,3,Yes,No
EMP01575,Sathvik Bava,Female,37,Marketing,Senior Analyst,M.Tech,19,49443.0,2025-11-12,Bangalore,3,Yes,No
EMP01576,Aarav Biswas,Female,43,Sales,Analyst,M.Tech,13,45440.0,2022-01-22,Hyderabad,4,No,No
EMP01577,Wakeeta Sharma,Male,57,Marketing,Manager,M.Tech,4,63452.0,2023-10-13,Chennai,3,No,No
EMP01578,Qasim Pathak,Female,28,IT,Senior Analyst,B.Tech,6,51957.0,2022-09-22,Mumbai,3,No,No
EMP01579,Laksh Sheth,Female,56,IT,Senior Analyst,B.Tech,8,75171.0,2017-06-09,Mumbai,3,No,No
EMP01580,Wahab Sood,Male,22,IT,Analyst,M.Tech,0,71527.0,2018-04-28,Chennai,5,No,No
EMP01581,Priya Lad,Female,54,Finance,Senior Analyst,BCA,2,52228.0,2016-11-13,Bangalore,2,No,No
EMP01582,Atharv Basu,Male,39,IT,Analyst,MCA,1,58679.0,2026-07-07,Mumbai,1,No,No
EMP01583,Yadavi Zacharia,Male,59,IT,Manager,MBA,14,103449.0,2025-04-29,Hyderabad,1,No,No
EMP01584,Yauvani Ghose,Female,50,HR,Manager,M.Tech,20,48336.0,2026-04-01,Pune,4,Yes,No
EMP01585,Dakshesh Parekh,Female,30,IT,Senior Analyst,MCA,14,68314.0,2024-01-29,Bangalore,5,Yes,No
EMP01586,Dayamai Som,Male,32,Finance,Analyst,MCA,20,107146.0,2024-01-17,Bangalore,4,No,No
EMP01587,Omisha Vala,Male,27,IT,Senior Analyst,MCA,6,76009.0,2017-06-17,Pune,2,Yes,No
EMP01588,Ikshita Borah,Male,51,Sales,Analyst,B.Tech,12,44249.0,2026-04-07,Hyderabad,1,Yes,No
EMP01589,Lopa Virk,Male,49,Marketing,Senior Analyst,M.Tech,5,35030.0,2024-07-22,Pune,2,No,No
EMP01590,Amrita Raj,Male,35,Finance,Manager,BCA,17,90215.0,2021-09-10,Mumbai,3,No,No
EMP01591,Libni Verma,Male,59,Sales,Team Lead,BCA,18,36446.0,2025-12-26,Hyderabad,4,No,No
EMP01592,Jasmit Das,Female,40,Marketing,Analyst,B.Tech,1,88573.0,2023-05-29,Chennai,2,No,Yes
EMP01593,Advay Chahal,Male,51,IT,Manager,M.Tech,12,111656.0,2018-04-28,Hyderabad,2,Yes,No
EMP01594,Harsh Parikh,Female,59,IT,Senior Analyst,BCA,5,133763.0,2022-12-21,Hyderabad,3,No,Yes
EMP01595,Karan Mall,Female,60,HR,Manager,B.Tech,18,65790.0,2022-03-09,Chennai,2,Yes,No
EMP01596,Yatin Nath,Female,48,IT,Analyst,MCA,16,73228.0,2019-01-16,Hyderabad,5,No,No
EMP01597,Neel Dhaliwal,Female,47,IT,Analyst,MBA,15,142119.0,2023-07-12,Chennai,1,No,No
EMP01598,Anya Raval,Male,22,Finance,Team Lead,BCA,7,98095.0,2022-02-02,Chennai,5,Yes,No
EMP01599,Vrinda Divan,Female,42,IT,Senior Analyst,BCA,5,73651.0,2017-10-26,Chennai,3,Yes,No
EMP01600,Nachiket Mall,Female,47,Sales,Senior Analyst,BCA,17,88626.0,2018-02-23,Mumbai,2,Yes,No
EMP01601,Krisha Bhalla,Female,60,Marketing,Analyst,M.Tech,4,56455.0,2021-07-13,Mumbai,5,No,No
EMP01602,Kamya Chadha,Female,56,HR,Analyst,B.Tech,13,70857.0,2017-09-19,Hyderabad,1,No,No
EMP01603,Sachi Mann,Female,60,IT,Team Lead,M.Tech,19,140674.0,2018-09-09,Pune,2,No,No
EMP01604,Dakshesh Master,Male,27,Marketing,Team Lead,MCA,10,83196.0,2018-06-10,Chennai,5,No,No
EMP01605,Hiral Gill,Male,37,IT,Manager,MBA,20,107855.0,2020-07-14,Chennai,4,Yes,Yes
EMP01606,Christopher Goyal,Female,39,Marketing,Manager,BCA,5,36718.0,2021-03-12,Mumbai,1,No,No
EMP01607,Chavvi Borra,Male,58,Finance,Manager,M.Tech,19,114756.0,2022-07-03,Chennai,2,Yes,No
EMP01608,Oni Salvi,Male,56,Sales,Team Lead,M.Tech,16,55710.0,2026-02-02,Bangalore,4,Yes,No
EMP01609,Nikita Ben,Male,45,HR,Manager,MBA,11,33399.0,2019-11-25,Mumbai,3,No,No
EMP01610,Matthew Batta,Male,39,Marketing,Senior Analyst,MCA,1,37007.0,2022-01-20,Pune,3,No,No
EMP01611,Yashawini Goswami,Female,34,HR,Senior Analyst,MCA,16,55767.0,2023-04-30,Mumbai,3,Yes,No
EMP01612,Isaac Sahota,Female,47,HR,Senior Analyst,B.Tech,20,38722.0,2020-03-26,Mumbai,5,Yes,No
EMP01613,Libni Date,Female,33,Sales,Team Lead,MBA,12,51551.0,2023-02-11,Hyderabad,3,No,No
EMP01614,Manan Pal,Male,36,HR,Team Lead,M.Tech,18,41262.0,2018-09-08,Mumbai,3,Yes,No
EMP01615,Quincy Deshmukh,Female,45,HR,Team Lead,BCA,16,36960.0,2019-10-18,Chennai,5,No,No
EMP01616,Charan Sani,Female,53,Finance,Team Lead,MCA,17,87516.0,2017-10-22,Hyderabad,1,Yes,Yes
EMP01617,Xavier Jayaraman,Male,29,Sales,Manager,M.Tech,20,45725.0,2024-08-06,Chennai,2,Yes,No
EMP01618,Veer Ramesh,Male,39,HR,Analyst,BCA,16,76182.0,2021-04-01,Pune,2,No,No
EMP01619,Deepa Reddy,Male,42,Sales,Team Lead,B.Tech,2,72630.0,2021-09-14,Bangalore,2,Yes,No
EMP01620,Aarav Malhotra,Female,55,Sales,Analyst,B.Tech,19,58110.0,2021-03-21,Chennai,4,No,No
EMP01621,Vaishnavi Dora,Male,28,IT,Team Lead,BCA,0,131365.0,2020-03-13,Bangalore,3,Yes,No
EMP01622,Samar Rama,Male,59,Finance,Manager,M.Tech,12,114364.0,2024-01-03,Bangalore,5,Yes,No
EMP01623,Qabil Dyal,Male,54,Finance,Team Lead,MBA,0,80609.0,2021-07-16,Hyderabad,2,No,No
EMP01624,Nitesh Chandra,Female,59,Marketing,Manager,MBA,13,62268.0,2021-05-31,Mumbai,4,No,Yes
EMP01625,Oni Lad,Female,54,Sales,Team Lead,MCA,5,48116.0,2021-10-11,Mumbai,3,No,No
EMP01626,Divya Mutti,Male,41,Sales,Analyst,BCA,10,67753.0,2022-06-16,Chennai,3,Yes,Yes
EMP01627,Harrison Chad,Female,45,HR,Senior Analyst,M.Tech,0,32582.0,2024-05-13,Hyderabad,1,Yes,Yes
EMP01628,Wazir Ray,Female,26,HR,Senior Analyst,BCA,20,37584.0,2016-12-06,Pune,3,No,No
EMP01629,Harsh Devi,Female,57,IT,Senior Analyst,BCA,16,76750.0,2023-12-01,Pune,3,No,No
EMP01630,Ishwar Jain,Female,31,Marketing,Manager,B.Tech,16,75429.0,2023-06-16,Chennai,4,No,No
EMP01631,Yashasvi Pall,Male,30,Sales,Team Lead,M.Tech,20,84169.0,2023-07-01,Hyderabad,3,No,Yes
EMP01632,Yashawini Garg,Male,56,HR,Analyst,B.Tech,2,64460.0,2018-01-20,Hyderabad,1,Yes,No
EMP01633,Reva Goda,Male,41,HR,Analyst,BCA,19,39385.0,2025-07-17,Chennai,1,Yes,No
EMP01634,Ronith Jhaveri,Male,35,Marketing,Manager,MCA,7,62221.0,2026-05-20,Bangalore,5,Yes,No
EMP01635,Aarna Kakar,Female,33,Finance,Senior Analyst,MCA,12,112984.0,2020-07-05,Chennai,4,No,No
EMP01636,Gabriel Mand,Female,31,Sales,Analyst,MCA,11,64816.0,2025-02-02,Hyderabad,5,Yes,No
EMP01637,Vrinda Saraf,Male,28,Marketing,Manager,BCA,14,60061.0,2021-06-06,Mumbai,2,No,No
EMP01638,Madhavi Sachdev,Female,35,IT,Senior Analyst,MBA,20,111442.0,2020-02-22,Hyderabad,5,Yes,No
EMP01639,Baljiwan Bansal,Male,48,IT,Senior Analyst,BCA,10,73827.0,2022-07-03,Chennai,3,Yes,No
EMP01640,Suhani Saini,Male,42,Sales,Team Lead,B.Tech,7,48857.0,2017-07-19,Mumbai,5,Yes,No
EMP01641,Meera Bawa,Male,53,Sales,Manager,MBA,17,70378.0,2018-01-04,Hyderabad,2,No,No
EMP01642,Krishna Ramachandran,Female,38,Sales,Manager,M.Tech,7,32563.0,2023-03-28,Bangalore,2,No,No
EMP01643,Saksham Sule,Male,50,Marketing,Analyst,B.Tech,18,63756.0,2025-02-27,Bangalore,3,Yes,Yes
EMP01644,Balendra Char,Female,29,Marketing,Senior Analyst,MBA,14,84790.0,2017-08-13,Pune,2,Yes,No
EMP01645,Elijah Kumer,Male,30,HR,Team Lead,MBA,4,31840.0,2025-03-04,Bangalore,5,Yes,No
EMP01646,Krisha Murthy,Female,60,HR,Manager,M.Tech,1,32914.0,2021-03-17,Mumbai,5,No,No
EMP01647,Rudra Sabharwal,Female,33,Sales,Senior Analyst,M.Tech,6,78784.0,2022-06-25,Chennai,1,Yes,No
EMP01648,Lucky Devan,Male,46,HR,Analyst,M.Tech,0,48227.0,2022-03-25,Mumbai,3,Yes,No
EMP01649,Waida Din,Male,35,Finance,Analyst,BCA,2,90467.0,2026-04-26,Hyderabad,5,Yes,No
EMP01650,Gunbir Dewan,Female,34,Marketing,Manager,MCA,11,78516.0,2019-10-08,Mumbai,2,Yes,Yes
EMP01651,Udarsh Doshi,Female,27,Marketing,Senior Analyst,M.Tech,6,35321.0,2017-01-01,Chennai,1,Yes,No
EMP01652,Suhani Palla,Male,29,HR,Senior Analyst,B.Tech,12,33173.0,2025-11-21,Bangalore,4,No,No
EMP01653,Isha Sanghvi,Male,29,Finance,Analyst,MBA,4,52012.0,2026-07-18,Chennai,1,Yes,No
EMP01654,Chakrika Edwin,Male,50,HR,Senior Analyst,MCA,1,37927.0,2018-04-29,Mumbai,4,Yes,No
EMP01655,Chaitaly Mitra,Male,40,HR,Senior Analyst,MBA,19,78940.0,2024-10-06,Chennai,3,Yes,No
EMP01656,Wishi Rattan,Female,55,Marketing,Analyst,B.Tech,0,78275.0,2017-02-08,Pune,2,Yes,No
EMP01657,Upma Mutti,Female,55,IT,Senior Analyst,MCA,9,52976.0,2022-01-16,Bangalore,5,No,No
EMP01658,Jason Ravel,Male,23,HR,Senior Analyst,MCA,4,69080.0,2021-07-10,Pune,4,Yes,No
EMP01659,Jatin Bhattacharyya,Female,30,IT,Manager,BCA,6,143804.0,2017-06-13,Bangalore,2,No,No
EMP01660,Jyoti Narang,Female,57,IT,Team Lead,M.Tech,4,86105.0,2020-11-20,Pune,4,No,No
EMP01661,Wyatt Wali,Male,31,HR,Analyst,B.Tech,6,31772.0,2023-07-27,Chennai,1,No,No
EMP01662,Ojasvi Dalal,Male,57,IT,Manager,MCA,11,130511.0,2022-09-01,Bangalore,2,Yes,No
EMP01663,Jasmit Cheema,Male,48,Finance,Senior Analyst,B.Tech,2,101521.0,2022-05-25,Hyderabad,3,Yes,No
EMP01664,Warhi Sharaf,Male,22,Sales,Senior Analyst,MCA,10,64217.0,2024-12-11,Bangalore,2,Yes,No
EMP01665,Arunima Bala,Female,53,IT,Manager,MCA,0,130758.0,2020-04-16,Chennai,3,Yes,No
EMP01666,Lipika Kapoor,Female,33,Sales,Senior Analyst,MCA,14,75617.0,2025-03-03,Chennai,1,Yes,No
EMP01667,Hemang Puri,Male,57,Sales,Analyst,BCA,14,86909.0,2022-04-26,Mumbai,1,Yes,Yes
EMP01668,Hemang Reddy,Male,28,HR,Manager,MBA,0,78279.0,2023-09-23,Pune,1,No,No
EMP01669,Qasim Datta,Male,55,HR,Analyst,MCA,13,63834.0,2021-11-19,Chennai,1,Yes,Yes
EMP01670,Udyati Boase,Female,25,Marketing,Manager,BCA,0,82172.0,2021-03-02,Hyderabad,5,Yes,No
EMP01671,Praneel Sama,Female,36,Finance,Team Lead,BCA,14,58325.0,2017-04-09,Bangalore,3,No,No
EMP01672,Noah Raj,Female,33,Marketing,Analyst,B.Tech,8,67245.0,2021-11-19,Bangalore,1,No,No
EMP01673,Kamya Majumdar,Female,50,HR,Manager,MBA,11,64844.0,2021-10-12,Mumbai,3,No,No
EMP01674,Ryan Varty,Female,34,IT,Senior Analyst,M.Tech,6,65793.0,2020-01-23,Chennai,2,No,No
EMP01675,Avi Radhakrishnan,Male,27,Sales,Team Lead,M.Tech,13,81593.0,2022-09-19,Bangalore,5,Yes,No
EMP01676,Jason Mani,Female,47,HR,Manager,MBA,15,31243.0,2020-02-10,Bangalore,3,No,Yes
EMP01677,Oliver Kaul,Male,25,Marketing,Manager,M.Tech,0,84485.0,2022-02-16,Chennai,4,Yes,Yes
EMP01678,Nikita Varty,Female,59,Sales,Senior Analyst,M.Tech,1,32575.0,2019-06-03,Mumbai,1,No,No
EMP01679,Saksham Kannan,Male,42,Marketing,Senior Analyst,BCA,0,55646.0,2022-01-06,Pune,5,Yes,No
EMP01680,Yashasvi Jayaraman,Female,47,Marketing,Manager,B.Tech,9,77374.0,2026-06-11,Bangalore,2,No,No
EMP01681,Rachit Dasgupta,Female,46,Marketing,Team Lead,BCA,14,79902.0,2019-12-28,Chennai,4,Yes,No
EMP01682,Michael Choudhury,Male,53,HR,Manager,M.Tech,6,61782.0,2023-04-28,Pune,2,Yes,No
EMP01683,Radhika Batta,Female,59,HR,Analyst,M.Tech,10,58632.0,2024-04-21,Chennai,1,Yes,No
EMP01684,Owen Ravel,Male,23,Sales,Senior Analyst,MBA,5,86464.0,2025-04-02,Bangalore,5,No,No
EMP01685,Jagat Kumar,Male,32,Marketing,Analyst,MCA,5,41926.0,2018-01-05,Bangalore,5,Yes,Yes
EMP01686,Ayaan Apte,Female,31,HR,Analyst,BCA,11,74849.0,2023-01-11,Chennai,1,No,No
EMP01687,Fitan Bhatt,Male,56,Marketing,Manager,MCA,0,88432.0,2018-01-30,Pune,5,Yes,No
EMP01688,Anjali Rama,Female,55,HR,Senior Analyst,M.Tech,3,59575.0,2018-02-10,Chennai,5,No,No
EMP01689,Wahab Merchant,Male,38,Finance,Analyst,MBA,0,115660.0,2023-08-29,Chennai,3,No,No
EMP01690,Ekantika Mangal,Male,41,IT,Manager,BCA,5,74761.0,2020-08-04,Bangalore,2,No,No
EMP01691,Janaki Mukherjee,Female,57,Marketing,Senior Analyst,MBA,8,86869.0,2021-12-12,Chennai,5,No,No
EMP01692,Ishwar Barman,Male,29,IT,Team Lead,BCA,8,55653.0,2023-07-15,Mumbai,4,Yes,No
EMP01693,Nandini Randhawa,Male,33,Sales,Manager,MCA,13,35769.0,2020-09-05,Mumbai,5,Yes,No
EMP01694,Imaran Rama,Female,59,Sales,Manager,B.Tech,12,76405.0,2018-04-04,Pune,1,No,Yes
EMP01695,Udant Ramanathan,Male,38,Sales,Manager,BCA,19,79324.0,2024-03-14,Pune,4,No,No
EMP01696,Varenya Deshpande,Female,28,HR,Manager,B.Tech,2,59094.0,2019-08-07,Hyderabad,3,Yes,Yes
EMP01697,Isaac Mand,Male,54,Finance,Senior Analyst,MCA,8,116122.0,2024-04-09,Mumbai,4,Yes,No
EMP01698,Anya Gaba,Female,47,Marketing,Manager,B.Tech,1,63567.0,2017-10-07,Mumbai,4,Yes,No
EMP01699,George Sinha,Male,35,Finance,Analyst,M.Tech,0,53311.0,2025-11-11,Hyderabad,3,Yes,Yes
EMP01700,Sneha Jhaveri,Female,48,HR,Analyst,MCA,13,37075.0,2016-11-10,Hyderabad,2,Yes,No
EMP01701,Lohit Pal,Female,23,Sales,Senior Analyst,MCA,10,96983.0,2017-01-26,Pune,3,No,Yes
EMP01702,Indali Karpe,Female,42,HR,Analyst,B.Tech,8,38163.0,2017-12-06,Pune,3,Yes,No
EMP01703,Anita Deo,Female,52,Marketing,Analyst,M.Tech,13,61349.0,2022-11-12,Hyderabad,3,Yes,No
EMP01704,Edhitha Chauhan,Female,51,Marketing,Senior Analyst,BCA,17,82807.0,2022-12-26,Pune,1,No,Yes
EMP01705,Kabir Rai,Male,36,Sales,Team Lead,M.Tech,13,97760.0,2026-07-07,Hyderabad,4,No,No
EMP01706,Hiral Gala,Male,59,Sales,Manager,M.Tech,17,85336.0,2020-06-04,Mumbai,4,No,No
EMP01707,Yasti Murty,Male,42,Marketing,Team Lead,M.Tech,12,72173.0,2021-03-03,Pune,3,Yes,No
EMP01708,Jhalak Nayak,Male,25,IT,Manager,MCA,3,130438.0,2024-11-15,Hyderabad,4,Yes,No
EMP01709,Girish Sheth,Female,25,Sales,Senior Analyst,M.Tech,3,39225.0,2016-10-15,Mumbai,5,No,No
EMP01710,Caleb Kohli,Male,28,HR,Team Lead,MCA,13,50603.0,2021-01-19,Pune,5,Yes,No
EMP01711,Krish Taneja,Female,30,Finance,Team Lead,M.Tech,15,46006.0,2020-01-31,Mumbai,3,Yes,Yes
EMP01712,Anusha Batra,Female,57,IT,Manager,MBA,9,99327.0,2017-06-03,Chennai,4,Yes,No
EMP01713,Ishwar Deshmukh,Female,42,Sales,Manager,MCA,13,64358.0,2017-03-25,Chennai,4,No,Yes
EMP01714,Yutika Kaul,Female,42,Marketing,Senior Analyst,B.Tech,0,72434.0,2026-07-14,Mumbai,5,Yes,No
EMP01715,Chakradev Vora,Female,38,Finance,Manager,MBA,4,76787.0,2020-02-16,Hyderabad,2,No,No
EMP01716,Sanya Bassi,Female,60,Sales,Team Lead,B.Tech,9,37103.0,2017-09-08,Bangalore,1,No,Yes
EMP01717,Urishilla Hayre,Female,33,HR,Manager,MBA,5,37760.0,2026-05-08,Chennai,4,No,No
EMP01718,Ati Sarin,Female,23,Finance,Analyst,BCA,4,86419.0,2021-11-28,Hyderabad,3,Yes,No
EMP01719,Umang De,Female,56,IT,Manager,BCA,11,115976.0,2025-03-14,Bangalore,5,Yes,No
EMP01720,Mohammed Chana,Female,52,IT,Manager,M.Tech,15,127176.0,2018-11-09,Hyderabad,2,Yes,No
EMP01721,Falak Naik,Female,50,HR,Analyst,MCA,18,69028.0,2022-01-20,Chennai,2,No,No
EMP01722,Gaurav Oak,Male,32,Sales,Analyst,B.Tech,5,85704.0,2018-10-01,Mumbai,3,Yes,Yes
EMP01723,Hardik Chaudhari,Female,56,Finance,Analyst,MBA,10,74881.0,2022-05-02,Mumbai,3,Yes,No
EMP01724,Thomas Garde,Male,29,Sales,Senior Analyst,M.Tech,8,97378.0,2022-03-24,Pune,3,No,Yes
EMP01725,Aahana Raman,Female,38,Sales,Team Lead,MCA,1,34120.0,2021-12-29,Pune,4,No,No
EMP01726,Omisha Kurian,Male,31,HR,Manager,MCA,6,35026.0,2017-02-07,Mumbai,5,No,No
EMP01727,Michael Mammen,Female,35,Marketing,Senior Analyst,MCA,2,64540.0,2020-12-17,Hyderabad,4,Yes,No
EMP01728,Pahal Buch,Male,26,IT,Manager,MCA,6,122756.0,2022-12-29,Bangalore,5,Yes,No
EMP01729,Dalbir Anand,Male,38,IT,Team Lead,B.Tech,19,100728.0,2017-01-11,Bangalore,4,Yes,No
EMP01730,Leena Minhas,Female,36,Sales,Team Lead,B.Tech,17,95934.0,2020-09-04,Pune,1,Yes,No
EMP01731,Anmol Bumb,Female,50,IT,Manager,M.Tech,16,59060.0,2023-03-07,Pune,5,Yes,No
EMP01732,Vamakshi Loke,Female,45,Finance,Team Lead,MCA,11,67577.0,2024-10-17,Chennai,1,Yes,No
EMP01733,Bhavika Shere,Male,50,Marketing,Analyst,BCA,11,80117.0,2022-08-14,Pune,2,Yes,Yes
EMP01734,Bakhshi Malhotra,Female,56,HR,Manager,M.Tech,17,59916.0,2021-12-17,Mumbai,5,No,No
EMP01735,Yuvraj Lad,Male,41,Marketing,Team Lead,MBA,16,68717.0,2020-05-28,Mumbai,2,No,No
EMP01736,Darpan Ranganathan,Female,46,IT,Senior Analyst,BCA,8,108905.0,2017-10-10,Bangalore,5,No,No
EMP01737,Kiaan Bera,Male,57,Sales,Senior Analyst,M.Tech,5,65101.0,2021-11-22,Chennai,2,Yes,Yes
EMP01738,Lucky Maharaj,Male,57,HR,Manager,BCA,18,36763.0,2025-09-27,Chennai,2,Yes,No
EMP01739,Damini Khanna,Male,32,HR,Senior Analyst,BCA,16,63730.0,2023-06-10,Bangalore,1,Yes,No
EMP01740,Saanvi Char,Male,26,HR,Manager,MBA,7,41516.0,2022-03-31,Chennai,4,Yes,No
EMP01741,Zehaan Lala,Female,46,IT,Analyst,BCA,0,116574.0,2024-01-21,Mumbai,1,No,No
EMP01742,Frederick Thaker,Female,25,HR,Senior Analyst,M.Tech,11,55147.0,2021-02-09,Pune,3,Yes,No
EMP01743,Arjun Bath,Female,39,IT,Manager,M.Tech,18,116890.0,2025-10-24,Hyderabad,2,No,No
EMP01744,Qadim Handa,Male,24,Sales,Analyst,B.Tech,13,71470.0,2022-08-12,Bangalore,4,No,No
EMP01745,Bhanumati Rajan,Female,43,HR,Manager,MBA,0,54252.0,2023-03-26,Bangalore,3,Yes,No
EMP01746,Bhavani Loyal,Female,49,IT,Team Lead,BCA,13,106734.0,2024-05-05,Bangalore,1,No,No
EMP01747,Aarush Bobal,Male,40,Sales,Analyst,MBA,9,41343.0,2022-11-19,Mumbai,3,Yes,No
EMP01748,Akshay Sibal,Female,24,Finance,Analyst,MCA,19,80240.0,2025-07-08,Mumbai,2,No,No
EMP01749,Vaishnavi Walla,Male,46,Finance,Manager,B.Tech,17,71516.0,2022-05-08,Chennai,5,No,No
EMP01750,Kalpit Hari,Male,52,IT,Manager,M.Tech,16,80681.0,2024-08-15,Bangalore,3,Yes,No
EMP01751,Guneet Chada,Female,26,Sales,Manager,MBA,18,86197.0,2016-08-20,Bangalore,5,Yes,Yes
EMP01752,Sachi Gour,Female,51,HR,Senior Analyst,MBA,0,35700.0,2016-09-26,Bangalore,3,Yes,No
EMP01753,Farhan Badami,Female,30,Marketing,Analyst,MBA,0,84876.0,2022-09-22,Pune,3,No,No
EMP01754,Omya Sankaran,Male,30,IT,Manager,MCA,14,113787.0,2023-05-04,Chennai,5,Yes,No
EMP01755,Ekaja Ranganathan,Male,39,IT,Analyst,M.Tech,3,121016.0,2023-12-30,Mumbai,4,Yes,No
EMP01756,Krisha Raval,Female,43,Finance,Analyst,MBA,8,68203.0,2025-03-13,Bangalore,3,No,No
EMP01757,Arin Shankar,Female,40,Sales,Team Lead,MBA,4,43793.0,2025-10-10,Bangalore,3,No,No
EMP01758,Balendra Garde,Male,30,Marketing,Team Lead,MBA,4,35189.0,2022-05-15,Bangalore,5,Yes,No
EMP01759,Chaitanya Anand,Female,48,IT,Team Lead,BCA,2,132853.0,2020-05-30,Chennai,2,Yes,No
EMP01760,Qushi Trivedi,Male,57,HR,Team Lead,MCA,8,60802.0,2023-07-08,Bangalore,1,Yes,No
EMP01761,Ekalinga Sem,Female,50,Finance,Senior Analyst,BCA,16,112726.0,2021-08-11,Hyderabad,4,Yes,No
EMP01762,Lucky Vyas,Male,25,Finance,Team Lead,M.Tech,17,93908.0,2017-10-23,Bangalore,1,Yes,Yes
EMP01763,Anya Prabhu,Female,28,Marketing,Analyst,MCA,11,35067.0,2019-01-30,Hyderabad,4,Yes,No
EMP01764,Janya Thaker,Female,25,IT,Senior Analyst,B.Tech,11,79807.0,2018-10-18,Bangalore,1,No,No
EMP01765,Shivani Shenoy,Male,22,IT,Manager,MCA,13,127810.0,2020-07-26,Bangalore,5,No,No
EMP01766,Maya Dhawan,Male,58,Marketing,Manager,MBA,10,80817.0,2023-10-11,Mumbai,5,Yes,No
EMP01767,Bhavani Roy,Female,52,Finance,Analyst,MBA,11,62236.0,2022-11-13,Bangalore,5,Yes,No
EMP01768,Mason Sule,Male,35,Finance,Analyst,BCA,6,85744.0,2022-12-24,Pune,3,Yes,No
EMP01769,Fiyaz Shetty,Female,36,HR,Senior Analyst,BCA,11,66797.0,2024-01-30,Chennai,3,Yes,No
EMP01770,Zinal Prashad,Male,43,Sales,Senior Analyst,MBA,14,63558.0,2022-05-03,Mumbai,1,No,No
EMP01771,Jonathan Aggarwal,Female,50,Sales,Senior Analyst,M.Tech,17,87071.0,2024-12-08,Mumbai,2,No,Yes
EMP01772,Adweta Aggarwal,Female,33,Sales,Team Lead,B.Tech,17,95979.0,2025-11-21,Chennai,3,No,Yes
EMP01773,Gaurika Rattan,Male,50,HR,Manager,MCA,17,33108.0,2023-08-01,Bangalore,4,No,No
EMP01774,Ayaan Tripathi,Female,47,Finance,Senior Analyst,B.Tech,19,88982.0,2019-05-31,Mumbai,2,Yes,No
EMP01775,Pranit Murthy,Female,28,Marketing,Analyst,MBA,1,70444.0,2019-05-01,Pune,1,Yes,No
EMP01776,Dalaja Shanker,Female,54,HR,Manager,BCA,3,35461.0,2016-12-13,Mumbai,1,Yes,No
EMP01777,Yuvraj Rajan,Male,33,Sales,Senior Analyst,BCA,9,88351.0,2023-05-21,Chennai,5,No,No
EMP01778,Urishilla Thakkar,Male,33,HR,Analyst,BCA,10,47566.0,2021-06-30,Hyderabad,2,No,No
EMP01779,Geetika Karan,Male,22,Sales,Senior Analyst,MBA,18,76837.0,2024-09-20,Bangalore,1,No,No
EMP01780,Gopal Mohanty,Male,44,IT,Team Lead,MBA,10,78127.0,2019-05-23,Mumbai,3,Yes,No
EMP01781,Mahika Suresh,Female,28,Finance,Manager,B.Tech,9,50744.0,2024-02-26,Hyderabad,4,Yes,No
EMP01782,Maya Butala,Male,26,Sales,Analyst,BCA,18,77992.0,2021-10-03,Chennai,3,Yes,No
EMP01783,Rachit Edwin,Male,22,Sales,Team Lead,MCA,0,56642.0,2017-10-16,Hyderabad,1,Yes,No
EMP01784,Gaurav Patla,Female,26,Finance,Analyst,M.Tech,1,111385.0,2024-05-30,Pune,5,Yes,No
EMP01785,Harshil Venkataraman,Male,56,HR,Team Lead,MCA,20,52073.0,2022-06-17,Hyderabad,3,No,No
EMP01786,Anika Sheth,Male,25,HR,Manager,MBA,1,53681.0,2022-04-20,Mumbai,5,Yes,No
EMP01787,Isaac Mukherjee,Male,26,IT,Manager,MBA,12,124867.0,2019-12-24,Chennai,3,Yes,No
EMP01788,Ranveer Kothari,Male,35,HR,Senior Analyst,M.Tech,15,62830.0,2016-09-14,Pune,3,No,No
EMP01789,Jeremiah Buch,Female,46,HR,Senior Analyst,MCA,0,30182.0,2017-08-05,Pune,1,Yes,No
EMP01790,Ranveer Naidu,Male,53,HR,Senior Analyst,MBA,20,52802.0,2021-04-08,Pune,3,Yes,No
EMP01791,Gaurangi Bera,Female,33,Finance,Analyst,B.Tech,5,82469.0,2020-01-13,Mumbai,2,Yes,No
EMP01792,Sarthak Krish,Male,22,HR,Analyst,M.Tech,9,51694.0,2020-03-10,Bangalore,4,Yes,No
EMP01793,Charita Karan,Female,54,Sales,Team Lead,B.Tech,7,30736.0,2018-08-30,Bangalore,2,Yes,No
EMP01794,Kritika Vasa,Male,22,IT,Team Lead,MCA,12,101456.0,2020-12-24,Chennai,3,No,No
EMP01795,Sudiksha Mital,Female,41,Sales,Senior Analyst,MBA,18,54388.0,2025-01-18,Bangalore,2,Yes,Yes
EMP01796,Charvi Trivedi,Male,51,Finance,Team Lead,MCA,5,46110.0,2021-08-23,Mumbai,2,Yes,No
EMP01797,Edhitha Manda,Male,22,Sales,Manager,BCA,14,90734.0,2022-05-18,Bangalore,3,Yes,No
EMP01798,Oeshi Konda,Female,32,HR,Analyst,M.Tech,17,30401.0,2025-06-27,Hyderabad,1,No,No
EMP01799,Balvan Kala,Female,22,Marketing,Team Lead,M.Tech,3,69226.0,2019-05-25,Bangalore,4,Yes,No
EMP01800,Madhav Tiwari,Female,43,IT,Analyst,M.Tech,16,107216.0,2020-11-20,Pune,5,No,No
EMP01801,Tanay Cherian,Male,25,Finance,Team Lead,B.Tech,5,57346.0,2016-08-21,Chennai,5,Yes,No
EMP01802,Mekhala Sehgal,Male,54,IT,Manager,B.Tech,17,99209.0,2022-07-28,Mumbai,3,No,No
EMP01803,Frederick Kaul,Male,32,Sales,Manager,B.Tech,1,42579.0,2026-04-22,Bangalore,1,Yes,No
EMP01804,Yamini Anne,Male,36,Marketing,Senior Analyst,B.Tech,6,75307.0,2022-10-20,Bangalore,3,Yes,No
EMP01805,Jacob Pal,Male,30,Sales,Analyst,BCA,8,93868.0,2020-05-09,Chennai,3,Yes,No
EMP01806,Praneel Mishra,Male,30,IT,Analyst,B.Tech,4,146432.0,2024-02-01,Bangalore,3,Yes,No
EMP01807,Mason Merchant,Female,44,HR,Senior Analyst,BCA,4,38557.0,2019-11-15,Hyderabad,3,Yes,No
EMP01808,Falak Walla,Female,25,IT,Manager,MCA,4,115973.0,2024-05-22,Chennai,2,Yes,Yes
EMP01809,Matthew Gupta,Male,50,IT,Manager,MBA,11,143748.0,2018-08-04,Pune,4,Yes,No
EMP01810,Radhika Chowdhury,Male,23,Marketing,Senior Analyst,M.Tech,17,49696.0,2023-01-09,Bangalore,4,Yes,No
EMP01811,Girindra Prabhu,Male,32,Finance,Senior Analyst,BCA,9,94560.0,2023-04-12,Bangalore,3,Yes,No
EMP01812,Luke Kothari,Female,32,Marketing,Senior Analyst,M.Tech,8,39383.0,2021-06-06,Bangalore,2,Yes,No
EMP01813,Sachi Modi,Female,47,Finance,Team Lead,MBA,15,46833.0,2024-08-03,Chennai,4,Yes,No
EMP01814,Chaaya Joshi,Male,58,Finance,Manager,MCA,7,96642.0,2022-01-03,Pune,1,No,No
EMP01815,Yutika Pingle,Female,41,Marketing,Analyst,MBA,9,86039.0,2018-12-06,Chennai,4,Yes,No
EMP01816,Unnati Rege,Female,44,Sales,Analyst,MCA,19,54715.0,2023-01-05,Mumbai,4,Yes,No
EMP01817,Chanakya Loke,Female,30,Finance,Manager,BCA,6,61970.0,2017-11-18,Bangalore,3,Yes,No
EMP01818,Hardik Desai,Female,57,Sales,Team Lead,MCA,6,83862.0,2025-10-16,Hyderabad,1,Yes,No
EMP01819,Jeremiah Dasgupta,Male,48,Marketing,Senior Analyst,B.Tech,15,73936.0,2018-01-14,Pune,1,No,No
EMP01820,Adweta Ghosh,Male,30,Sales,Team Lead,MBA,7,56347.0,2017-04-26,Hyderabad,3,Yes,No
EMP01821,Mugdha Kale,Female,34,Sales,Analyst,B.Tech,17,60913.0,2017-08-02,Bangalore,1,No,No
EMP01822,Qasim Kara,Female,45,Marketing,Manager,MBA,15,61585.0,2017-08-21,Mumbai,3,No,Yes
EMP01823,Geetika Minhas,Female,43,Sales,Senior Analyst,MCA,14,82609.0,2025-05-29,Hyderabad,4,No,No
EMP01824,Ati Devan,Female,26,Marketing,Manager,B.Tech,15,52750.0,2022-05-29,Pune,2,Yes,No
EMP01825,Harish Barad,Male,58,HR,Team Lead,M.Tech,10,48713.0,2016-08-10,Pune,5,Yes,No
EMP01826,Ronith Dhar,Female,45,Sales,Manager,MBA,5,82310.0,2025-04-23,Pune,4,Yes,No
EMP01827,Zayan Sangha,Female,30,IT,Senior Analyst,MCA,7,51775.0,2022-09-23,Mumbai,1,No,No
EMP01828,Falak Shenoy,Female,25,HR,Team Lead,M.Tech,12,38030.0,2019-05-17,Mumbai,2,Yes,No
EMP01829,Tanay Doshi,Female,41,HR,Senior Analyst,BCA,13,37624.0,2022-12-18,Chennai,5,No,No
EMP01830,Aayush Sama,Male,23,HR,Analyst,MBA,14,44811.0,2026-07-09,Mumbai,3,Yes,No
EMP01831,Henry Dash,Female,27,HR,Team Lead,MCA,3,35203.0,2017-02-17,Hyderabad,2,No,No
EMP01832,Falan Lala,Female,38,Sales,Team Lead,MBA,5,86747.0,2020-09-21,Bangalore,1,No,No
EMP01833,Azaan Vaidya,Male,55,HR,Manager,MCA,20,40721.0,2016-12-20,Hyderabad,2,No,No
EMP01834,Chandresh Sekhon,Female,42,Finance,Manager,B.Tech,14,62308.0,2026-04-13,Hyderabad,4,Yes,No
EMP01835,Praneel Raju,Male,44,IT,Senior Analyst,MBA,8,58119.0,2017-05-03,Mumbai,1,Yes,No
EMP01836,Champak Ahluwalia,Male,24,Sales,Analyst,B.Tech,10,98045.0,2021-04-20,Chennai,2,Yes,No
EMP01837,Zaid Tara,Male,29,IT,Manager,BCA,9,74419.0,2023-10-03,Mumbai,3,Yes,No
EMP01838,Mugdha Johal,Female,55,Marketing,Analyst,MBA,3,85412.0,2021-10-04,Hyderabad,1,Yes,No
EMP01839,Udant Kibe,Female,31,IT,Manager,B.Tech,6,99556.0,2023-11-07,Bangalore,5,Yes,No
EMP01840,Vansha Halder,Female,30,Marketing,Team Lead,M.Tech,20,66761.0,2020-10-26,Pune,2,Yes,No
EMP01841,Caleb Prabhakar,Female,36,HR,Senior Analyst,M.Tech,5,39881.0,2017-07-26,Mumbai,5,Yes,No
EMP01842,Balhaar Wadhwa,Male,44,IT,Senior Analyst,B.Tech,9,97656.0,2020-05-17,Hyderabad,4,No,No
EMP01843,Qushi Bansal,Female,47,IT,Analyst,BCA,16,95876.0,2020-10-06,Mumbai,4,Yes,No
EMP01844,Vasatika Suresh,Male,54,Marketing,Senior Analyst,B.Tech,5,60499.0,2025-04-03,Chennai,1,Yes,No
EMP01845,Faraj Dhillon,Male,44,IT,Senior Analyst,M.Tech,15,66342.0,2023-12-06,Mumbai,2,Yes,No
EMP01846,Chakradhar Boase,Female,56,Finance,Team Lead,MBA,20,101982.0,2019-09-04,Chennai,2,No,No
EMP01847,Siddharth Shan,Male,31,Finance,Senior Analyst,B.Tech,8,62173.0,2024-01-26,Mumbai,1,Yes,No
EMP01848,Nandini Basak,Female,57,Marketing,Senior Analyst,B.Tech,9,51630.0,2019-09-28,Hyderabad,3,No,No
EMP01849,Rachana Bhandari,Female,35,IT,Team Lead,BCA,12,73991.0,2024-06-02,Chennai,2,No,No
EMP01850,Luke Bhandari,Male,39,HR,Manager,MBA,2,72451.0,2025-11-12,Pune,1,Yes,No
EMP01851,Praneel Bath,Female,29,IT,Team Lead,B.Tech,15,137687.0,2022-07-16,Bangalore,1,Yes,No
EMP01852,Urvi Vala,Female,47,Finance,Senior Analyst,M.Tech,5,97598.0,2017-01-09,Chennai,3,No,No
EMP01853,Darika Puri,Female,24,IT,Team Lead,MCA,10,145747.0,2022-01-12,Pune,5,Yes,No
EMP01854,Naveen Agarwal,Male,49,HR,Team Lead,BCA,20,73233.0,2018-05-24,Bangalore,5,No,Yes
EMP01855,Ekapad Rau,Male,58,Sales,Manager,M.Tech,13,65601.0,2024-10-12,Hyderabad,5,No,Yes
EMP01856,Jagdish Minhas,Male,25,Finance,Manager,BCA,17,110097.0,2025-05-30,Hyderabad,1,No,No
EMP01857,Vaishnavi Dar,Male,53,HR,Analyst,B.Tech,13,40374.0,2024-03-15,Bangalore,2,No,No
EMP01858,Bhavini Kunda,Female,47,IT,Manager,M.Tech,6,124917.0,2020-08-22,Mumbai,4,No,No
EMP01859,Vihaan Bath,Male,32,IT,Manager,MBA,18,118579.0,2016-10-28,Chennai,2,Yes,No
EMP01860,Xalak Kalla,Female,23,Marketing,Manager,MCA,5,43641.0,2024-12-30,Mumbai,5,No,No
EMP01861,Parth Lata,Male,58,Marketing,Team Lead,B.Tech,13,58095.0,2024-02-22,Bangalore,5,Yes,No
EMP01862,Ranbir Peri,Female,33,Finance,Senior Analyst,BCA,10,85470.0,2022-12-05,Hyderabad,1,Yes,No
EMP01863,Yadavi Bhargava,Male,44,IT,Manager,MBA,18,59077.0,2024-04-28,Pune,3,No,No
EMP01864,Pranit Bava,Male,30,Sales,Manager,M.Tech,15,30902.0,2024-04-26,Chennai,4,No,No
EMP01865,Yash Som,Female,58,Sales,Manager,M.Tech,17,87050.0,2016-10-31,Chennai,3,Yes,No
EMP01866,Vivaan Padmanabhan,Female,24,Finance,Team Lead,MCA,6,95548.0,2026-01-15,Bangalore,1,No,No
EMP01867,Yug Kade,Female,34,HR,Analyst,M.Tech,11,50626.0,2016-09-17,Chennai,3,No,No
EMP01868,Manthan Kota,Male,58,Marketing,Team Lead,B.Tech,5,65435.0,2020-01-31,Mumbai,4,Yes,No
EMP01869,Sanaya Jhaveri,Female,22,Sales,Senior Analyst,MCA,6,36494.0,2017-10-19,Pune,1,Yes,No
EMP01870,Faqid Saraf,Male,49,Marketing,Team Lead,B.Tech,5,65321.0,2020-11-11,Bangalore,3,No,No
EMP01871,Ekaraj Balasubramanian,Female,47,Marketing,Team Lead,MCA,19,71673.0,2019-08-27,Chennai,4,Yes,No
EMP01872,Jagrati Ganesh,Female,36,Sales,Team Lead,MCA,10,64304.0,2023-06-07,Bangalore,3,Yes,No
EMP01873,Aahana Mutti,Male,38,Finance,Team Lead,M.Tech,18,77058.0,2019-05-26,Chennai,3,Yes,No
EMP01874,Charvi Seth,Male,31,Marketing,Senior Analyst,BCA,8,61864.0,2025-03-21,Mumbai,3,No,No
EMP01875,Unni Bhardwaj,Male,58,HR,Team Lead,BCA,19,77379.0,2025-10-16,Hyderabad,2,Yes,No
EMP01876,Wriddhish Madan,Male,29,IT,Manager,BCA,18,108398.0,2017-10-03,Chennai,3,No,No
EMP01877,Avni Bajwa,Female,45,Marketing,Team Lead,MBA,11,47629.0,2026-01-24,Mumbai,2,Yes,No
EMP01878,Pranit Wadhwa,Female,58,IT,Manager,MCA,7,51331.0,2023-06-04,Chennai,1,Yes,Yes
EMP01879,Chaman Chopra,Male,31,Marketing,Team Lead,BCA,7,72130.0,2022-07-26,Hyderabad,1,Yes,Yes
EMP01880,Rishi Zacharia,Female,34,Finance,Team Lead,M.Tech,10,96574.0,2018-11-19,Pune,4,Yes,No
EMP01881,Odika Ratti,Male,26,Marketing,Team Lead,MCA,13,87832.0,2026-05-06,Mumbai,3,Yes,Yes
EMP01882,Nisha Bawa,Male,26,Sales,Senior Analyst,M.Tech,10,81976.0,2025-05-14,Mumbai,3,Yes,No
EMP01883,Abhimanyu Vohra,Female,32,HR,Senior Analyst,BCA,9,42030.0,2017-11-15,Hyderabad,2,No,No
EMP01884,Laksh Kari,Male,28,Finance,Analyst,MCA,9,69000.0,2018-01-29,Hyderabad,4,No,No
EMP01885,Upkaar Sethi,Male,24,Marketing,Team Lead,B.Tech,12,86211.0,2025-12-28,Mumbai,3,No,No
EMP01886,Forum Narayan,Male,53,Marketing,Manager,MCA,1,45026.0,2020-09-17,Bangalore,4,No,No
EMP01887,Amol Keer,Female,25,HR,Senior Analyst,B.Tech,1,49798.0,2021-07-23,Mumbai,3,Yes,No
EMP01888,Dipta Kade,Female,49,HR,Manager,MCA,5,66640.0,2018-12-17,Hyderabad,4,No,No
EMP01889,Max Bhavsar,Male,36,HR,Analyst,B.Tech,6,43175.0,2021-01-24,Bangalore,2,No,No
EMP01890,Isha Mukhopadhyay,Male,36,Finance,Analyst,B.Tech,18,59130.0,2019-09-15,Hyderabad,3,No,No
EMP01891,Rudra Lad,Male,49,Finance,Manager,MCA,14,53876.0,2019-04-20,Bangalore,4,No,No
EMP01892,Triya Nanda,Female,37,HR,Analyst,B.Tech,15,69955.0,2018-01-21,Pune,3,Yes,No
EMP01893,Lucky Mistry,Female,53,IT,Senior Analyst,B.Tech,2,72680.0,2024-06-03,Bangalore,2,No,No
EMP01894,Ekavir Madan,Female,26,HR,Analyst,BCA,1,38326.0,2020-09-01,Chennai,2,Yes,No
EMP01895,Saumya Sarin,Male,50,HR,Manager,MCA,9,33415.0,2020-03-22,Mumbai,4,Yes,No
EMP01896,Tejas Dhillon,Female,48,Finance,Analyst,M.Tech,20,109905.0,2024-08-25,Mumbai,2,No,No
EMP01897,Nisha Loyal,Male,56,IT,Manager,B.Tech,12,97154.0,2024-06-17,Chennai,2,No,No
EMP01898,Ryan Kala,Male,59,Marketing,Team Lead,MBA,2,46788.0,2019-12-31,Chennai,5,No,No
EMP01899,Kevin Chahal,Female,37,Sales,Senior Analyst,MBA,16,49324.0,2022-10-15,Mumbai,1,Yes,No
EMP01900,Mitesh Mannan,Male,29,IT,Manager,M.Tech,4,61080.0,2025-01-13,Bangalore,2,No,Yes
EMP01901,Shravya Ramakrishnan,Male,26,Marketing,Manager,BCA,13,87909.0,2024-07-29,Chennai,3,Yes,No
EMP01902,Bhavini Choudhury,Female,44,HR,Senior Analyst,M.Tech,19,39899.0,2023-11-04,Pune,1,No,No
EMP01903,Kashvi Reddy,Female,46,IT,Team Lead,B.Tech,5,73003.0,2020-08-18,Hyderabad,5,No,No
EMP01904,Jalsa Anne,Female,31,HR,Senior Analyst,BCA,5,31406.0,2021-06-30,Chennai,2,No,No
EMP01905,Harinakshi Murthy,Male,34,Sales,Analyst,M.Tech,8,80135.0,2020-03-10,Hyderabad,2,No,No
EMP01906,Faris Sarma,Male,41,Sales,Manager,M.Tech,9,88041.0,2024-12-11,Mumbai,5,No,No
EMP01907,Yutika Chad,Male,22,IT,Team Lead,M.Tech,8,110899.0,2020-05-18,Chennai,5,No,Yes
EMP01908,Saksham Aurora,Female,53,IT,Team Lead,M.Tech,19,91054.0,2019-09-26,Hyderabad,4,No,No
EMP01909,Tanmayi Palan,Female,36,HR,Team Lead,B.Tech,5,69173.0,2024-01-11,Chennai,4,No,No
EMP01910,Manbir Wali,Male,23,Sales,Manager,BCA,5,50973.0,2018-09-08,Chennai,3,Yes,No
EMP01911,Abdul Kumar,Female,58,HR,Senior Analyst,B.Tech,19,38770.0,2017-10-01,Mumbai,3,Yes,Yes
EMP01912,Amruta Savant,Male,59,IT,Team Lead,MCA,10,103806.0,2021-06-08,Mumbai,4,Yes,No
EMP01913,Amol Kalita,Male,48,Finance,Senior Analyst,M.Tech,7,105722.0,2023-06-16,Pune,2,Yes,No
EMP01914,Ekbal Prakash,Female,54,Finance,Analyst,M.Tech,12,54961.0,2022-05-04,Pune,1,Yes,No
EMP01915,Gaurang Subramaniam,Male,24,HR,Team Lead,M.Tech,3,44616.0,2018-09-07,Mumbai,2,Yes,No
EMP01916,Yagnesh Venkataraman,Male,28,IT,Senior Analyst,BCA,20,60971.0,2024-08-06,Pune,3,Yes,No
EMP01917,Reva Bose,Female,56,Sales,Manager,MBA,17,50139.0,2024-04-23,Pune,1,Yes,No
EMP01918,Aditya Sanghvi,Male,46,Marketing,Team Lead,MCA,3,69789.0,2019-02-08,Hyderabad,1,Yes,No
EMP01919,Yatin Mohan,Female,50,Finance,Manager,B.Tech,5,119713.0,2018-03-10,Pune,5,No,No
EMP01920,Ikbal Banik,Female,41,Finance,Analyst,M.Tech,20,97655.0,2021-11-08,Chennai,2,Yes,No
EMP01921,Aadhya Mahal,Female,31,Sales,Senior Analyst,BCA,5,44652.0,2025-06-18,Hyderabad,2,Yes,No
EMP01922,Udant Bali,Female,56,Sales,Senior Analyst,BCA,2,35960.0,2026-07-16,Pune,4,Yes,No
EMP01923,Urvashi Bora,Female,59,IT,Team Lead,M.Tech,15,130608.0,2017-04-19,Mumbai,1,Yes,No
EMP01924,Praneel Jani,Male,25,Marketing,Senior Analyst,MBA,6,42267.0,2018-03-11,Chennai,4,Yes,No
EMP01925,Guneet Baria,Male,32,HR,Team Lead,B.Tech,0,34088.0,2019-03-10,Mumbai,4,Yes,Yes
EMP01926,Varenya Prakash,Female,33,IT,Team Lead,B.Tech,0,92174.0,2026-04-08,Mumbai,2,Yes,No
EMP01927,Isaiah Ganguly,Male,58,Sales,Analyst,BCA,17,51212.0,2024-02-18,Chennai,4,No,No
EMP01928,Vrishti Chhabra,Male,36,HR,Senior Analyst,M.Tech,14,79563.0,2019-08-11,Hyderabad,5,No,No
EMP01929,Anika Rout,Male,54,HR,Team Lead,BCA,6,61696.0,2017-10-24,Mumbai,4,Yes,No
EMP01930,Kalpit Narang,Female,28,Finance,Analyst,BCA,14,58730.0,2016-12-15,Hyderabad,2,Yes,No
EMP01931,Jagdish Madan,Male,56,HR,Senior Analyst,MCA,7,76982.0,2024-08-01,Hyderabad,4,Yes,No
EMP01932,Ayaan Virk,Male,47,Marketing,Manager,MBA,15,56323.0,2017-04-21,Chennai,1,Yes,No
EMP01933,Raksha Butala,Male,22,Finance,Analyst,MCA,20,93527.0,2022-07-31,Hyderabad,1,Yes,No
EMP01934,Advika Raja,Male,51,Finance,Analyst,MCA,19,103273.0,2017-10-10,Mumbai,4,Yes,No
EMP01935,Aarav Cherian,Male,23,Marketing,Senior Analyst,MBA,9,57933.0,2024-07-24,Chennai,3,No,No
EMP01936,Krisha Kumer,Female,58,Marketing,Analyst,B.Tech,12,85051.0,2026-01-04,Pune,4,Yes,No
EMP01937,Azaan Kapadia,Male,43,Sales,Team Lead,B.Tech,19,96483.0,2024-11-05,Mumbai,3,No,No
EMP01938,Girindra Suresh,Male,59,IT,Analyst,MBA,14,146753.0,2023-02-13,Pune,4,Yes,No
EMP01939,Aadhya Chopra,Female,26,Marketing,Manager,M.Tech,13,62725.0,2026-02-06,Mumbai,4,No,No
EMP01940,Hritik Malhotra,Female,41,IT,Manager,MCA,17,50504.0,2017-01-11,Mumbai,3,No,No
EMP01941,Kamya Andra,Male,60,Finance,Team Lead,BCA,8,54865.0,2025-07-26,Chennai,4,Yes,No
EMP01942,Darpan Ramesh,Female,35,Sales,Manager,M.Tech,14,98024.0,2023-04-30,Mumbai,5,Yes,No
EMP01943,Jhalak Badal,Female,42,Finance,Analyst,M.Tech,9,114953.0,2017-06-08,Hyderabad,5,No,Yes
EMP01944,Krish Shere,Male,32,IT,Manager,B.Tech,10,72400.0,2024-02-18,Chennai,1,No,No
EMP01945,Manbir Radhakrishnan,Male,23,Finance,Senior Analyst,MCA,9,117466.0,2025-04-26,Mumbai,3,No,No
EMP01946,Tanveer Baral,Male,24,Marketing,Team Lead,MBA,3,85474.0,2019-04-11,Pune,5,Yes,No
EMP01947,Darpan Saran,Male,57,Marketing,Team Lead,MBA,19,83293.0,2025-08-01,Hyderabad,1,Yes,No
EMP01948,Fiyaz Gill,Male,24,Finance,Team Lead,MBA,11,46667.0,2019-11-06,Chennai,1,No,Yes
EMP01949,Vrinda Buch,Male,57,HR,Team Lead,M.Tech,0,53424.0,2017-06-22,Hyderabad,4,No,No
EMP01950,Jagdish Narula,Female,23,Finance,Analyst,M.Tech,14,119643.0,2021-02-10,Chennai,2,No,Yes
EMP01951,Girindra Tiwari,Male,49,IT,Team Lead,BCA,0,64810.0,2025-01-18,Bangalore,2,No,No
EMP01952,Dhruv Jani,Male,47,Sales,Manager,MCA,9,63038.0,2020-06-12,Pune,4,No,Yes
EMP01953,Wazir Nadkarni,Female,31,Sales,Senior Analyst,BCA,5,69437.0,2019-08-27,Pune,3,No,No
EMP01954,Dominic Som,Male,33,Finance,Senior Analyst,BCA,4,86343.0,2023-08-01,Mumbai,1,No,No
EMP01955,Pavani Krishnamurthy,Female,50,HR,Analyst,MCA,6,71628.0,2019-11-27,Chennai,3,No,No
EMP01956,Kashish Bala,Female,45,Finance,Senior Analyst,M.Tech,9,115934.0,2025-08-20,Chennai,3,Yes,No
EMP01957,Chavvi Gade,Male,53,IT,Analyst,B.Tech,7,120041.0,2020-10-09,Pune,3,No,No
EMP01958,Anjali Ravel,Male,22,HR,Senior Analyst,MBA,3,40893.0,2021-04-28,Hyderabad,2,Yes,No
EMP01959,Jacob Sahni,Male,51,IT,Manager,B.Tech,15,81041.0,2024-06-12,Chennai,3,Yes,No
EMP01960,Hema Dar,Female,57,Marketing,Team Lead,B.Tech,11,71417.0,2020-01-17,Hyderabad,5,No,No
EMP01961,Chavvi Ganguly,Female,28,HR,Manager,BCA,11,39171.0,2017-05-23,Mumbai,3,No,No
EMP01962,Raagini Boase,Male,43,Sales,Analyst,M.Tech,19,41014.0,2025-05-19,Bangalore,3,No,No
EMP01963,Nidra Mohan,Female,39,Marketing,Manager,B.Tech,2,51929.0,2020-02-13,Pune,2,No,No
EMP01964,Vansha Hegde,Female,29,HR,Manager,BCA,9,58728.0,2026-03-28,Pune,5,No,No
EMP01965,Ayushman Johal,Male,24,Marketing,Team Lead,B.Tech,14,48070.0,2022-05-27,Chennai,5,Yes,No
EMP01966,Noah Balakrishnan,Female,27,HR,Analyst,B.Tech,6,38179.0,2023-07-05,Hyderabad,5,Yes,No
EMP01967,Azaan Kota,Male,57,Finance,Analyst,MCA,1,112237.0,2018-06-10,Hyderabad,4,No,No
EMP01968,Ishani Bhardwaj,Female,33,HR,Team Lead,BCA,0,48693.0,2026-04-08,Pune,2,Yes,No
EMP01969,Dhriti Wable,Male,42,Finance,Senior Analyst,MBA,9,98555.0,2021-10-18,Mumbai,1,Yes,No
EMP01970,Bishakha Khurana,Female,34,Marketing,Team Lead,MCA,18,42037.0,2024-01-15,Chennai,4,Yes,No
EMP01971,Raagini Sandal,Female,59,Finance,Analyst,MCA,14,94663.0,2026-01-09,Hyderabad,2,No,No
EMP01972,George Vaidya,Female,49,HR,Team Lead,MCA,18,69623.0,2020-05-04,Bangalore,5,Yes,No
EMP01973,Zehaan Borra,Female,52,IT,Senior Analyst,M.Tech,3,56320.0,2019-04-01,Bangalore,5,Yes,No
EMP01974,Raagini Kakar,Female,55,Sales,Team Lead,MCA,5,42478.0,2017-11-01,Hyderabad,3,No,No
EMP01975,Dalbir Bir,Female,59,Sales,Team Lead,MBA,16,97725.0,2023-10-31,Hyderabad,5,No,No
EMP01976,Alexander Chokshi,Male,55,Finance,Analyst,M.Tech,10,119844.0,2019-01-04,Bangalore,2,Yes,No
EMP01977,Ayush Minhas,Male,30,IT,Team Lead,M.Tech,14,147673.0,2022-03-27,Mumbai,2,No,No
EMP01978,Keya Ramaswamy,Female,38,IT,Team Lead,BCA,14,51885.0,2022-01-14,Pune,2,No,No
EMP01979,Amruta Sagar,Male,27,Finance,Senior Analyst,B.Tech,5,113560.0,2017-05-13,Bangalore,2,No,No
EMP01980,Ranveer Minhas,Male,53,Finance,Analyst,MCA,17,59952.0,2016-08-16,Pune,5,Yes,No
EMP01981,Anika Chaudhari,Male,28,IT,Manager,MBA,19,136073.0,2023-06-17,Mumbai,1,No,No
EMP01982,Forum Dixit,Male,36,Sales,Team Lead,BCA,4,85735.0,2025-10-25,Pune,5,Yes,No
EMP01983,Zaid Sharaf,Female,23,Finance,Analyst,BCA,0,86735.0,2024-03-05,Mumbai,2,Yes,No
EMP01984,Neha Kadakia,Female,41,IT,Senior Analyst,MCA,7,119813.0,2024-08-05,Pune,1,Yes,No
EMP01985,Ati Mane,Female,56,Finance,Analyst,M.Tech,1,52742.0,2024-12-30,Bangalore,1,No,No
EMP01986,Yutika Nadig,Female,35,Sales,Manager,BCA,1,47777.0,2016-09-21,Pune,5,No,No
EMP01987,Brinda Bandi,Female,27,HR,Senior Analyst,MCA,12,79645.0,2019-07-26,Mumbai,5,No,No
EMP01988,Ijaya Vasa,Male,22,Marketing,Team Lead,M.Tech,7,48696.0,2023-02-15,Pune,4,Yes,No
EMP01989,Timothy Padmanabhan,Male,27,Sales,Team Lead,MBA,20,68259.0,2017-01-21,Chennai,2,No,No
EMP01990,Advay Salvi,Male,28,Marketing,Manager,MCA,5,58400.0,2025-10-25,Hyderabad,4,Yes,No
EMP01991,Wyatt Devan,Male,51,HR,Analyst,B.Tech,16,45727.0,2017-04-25,Mumbai,5,No,No
EMP01992,Luke Batra,Male,40,Finance,Senior Analyst,M.Tech,13,45614.0,2019-11-17,Bangalore,4,No,No
EMP01993,Robert Dave,Male,51,Sales,Team Lead,B.Tech,2,84029.0,2022-04-03,Pune,5,No,Yes
EMP01994,Dev Sachdeva,Male,24,Finance,Senior Analyst,M.Tech,8,50616.0,2016-09-24,Mumbai,1,Yes,No
EMP01995,Vihaan Borra,Female,48,Finance,Senior Analyst,MBA,6,46084.0,2024-09-02,Hyderabad,5,Yes,No
EMP01996,Vansha Behl,Female,29,Sales,Senior Analyst,M.Tech,20,63969.0,2023-12-29,Pune,2,Yes,No
EMP01997,Anvi Saxena,Female,53,Marketing,Manager,MCA,13,72691.0,2018-06-26,Mumbai,1,Yes,No
EMP01998,Yashvi Vyas,Female,54,HR,Manager,MCA,16,65165.0,2017-05-23,Pune,3,Yes,No
EMP01999,Tanvi Bajaj,Female,30,HR,Manager,BCA,10,65234.0,2019-06-26,Chennai,3,Yes,No
EMP02000,Manya Murthy,Male,28,IT,Manager,MCA,20,105681.0,2025-07-31,Bangalore,2,No,No
EMP02001,Ekavir Kanda,Male,54,HR,Manager,B.Tech,18,63022.0,2017-06-16,Mumbai,4,No,No
EMP02002,Bhavika Thakkar,Male,47,Sales,Team Lead,MBA,16,59156.0,2026-04-04,Chennai,1,No,No
EMP02003,Sanaya Narain,Male,29,IT,Team Lead,B.Tech,7,144038.0,2017-09-12,Mumbai,4,Yes,Yes
EMP02004,Gagan Kata,Female,38,HR,Senior Analyst,BCA,17,38370.0,2020-03-31,Pune,1,Yes,No
EMP02005,Jacob Sem,Female,50,HR,Manager,B.Tech,2,70056.0,2016-10-06,Bangalore,3,No,Yes
EMP02006,Indira Loyal,Female,59,IT,Team Lead,BCA,0,57418.0,2021-10-19,Mumbai,2,Yes,No
EMP02007,Joshua Dewan,Male,25,Sales,Manager,M.Tech,11,61483.0,2018-03-05,Pune,1,Yes,No
EMP02008,Bhavya Sanghvi,Male,59,HR,Manager,B.Tech,8,65650.0,2021-09-14,Chennai,3,No,No
EMP02009,William Bava,Female,41,HR,Senior Analyst,B.Tech,5,41629.0,2021-11-15,Pune,1,No,No
EMP02010,Anusha Raval,Male,24,HR,Senior Analyst,MCA,5,57473.0,2025-11-07,Chennai,5,No,Yes
EMP02011,Ekaraj Borde,Male,31,IT,Manager,MBA,12,78195.0,2019-11-24,Hyderabad,1,Yes,Yes
EMP02012,Matthew Rai,Male,47,IT,Manager,B.Tech,1,127929.0,2023-07-15,Bangalore,5,No,No
EMP02013,Rajeshri Luthra,Male,43,HR,Manager,MBA,13,65632.0,2021-03-25,Mumbai,3,Yes,No
EMP02014,Xiti Ravel,Female,58,IT,Analyst,BCA,3,114871.0,2023-12-13,Chennai,2,No,No
EMP02015,Rachana Buch,Female,32,IT,Senior Analyst,BCA,6,148649.0,2020-04-24,Bangalore,2,No,No
EMP02016,Chandran Sankaran,Male,46,Marketing,Manager,B.Tech,1,83709.0,2022-04-03,Hyderabad,1,Yes,No
EMP02017,Ansh Bakshi,Male,53,Sales,Analyst,M.Tech,10,66612.0,2023-03-06,Hyderabad,5,Yes,No
EMP02018,Frederick Sastry,Male,48,Finance,Analyst,B.Tech,0,104609.0,2018-04-27,Hyderabad,3,No,No
EMP02019,Aarnav Bansal,Female,22,HR,Senior Analyst,MCA,5,53628.0,2022-04-29,Hyderabad,2,No,No
EMP02020,Oliver Chaudhary,Male,59,IT,Team Lead,MCA,4,146019.0,2019-07-29,Chennai,4,Yes,No
EMP02021,Anvi Taneja,Male,48,Finance,Team Lead,MCA,19,47962.0,2020-04-27,Bangalore,2,Yes,No
EMP02022,Vasana Tak,Female,57,Finance,Analyst,B.Tech,13,55341.0,2019-05-06,Pune,3,No,No
EMP02023,Eshana Gill,Male,30,Marketing,Analyst,BCA,17,57987.0,2025-06-04,Mumbai,1,No,No
EMP02024,Omaja Atwal,Female,56,Marketing,Manager,MCA,18,40958.0,2022-12-24,Mumbai,5,No,No
EMP02025,Advay Taneja,Female,30,Sales,Senior Analyst,MBA,15,86093.0,2025-04-24,Chennai,1,Yes,No
EMP02026,Mitali Sabharwal,Female,23,Marketing,Senior Analyst,MBA,16,52644.0,2018-06-24,Mumbai,1,Yes,No
EMP02027,Upadhriti Upadhyay,Male,27,Marketing,Manager,MCA,1,67158.0,2023-03-17,Bangalore,1,No,No
EMP02028,Aarush Saxena,Male,47,Marketing,Senior Analyst,B.Tech,16,88993.0,2026-02-01,Pune,2,No,No
EMP02029,Matthew Ahuja,Female,24,Marketing,Senior Analyst,BCA,8,68414.0,2024-09-12,Hyderabad,5,No,No
EMP02030,Vasudha Sahota,Male,32,Sales,Analyst,B.Tech,8,86582.0,2024-03-17,Hyderabad,4,Yes,Yes
EMP02031,Chandani Verma,Male,35,IT,Analyst,BCA,11,93103.0,2024-11-18,Bangalore,1,No,Yes
EMP02032,Reyansh Ghose,Female,51,HR,Senior Analyst,M.Tech,9,78744.0,2022-11-03,Bangalore,5,Yes,No
EMP02033,Avi Ramesh,Male,29,IT,Team Lead,BCA,16,118300.0,2017-12-28,Chennai,1,Yes,No
EMP02034,Joshua Bakshi,Male,37,Marketing,Senior Analyst,MBA,2,60197.0,2026-07-01,Hyderabad,4,No,No
EMP02035,Zinal Agate,Female,41,Marketing,Analyst,M.Tech,1,60441.0,2024-09-11,Chennai,4,No,Yes
EMP02036,Upasna Bose,Female,36,Finance,Senior Analyst,MBA,7,50325.0,2026-07-19,Bangalore,1,Yes,Yes
EMP02037,Yatin Parikh,Male,42,Finance,Analyst,M.Tech,2,57598.0,2018-08-06,Mumbai,3,No,No
EMP02038,Girish Sundaram,Female,31,Sales,Analyst,B.Tech,16,48549.0,2025-07-02,Pune,1,Yes,No
EMP02039,Lohit Munshi,Female,48,Sales,Manager,BCA,6,72459.0,2023-08-15,Chennai,3,No,No
EMP02040,Tamanna Karpe,Female,47,Marketing,Manager,MBA,19,74140.0,2024-02-22,Hyderabad,1,Yes,No
EMP02041,Chaaya Varty,Male,30,IT,Analyst,M.Tech,17,68081.0,2023-07-20,Hyderabad,2,Yes,No
EMP02042,Ria Om,Female,22,Marketing,Senior Analyst,MBA,14,74089.0,2021-03-08,Hyderabad,1,No,No
EMP02043,Viraj Chaudhuri,Female,30,Marketing,Manager,B.Tech,2,67563.0,2024-09-15,Pune,2,No,No
EMP02044,Nikita Bhat,Female,23,Sales,Analyst,MCA,5,59133.0,2023-10-16,Bangalore,2,Yes,No
EMP02045,Maanav Basak,Male,57,Marketing,Analyst,MBA,4,71153.0,2018-08-03,Bangalore,2,No,No
EMP02046,Warhi Luthra,Female,29,Sales,Analyst,BCA,18,32346.0,2025-03-06,Chennai,5,Yes,No
EMP02047,Dakshesh Lalla,Male,25,HR,Analyst,B.Tech,1,47334.0,2025-12-29,Mumbai,2,Yes,No
EMP02048,Elijah Lata,Male,34,Finance,Senior Analyst,M.Tech,2,48882.0,2021-01-06,Chennai,1,No,Yes
EMP02049,Dakshesh Prabhakar,Female,56,IT,Team Lead,BCA,4,53848.0,2018-12-17,Chennai,4,No,No
EMP02050,Onveer Dass,Male,41,Sales,Senior Analyst,B.Tech,7,63888.0,2025-11-24,Chennai,4,Yes,No
EMP02051,Rachana Sood,Male,43,Sales,Senior Analyst,BCA,12,33296.0,2017-11-16,Pune,4,Yes,Yes
EMP02052,Eshana Hayre,Female,57,Sales,Manager,BCA,15,49516.0,2023-09-21,Chennai,4,Yes,No
EMP02053,Pavani Mahajan,Male,51,HR,Senior Analyst,MBA,10,79601.0,2024-03-29,Chennai,1,No,No
EMP02054,Lavanya Malhotra,Female,31,Finance,Senior Analyst,MCA,12,91017.0,2018-08-21,Bangalore,5,No,No
EMP02055,Nachiket Aurora,Female,40,Finance,Manager,MBA,17,102933.0,2019-05-18,Bangalore,2,Yes,No
EMP02056,Zashil Keer,Male,54,HR,Team Lead,M.Tech,11,30985.0,2019-08-18,Mumbai,4,No,Yes
EMP02057,Maya Sura,Female,35,HR,Team Lead,BCA,4,45420.0,2017-03-10,Pune,4,No,No
EMP02058,Kala Sinha,Female,49,Marketing,Team Lead,M.Tech,4,42239.0,2023-03-24,Pune,2,No,No
EMP02059,Bimala Sarna,Female,39,Sales,Team Lead,BCA,18,52553.0,2021-05-21,Bangalore,1,No,Yes
EMP02060,Janya Bera,Male,51,HR,Senior Analyst,BCA,17,66073.0,2022-07-12,Chennai,2,No,Yes
EMP02061,Ishani Chaudhuri,Female,54,HR,Senior Analyst,BCA,10,74378.0,2025-11-29,Mumbai,5,No,No
EMP02062,Nakul Yogi,Female,47,Marketing,Team Lead,BCA,13,70182.0,2025-12-14,Pune,1,Yes,Yes
EMP02063,Warinder Chacko,Female,41,IT,Senior Analyst,MCA,5,61941.0,2021-11-19,Bangalore,2,Yes,No
EMP02064,Aarush Sharaf,Female,55,IT,Manager,BCA,3,142829.0,2018-08-16,Hyderabad,4,Yes,No
EMP02065,Matthew Vala,Male,34,IT,Senior Analyst,BCA,20,116222.0,2020-11-03,Hyderabad,1,No,No
EMP02066,Hema Gola,Male,27,Marketing,Analyst,MCA,18,75822.0,2023-09-14,Bangalore,1,Yes,No
EMP02067,Victor Prabhu,Female,28,Sales,Manager,M.Tech,15,45306.0,2021-08-21,Chennai,1,Yes,No
EMP02068,George Sarna,Male,54,Finance,Team Lead,BCA,4,91501.0,2016-11-15,Mumbai,3,No,No
EMP02069,Tanish Srivastava,Male,26,Marketing,Senior Analyst,MBA,10,58898.0,2017-01-19,Pune,2,No,No
EMP02070,Arya Mander,Female,32,Marketing,Manager,M.Tech,5,81279.0,2019-01-03,Bangalore,4,Yes,No
EMP02071,Dev Krishnamurthy,Female,29,Finance,Manager,BCA,19,52371.0,2025-07-21,Chennai,1,Yes,No
EMP02072,Kashish Chawla,Male,60,Marketing,Manager,MCA,15,89708.0,2024-11-16,Chennai,4,Yes,No
EMP02073,Rayaan Chowdhury,Male,24,Marketing,Manager,MBA,6,66795.0,2019-08-16,Mumbai,1,Yes,No
EMP02074,Mekhala Agrawal,Female,44,HR,Manager,M.Tech,9,65850.0,2026-05-18,Bangalore,1,Yes,Yes
EMP02075,Vansha Chopra,Male,35,Sales,Manager,B.Tech,9,55448.0,2025-07-12,Hyderabad,1,No,No
EMP02076,Indrajit Sehgal,Female,57,Marketing,Team Lead,MBA,1,86730.0,2018-01-14,Pune,4,No,No
EMP02077,Hamsini Swaminathan,Female,26,IT,Manager,M.Tech,12,107997.0,2017-12-31,Bangalore,2,No,No
EMP02078,Aahana Prakash,Male,48,HR,Team Lead,B.Tech,2,51093.0,2018-11-05,Chennai,1,Yes,Yes
EMP02079,Abhimanyu Pillai,Male,55,Finance,Team Lead,B.Tech,0,73519.0,2020-08-11,Pune,2,Yes,No
EMP02080,Qasim Kale,Female,56,Marketing,Team Lead,M.Tech,17,49557.0,2021-04-06,Bangalore,2,Yes,No
EMP02081,Tripti Kunda,Male,22,IT,Team Lead,B.Tech,9,64042.0,2024-07-03,Bangalore,2,Yes,No
EMP02082,Andrew Mukherjee,Female,57,Sales,Manager,MCA,2,79421.0,2020-08-20,Chennai,2,Yes,No
EMP02083,Joshua Kunda,Male,27,Marketing,Analyst,MCA,10,50248.0,2016-12-13,Bangalore,1,No,No
EMP02084,Bishakha Chahal,Male,53,Finance,Manager,BCA,13,79023.0,2024-12-14,Pune,4,Yes,No
EMP02085,Adya Khosla,Male,30,Marketing,Analyst,MBA,10,56033.0,2016-10-13,Chennai,3,Yes,No
EMP02086,Advika Varma,Female,54,HR,Analyst,MCA,7,68815.0,2023-10-03,Pune,3,Yes,No
EMP02087,Gaurav Deshpande,Female,32,Finance,Senior Analyst,MBA,20,50978.0,2025-05-14,Bangalore,2,No,No
EMP02088,Chaman Grewal,Female,51,Sales,Manager,B.Tech,13,78471.0,2021-10-05,Bangalore,3,Yes,No
EMP02089,Omisha Kunda,Male,54,Finance,Manager,BCA,3,48580.0,2025-07-05,Pune,4,No,No
EMP02090,Aachal Karan,Male,35,Finance,Analyst,MBA,17,75130.0,2022-05-18,Pune,3,Yes,No
EMP02091,Warhi Chandra,Female,40,Marketing,Analyst,MCA,0,85876.0,2024-02-25,Mumbai,3,No,No
EMP02092,Tamanna Babu,Male,43,HR,Team Lead,MBA,12,33264.0,2025-03-09,Mumbai,4,Yes,No
EMP02093,Abeer Mahajan,Female,24,Finance,Manager,MBA,5,117745.0,2017-06-05,Chennai,3,Yes,No
EMP02094,Ekantika Lata,Male,31,IT,Manager,BCA,14,135551.0,2026-07-23,Hyderabad,3,Yes,No
EMP02095,Urishilla Thakkar,Male,44,Marketing,Senior Analyst,B.Tech,12,66187.0,2024-07-15,Mumbai,4,No,No
EMP02096,Rachit Mohan,Male,38,Marketing,Manager,M.Tech,1,61636.0,2019-12-27,Hyderabad,2,Yes,No
EMP02097,Imaran Barad,Female,23,Sales,Senior Analyst,MBA,11,60843.0,2019-02-18,Hyderabad,5,No,No
EMP02098,Nathan Shankar,Female,38,IT,Analyst,MCA,10,128142.0,2025-07-05,Hyderabad,3,No,No
EMP02099,Samuel Shetty,Female,53,Finance,Team Lead,MCA,1,107087.0,2024-04-23,Pune,2,No,No
EMP02100,Irya Mishra,Male,55,IT,Team Lead,B.Tech,18,142335.0,2021-06-13,Hyderabad,4,Yes,No
EMP02101,Urvi Banik,Male,25,Finance,Senior Analyst,B.Tech,4,104695.0,2025-01-15,Hyderabad,4,Yes,No
EMP02102,Harita Gandhi,Female,49,IT,Analyst,MBA,2,110920.0,2026-05-09,Bangalore,4,Yes,No
EMP02103,Darpan Bhakta,Female,29,IT,Team Lead,MCA,9,70658.0,2018-05-07,Mumbai,4,Yes,No
EMP02104,Vrinda Prashad,Female,59,IT,Analyst,B.Tech,11,73032.0,2019-02-16,Mumbai,2,Yes,No
EMP02105,Hemangini Datta,Male,28,IT,Team Lead,B.Tech,5,147894.0,2024-09-07,Chennai,3,No,No
EMP02106,Yashvi Lanka,Male,50,IT,Manager,BCA,1,105352.0,2017-09-14,Hyderabad,1,No,No
EMP02107,Samaksh Misra,Male,24,HR,Team Lead,M.Tech,14,32578.0,2021-07-31,Hyderabad,2,Yes,No
EMP02108,Chaaya Sastry,Female,46,Finance,Senior Analyst,BCA,14,69056.0,2020-11-24,Chennai,2,No,No
EMP02109,Robert Palla,Male,56,Finance,Senior Analyst,M.Tech,13,76675.0,2019-10-27,Bangalore,4,No,No
EMP02110,Laban Chokshi,Female,28,Sales,Senior Analyst,M.Tech,1,50483.0,2024-11-26,Hyderabad,2,No,No
EMP02111,Kalpit Munshi,Male,32,HR,Analyst,MBA,15,41808.0,2024-04-05,Hyderabad,3,Yes,No
EMP02112,Peter Sani,Female,48,Sales,Manager,MBA,18,86261.0,2023-04-30,Pune,2,No,Yes
EMP02113,Lakshit Sant,Male,59,HR,Manager,MCA,17,72239.0,2020-09-20,Mumbai,5,No,No
EMP02114,Gaurang Mittal,Female,41,IT,Analyst,MBA,14,144737.0,2025-05-19,Chennai,3,No,Yes
EMP02115,Janya Baral,Male,58,IT,Senior Analyst,M.Tech,5,55845.0,2018-08-24,Bangalore,2,Yes,No
EMP02116,Amaira Lala,Male,24,IT,Team Lead,MCA,11,89228.0,2022-01-28,Mumbai,5,Yes,No
EMP02117,Jeet Mitra,Female,34,Marketing,Senior Analyst,B.Tech,7,46360.0,2025-09-23,Hyderabad,1,Yes,No
EMP02118,Leena Choudhury,Female,43,HR,Team Lead,BCA,11,34406.0,2017-08-02,Bangalore,5,Yes,Yes
EMP02119,Orinder Chad,Male,36,Sales,Manager,M.Tech,9,73065.0,2024-03-13,Mumbai,5,No,No
EMP02120,Dalbir Kade,Male,34,HR,Senior Analyst,MCA,19,42690.0,2021-07-11,Hyderabad,4,Yes,No
EMP02121,Tanish Sodhi,Male,44,Marketing,Senior Analyst,BCA,13,43667.0,2023-09-19,Hyderabad,3,No,Yes
EMP02122,Rudra Prabhakar,Female,60,IT,Manager,MCA,5,125993.0,2017-04-05,Mumbai,5,Yes,Yes
EMP02123,Harini Kade,Female,47,IT,Senior Analyst,BCA,3,68696.0,2021-01-01,Chennai,4,No,No
EMP02124,Meera Ravi,Male,46,Marketing,Senior Analyst,M.Tech,11,53209.0,2024-03-11,Pune,1,Yes,No
EMP02125,Anmol Keer,Male,47,Finance,Manager,BCA,10,57817.0,2021-02-25,Hyderabad,1,No,No
EMP02126,Reva Prasad,Female,39,Sales,Manager,MCA,7,82531.0,2018-03-09,Hyderabad,5,No,Yes
EMP02127,Tamanna Joshi,Male,23,Sales,Manager,BCA,12,43485.0,2022-07-19,Chennai,2,Yes,No
EMP02128,Rayaan Goda,Female,42,IT,Senior Analyst,MCA,18,127737.0,2021-05-20,Bangalore,2,Yes,No
EMP02129,Hema Kalita,Female,44,IT,Analyst,MCA,2,96377.0,2025-02-11,Bangalore,3,Yes,No
EMP02130,Manbir Bhavsar,Female,37,HR,Analyst,M.Tech,3,68134.0,2020-11-13,Chennai,4,No,No
EMP02131,Ekanta Wali,Male,45,HR,Team Lead,B.Tech,8,60548.0,2024-04-16,Hyderabad,1,Yes,No
EMP02132,Krishna Chaudhary,Male,59,Sales,Senior Analyst,BCA,20,72118.0,2023-05-09,Pune,5,No,No
EMP02133,Dominic Khalsa,Female,58,Finance,Senior Analyst,B.Tech,1,101547.0,2023-10-29,Hyderabad,2,No,No
EMP02134,Urvi Loyal,Male,32,Sales,Team Lead,MBA,3,76919.0,2022-07-01,Mumbai,3,No,No
EMP02135,Udarsh Gulati,Female,55,Sales,Senior Analyst,M.Tech,1,98126.0,2019-04-13,Hyderabad,3,No,No
EMP02136,Amrita Thakkar,Male,54,Finance,Team Lead,MBA,4,98022.0,2025-09-19,Chennai,2,Yes,No
EMP02137,Lipika Chandra,Female,45,Sales,Analyst,M.Tech,9,58404.0,2023-01-09,Chennai,2,Yes,No
EMP02138,Vaishnavi Suresh,Male,56,HR,Senior Analyst,MCA,5,52961.0,2018-10-29,Chennai,2,No,Yes
EMP02139,Indrajit Patla,Female,33,Finance,Analyst,BCA,5,117413.0,2026-03-27,Hyderabad,2,Yes,No
EMP02140,Andrew Zacharia,Male,60,Sales,Analyst,BCA,2,67679.0,2017-06-13,Mumbai,4,No,No
EMP02141,Oscar Seshadri,Female,22,HR,Team Lead,MCA,14,32605.0,2016-10-14,Bangalore,5,No,No
EMP02142,Eiravati Divan,Female,24,Finance,Analyst,B.Tech,6,69262.0,2021-10-26,Mumbai,1,Yes,Yes
EMP02143,Jhalak Kade,Male,56,IT,Senior Analyst,B.Tech,18,78784.0,2020-04-11,Hyderabad,3,No,No
EMP02144,Qasim Jha,Male,24,IT,Manager,BCA,2,127579.0,2023-10-15,Mumbai,2,No,No
EMP02145,Gautam Som,Female,29,Finance,Manager,BCA,1,86991.0,2022-11-01,Chennai,4,Yes,No
EMP02146,Yahvi Rana,Female,22,Finance,Analyst,M.Tech,9,73624.0,2017-11-19,Pune,2,No,No
EMP02147,Jeremiah Sane,Female,49,HR,Senior Analyst,B.Tech,6,47784.0,2016-08-27,Bangalore,2,Yes,No
EMP02148,Radha Walla,Female,40,Finance,Analyst,MBA,3,46629.0,2020-07-25,Pune,2,Yes,No
EMP02149,Neelima Gola,Female,29,IT,Senior Analyst,MBA,12,95739.0,2024-07-03,Hyderabad,4,No,No
EMP02150,Bhavna Randhawa,Female,24,Finance,Manager,B.Tech,16,92449.0,2025-05-09,Pune,5,No,No
EMP02151,Ekaraj Keer,Female,26,HR,Manager,MCA,19,32949.0,2018-07-02,Pune,1,No,No
EMP02152,Waida Gera,Male,33,IT,Team Lead,B.Tech,2,114803.0,2025-10-19,Bangalore,2,No,No
EMP02153,Hema Goel,Female,26,Marketing,Manager,B.Tech,7,64182.0,2020-01-29,Hyderabad,3,No,No
EMP02154,Advik Sarma,Female,58,Finance,Team Lead,MBA,10,70738.0,2022-10-22,Mumbai,1,Yes,No
EMP02155,Omya Buch,Female,30,Sales,Manager,M.Tech,9,78460.0,2019-06-20,Mumbai,1,No,No
EMP02156,Nakul Banik,Female,26,Finance,Analyst,BCA,5,70933.0,2021-10-09,Mumbai,3,Yes,No
EMP02157,Rachita Kalita,Female,39,Marketing,Senior Analyst,BCA,10,76013.0,2019-04-05,Chennai,3,Yes,No
EMP02158,Gautami Peri,Male,59,Sales,Senior Analyst,MBA,18,32097.0,2026-07-13,Mumbai,1,No,No
EMP02159,Waida Oza,Female,28,Finance,Team Lead,B.Tech,1,84940.0,2022-07-25,Chennai,5,No,No
EMP02160,Azad Sahota,Female,27,Sales,Manager,MCA,6,89904.0,2018-05-30,Chennai,3,No,Yes
EMP02161,Laban Prakash,Female,57,Finance,Analyst,MCA,4,95816.0,2023-10-09,Pune,1,No,No
EMP02162,Aayush Handa,Male,31,Marketing,Manager,MBA,19,72437.0,2023-08-27,Hyderabad,5,Yes,Yes
EMP02163,Meera Dhar,Female,57,IT,Manager,BCA,16,90378.0,2020-11-04,Pune,2,No,No
EMP02164,Ikbal Saha,Male,36,Finance,Senior Analyst,MBA,13,49360.0,2025-09-13,Pune,4,Yes,No
EMP02165,Harshil Solanki,Female,35,HR,Analyst,MBA,0,55975.0,2016-12-07,Chennai,1,Yes,No
EMP02166,Adweta Yadav,Female,58,HR,Team Lead,BCA,5,57566.0,2023-04-26,Mumbai,1,No,No
EMP02167,Anita Saran,Male,54,Marketing,Team Lead,M.Tech,20,68231.0,2019-01-18,Bangalore,4,No,No
EMP02168,Ridhi Boase,Male,54,HR,Manager,MBA,18,57178.0,2016-12-17,Bangalore,3,No,No
EMP02169,Bahadurjit Hegde,Male,29,IT,Manager,BCA,20,89673.0,2026-07-28,Pune,5,No,No
EMP02170,Wriddhish Mukherjee,Female,23,IT,Manager,MBA,17,102621.0,2021-06-03,Hyderabad,2,Yes,No
EMP02171,Daksh Dyal,Male,52,IT,Senior Analyst,M.Tech,12,71346.0,2021-07-11,Mumbai,2,Yes,No
EMP02172,Aarush Wable,Male,48,Marketing,Team Lead,B.Tech,17,45468.0,2021-10-29,Hyderabad,4,Yes,No
EMP02173,Radha Sidhu,Female,38,Finance,Senior Analyst,MBA,0,114978.0,2020-05-26,Mumbai,3,Yes,No
EMP02174,Ishwar Parekh,Male,27,IT,Senior Analyst,MCA,6,144104.0,2020-07-23,Pune,5,Yes,No
EMP02175,Widisha Sant,Female,50,IT,Analyst,MBA,9,97027.0,2020-01-27,Mumbai,2,Yes,No
EMP02176,Ganga Sharaf,Male,22,Marketing,Team Lead,MCA,10,88708.0,2024-04-27,Mumbai,5,Yes,No
EMP02177,Saumya Hans,Female,37,Sales,Analyst,B.Tech,7,97191.0,2020-05-27,Bangalore,4,Yes,No
EMP02178,Alexander Chhabra,Male,46,Finance,Manager,MCA,15,110797.0,2021-02-04,Hyderabad,1,No,No
EMP02179,Ishanvi Mitra,Male,28,Marketing,Manager,MCA,18,84519.0,2023-03-15,Mumbai,2,Yes,No
EMP02180,Ekaraj Johal,Male,29,Sales,Manager,BCA,0,56176.0,2021-06-05,Mumbai,2,No,No
EMP02181,Saanvi Varkey,Male,23,Sales,Analyst,M.Tech,1,88493.0,2024-12-06,Bangalore,4,Yes,No
EMP02182,Pranav Rao,Female,57,Finance,Senior Analyst,MCA,4,114296.0,2022-06-23,Pune,5,No,No
EMP02183,Zilmil Bath,Female,58,IT,Senior Analyst,MBA,0,109984.0,2017-07-26,Pune,1,Yes,No
EMP02184,Aayush Ramesh,Male,60,Finance,Manager,BCA,17,45286.0,2018-03-09,Hyderabad,4,No,No
EMP02185,Adweta Bath,Male,23,Finance,Senior Analyst,M.Tech,4,47038.0,2025-04-09,Bangalore,4,Yes,No
EMP02186,Yashoda Anand,Female,39,HR,Team Lead,B.Tech,13,42754.0,2021-10-12,Pune,5,No,No
EMP02187,Anvi Balasubramanian,Female,22,HR,Analyst,B.Tech,20,46585.0,2020-01-20,Bangalore,3,Yes,No
EMP02188,Omya De,Male,59,Sales,Analyst,B.Tech,5,79012.0,2024-05-19,Hyderabad,4,No,No
EMP02189,Jagrati Mann,Female,58,HR,Manager,MBA,0,41969.0,2019-12-16,Bangalore,2,No,No
EMP02190,Jacob Balay,Female,37,Finance,Manager,MCA,0,62283.0,2017-07-10,Hyderabad,3,Yes,No
EMP02191,Raksha Bhargava,Female,38,Sales,Analyst,M.Tech,11,59138.0,2016-08-25,Chennai,3,No,No
EMP02192,Nathan Kibe,Female,54,IT,Senior Analyst,BCA,7,102442.0,2022-09-19,Pune,5,No,No
EMP02193,Jonathan Taneja,Female,48,Finance,Senior Analyst,B.Tech,7,112865.0,2020-12-29,Hyderabad,2,No,No
EMP02194,Bakhshi Dewan,Female,40,IT,Analyst,B.Tech,12,102852.0,2020-05-18,Pune,5,No,No
EMP02195,Bhavya Samra,Male,25,Marketing,Team Lead,B.Tech,15,78684.0,2020-02-24,Mumbai,5,No,No
EMP02196,Manthan Ramachandran,Male,22,HR,Manager,MBA,5,56917.0,2020-08-13,Chennai,1,No,No
EMP02197,Jackson Morar,Female,46,Marketing,Senior Analyst,M.Tech,18,61750.0,2020-09-29,Mumbai,5,Yes,No
EMP02198,Ekani Sangha,Female,47,HR,Manager,MBA,10,79250.0,2021-03-14,Chennai,5,Yes,No
EMP02199,Alka Chakrabarti,Male,38,Sales,Senior Analyst,BCA,13,31619.0,2018-10-23,Mumbai,3,Yes,No
EMP02200,Samaksh Yogi,Male,60,IT,Analyst,B.Tech,10,76233.0,2026-01-05,Hyderabad,4,Yes,No
EMP02201,Lavanya Sathe,Male,51,IT,Manager,B.Tech,0,58716.0,2020-03-01,Mumbai,1,No,No
EMP02202,Nathaniel Nayak,Male,35,HR,Team Lead,BCA,1,48628.0,2019-06-25,Bangalore,2,No,No
EMP02203,Girish Dewan,Female,42,Sales,Manager,MCA,4,91613.0,2023-10-19,Hyderabad,2,No,Yes
EMP02204,Nihal Chawla,Male,25,IT,Senior Analyst,B.Tech,10,131406.0,2023-01-14,Pune,2,Yes,No
EMP02205,Mitali Jani,Male,38,Marketing,Manager,B.Tech,15,62959.0,2021-03-10,Mumbai,5,Yes,No
EMP02206,Nachiket Handa,Male,27,Sales,Manager,MCA,12,99985.0,2018-03-20,Hyderabad,1,No,Yes
EMP02207,Gabriel Radhakrishnan,Female,58,Marketing,Team Lead,MBA,13,61806.0,2020-06-02,Hyderabad,3,Yes,No
EMP02208,Kabir D’Alia,Male,32,Sales,Team Lead,B.Tech,7,70285.0,2022-06-25,Bangalore,2,No,No
EMP02209,Imaran Bhargava,Male,53,Marketing,Manager,MBA,10,61522.0,2019-04-30,Hyderabad,2,Yes,Yes
EMP02210,Wakeeta Varghese,Male,58,Finance,Senior Analyst,BCA,11,53140.0,2025-11-24,Hyderabad,3,Yes,No
EMP02211,Ayushman Varty,Male,51,Marketing,Analyst,B.Tech,6,68792.0,2017-05-16,Pune,2,No,No
EMP02212,Faraj Patel,Male,39,Sales,Manager,MBA,8,88792.0,2026-03-01,Bangalore,4,No,No
EMP02213,Daniel Hans,Male,52,HR,Manager,MCA,7,50657.0,2017-02-05,Bangalore,5,Yes,No
EMP02214,Lopa Bhalla,Female,27,Finance,Manager,B.Tech,20,49471.0,2023-01-13,Hyderabad,5,No,No
EMP02215,Hemani Dutt,Female,24,IT,Analyst,M.Tech,8,96094.0,2019-06-06,Pune,5,Yes,No
EMP02216,Xalak Ganesh,Male,42,Sales,Manager,MCA,11,40361.0,2019-07-14,Pune,5,No,No
EMP02217,Vritti Oak,Male,53,Sales,Manager,BCA,7,45331.0,2017-01-21,Bangalore,3,Yes,No
EMP02218,Kai Seth,Female,42,Marketing,Team Lead,BCA,7,89321.0,2021-08-05,Mumbai,3,Yes,No
EMP02219,Raksha Sanghvi,Male,27,HR,Analyst,B.Tech,19,76651.0,2019-04-25,Mumbai,4,No,No
EMP02220,Nicholas Nigam,Female,39,HR,Analyst,MBA,1,45633.0,2023-06-22,Mumbai,5,Yes,No
EMP02221,Noah Bobal,Female,27,HR,Manager,MCA,12,51082.0,2016-10-27,Chennai,5,Yes,No
EMP02222,Gaurika Kuruvilla,Male,34,HR,Analyst,B.Tech,7,52449.0,2023-05-06,Mumbai,4,No,No
EMP02223,Farhan More,Male,49,Sales,Manager,BCA,0,95947.0,2025-12-16,Mumbai,5,No,No
EMP02224,Dalbir Salvi,Male,60,IT,Analyst,M.Tech,19,72044.0,2019-07-01,Pune,2,Yes,Yes
EMP02225,Nikita Sinha,Male,46,IT,Manager,BCA,6,139227.0,2018-03-16,Bangalore,3,No,No
EMP02226,Gopal Iyer,Male,47,Marketing,Senior Analyst,B.Tech,10,71757.0,2019-07-21,Bangalore,1,No,Yes
EMP02227,Omaja Tiwari,Male,31,IT,Analyst,MCA,9,109614.0,2022-06-25,Hyderabad,5,No,No
EMP02228,Jasmit Sagar,Female,39,IT,Team Lead,MBA,15,112574.0,2020-09-06,Bangalore,5,Yes,No
EMP02229,Ubika Puri,Female,46,HR,Analyst,M.Tech,2,59084.0,2025-02-17,Mumbai,3,Yes,No
EMP02230,Gauri Kata,Female,46,Marketing,Manager,B.Tech,8,62605.0,2021-05-14,Chennai,2,Yes,No
EMP02231,Charvi Kamdar,Female,36,Sales,Analyst,B.Tech,18,79273.0,2023-07-03,Chennai,1,No,No
EMP02232,Bachittar Ravi,Female,22,IT,Senior Analyst,MBA,4,99017.0,2023-08-14,Mumbai,4,Yes,No
EMP02233,Faras Ravel,Female,47,Sales,Senior Analyst,MBA,1,81559.0,2025-01-19,Bangalore,3,Yes,No
EMP02234,Jeevika Goel,Female,39,HR,Analyst,M.Tech,16,72013.0,2023-01-27,Mumbai,5,Yes,Yes
EMP02235,Chandran Loyal,Male,32,IT,Analyst,B.Tech,6,126892.0,2024-12-27,Bangalore,2,No,Yes
EMP02236,Gaurav Oommen,Male,34,HR,Manager,MCA,0,69866.0,2026-07-10,Mumbai,4,No,No
EMP02237,Yoshita Setty,Male,47,HR,Analyst,BCA,3,67648.0,2020-11-06,Mumbai,5,No,No
EMP02238,Chakrika Boase,Female,40,IT,Team Lead,MCA,4,110747.0,2021-10-15,Pune,5,Yes,No
EMP02239,Zarna Wable,Female,40,IT,Team Lead,B.Tech,10,87464.0,2025-10-13,Mumbai,1,Yes,No
EMP02240,Indali Dave,Female,44,Marketing,Team Lead,M.Tech,0,76328.0,2022-05-18,Hyderabad,3,No,No
EMP02241,Varsha Sastry,Male,60,Sales,Team Lead,B.Tech,12,83234.0,2022-03-03,Bangalore,4,No,Yes
EMP02242,Fiyaz Bansal,Male,37,IT,Manager,BCA,10,141673.0,2024-04-30,Chennai,2,No,No
EMP02243,Banjeet Kata,Female,50,Marketing,Senior Analyst,MBA,13,36997.0,2017-03-05,Chennai,1,Yes,No
EMP02244,Devansh Kunda,Female,23,HR,Analyst,MCA,11,34121.0,2017-07-17,Hyderabad,1,Yes,No
EMP02245,Kala Amble,Male,42,Finance,Manager,BCA,7,56818.0,2017-11-17,Pune,5,No,No
EMP02246,Qushi Mallick,Female,41,Marketing,Analyst,B.Tech,1,59472.0,2018-05-03,Hyderabad,5,No,No
EMP02247,Omkaar Bhatia,Female,38,Sales,Team Lead,B.Tech,14,64779.0,2023-02-19,Bangalore,3,No,Yes
EMP02248,Theodore Sarkar,Male,58,Marketing,Analyst,M.Tech,1,55926.0,2020-01-18,Mumbai,5,No,No
EMP02249,Sachi Mohan,Female,43,Finance,Manager,BCA,9,98033.0,2025-12-14,Mumbai,2,Yes,No
EMP02250,Aarush Soni,Female,47,Sales,Analyst,MCA,19,94867.0,2023-01-04,Chennai,1,Yes,No
EMP02251,Ayaan Sodhi,Male,56,HR,Team Lead,B.Tech,15,61067.0,2026-03-01,Bangalore,1,Yes,No
EMP02252,Ishaan Iyer,Female,37,HR,Senior Analyst,B.Tech,0,69549.0,2023-05-13,Hyderabad,5,No,No
EMP02253,Harini Dubey,Female,40,HR,Team Lead,BCA,4,43784.0,2018-10-13,Hyderabad,5,Yes,No
EMP02254,Jalsa Dhawan,Female,46,Sales,Senior Analyst,MCA,7,51478.0,2024-04-15,Hyderabad,4,No,No
EMP02255,Megha Narula,Female,31,HR,Analyst,B.Tech,19,76472.0,2025-06-06,Hyderabad,2,Yes,No
EMP02256,Vrishti Ramaswamy,Male,26,Marketing,Manager,M.Tech,3,51473.0,2020-11-19,Hyderabad,2,Yes,No
EMP02257,Veda Patla,Female,53,Marketing,Analyst,M.Tech,8,54224.0,2019-01-31,Mumbai,5,Yes,No
EMP02258,Dhruv Krish,Female,42,Marketing,Analyst,MCA,0,87408.0,2020-10-24,Pune,3,Yes,No
EMP02259,Anika Chaudhari,Male,34,Finance,Senior Analyst,BCA,1,103007.0,2023-05-20,Bangalore,1,No,No
EMP02260,Dhruv Sinha,Male,49,Sales,Senior Analyst,B.Tech,7,57976.0,2024-06-01,Chennai,4,No,No
EMP02261,Fitan Chana,Female,54,Finance,Analyst,MBA,6,71706.0,2017-03-11,Chennai,3,No,No
EMP02262,Girish Chadha,Female,25,IT,Senior Analyst,MBA,14,50452.0,2025-10-05,Bangalore,3,No,No
EMP02263,Quincy Vig,Male,40,HR,Analyst,BCA,19,62992.0,2018-10-29,Chennai,3,Yes,No
EMP02264,Timothy Arya,Female,52,HR,Team Lead,M.Tech,15,47711.0,2024-01-15,Hyderabad,4,No,Yes
EMP02265,Tanay Sura,Male,49,Finance,Senior Analyst,BCA,4,93660.0,2021-01-19,Bangalore,2,No,No
EMP02266,Frado Kuruvilla,Female,38,HR,Manager,BCA,16,73408.0,2018-01-04,Pune,5,No,No
EMP02267,Watika Reddy,Male,28,Sales,Senior Analyst,M.Tech,10,93661.0,2019-08-24,Mumbai,4,No,No
EMP02268,Rachit Sibal,Female,24,Marketing,Team Lead,MCA,2,51887.0,2024-07-17,Bangalore,3,Yes,No
EMP02269,Ayushman Shukla,Male,30,HR,Senior Analyst,M.Tech,13,58607.0,2022-06-14,Pune,4,Yes,No
EMP02270,Megha Prabhu,Male,28,HR,Team Lead,M.Tech,3,40285.0,2020-09-02,Pune,5,No,No
EMP02271,Zayyan Saxena,Male,33,HR,Manager,MBA,8,31067.0,2016-09-18,Hyderabad,2,Yes,Yes
EMP02272,Hemani Mall,Female,41,Marketing,Senior Analyst,B.Tech,16,81084.0,2021-05-17,Pune,4,No,No
EMP02273,Zansi Bajaj,Male,30,Marketing,Senior Analyst,MBA,15,39208.0,2020-07-09,Mumbai,5,No,No
EMP02274,Aarav Doctor,Female,26,IT,Manager,M.Tech,10,136148.0,2022-03-14,Bangalore,4,Yes,No
EMP02275,Zaid Rastogi,Female,41,HR,Manager,M.Tech,8,67718.0,2025-11-22,Mumbai,5,No,No
EMP02276,Zashil Saraf,Female,39,Finance,Manager,B.Tech,0,87541.0,2025-03-16,Mumbai,2,Yes,No
EMP02277,Yashoda Bhakta,Male,25,Marketing,Analyst,M.Tech,14,45103.0,2019-07-14,Hyderabad,4,Yes,No
EMP02278,Aayush Merchant,Female,42,Finance,Team Lead,MCA,12,62355.0,2022-01-30,Chennai,5,No,Yes
EMP02279,Nathan Borde,Female,42,Sales,Team Lead,MCA,10,95439.0,2018-11-21,Chennai,3,Yes,No
EMP02280,Nathaniel Sehgal,Male,22,HR,Analyst,MBA,8,60818.0,2018-11-27,Mumbai,4,No,No
EMP02281,Tanvi Memon,Male,40,Marketing,Analyst,MCA,13,87976.0,2021-11-08,Bangalore,4,No,No
EMP02282,Shivani Ramanathan,Male,38,Sales,Team Lead,MCA,8,72610.0,2023-07-25,Bangalore,5,No,Yes
EMP02283,Gayathri Sachdeva,Male,34,Sales,Manager,M.Tech,0,48837.0,2019-01-03,Chennai,1,Yes,No
EMP02284,Kashvi Hora,Female,23,Sales,Senior Analyst,MBA,15,35491.0,2024-07-08,Hyderabad,1,No,No
EMP02285,Veer Vala,Female,25,Sales,Senior Analyst,BCA,4,57808.0,2019-07-13,Pune,1,Yes,No
EMP02286,Fitan Balakrishnan,Male,39,IT,Analyst,M.Tech,19,86435.0,2020-01-23,Chennai,1,No,No
EMP02287,Abha Mukherjee,Female,30,Marketing,Team Lead,MCA,15,88822.0,2020-05-10,Hyderabad,5,No,No
EMP02288,Pallavi Tara,Female,55,IT,Analyst,MCA,6,97523.0,2016-09-09,Pune,1,No,No
EMP02289,Jackson Wagle,Female,41,HR,Analyst,M.Tech,11,79382.0,2021-11-06,Pune,4,Yes,No
EMP02290,Raghav Chada,Female,59,Marketing,Analyst,B.Tech,8,79356.0,2026-06-15,Chennai,1,Yes,Yes
EMP02291,Ryan Arora,Male,36,Marketing,Analyst,MCA,8,52712.0,2020-02-18,Mumbai,5,Yes,No
EMP02292,Dhriti Sankaran,Male,51,Sales,Senior Analyst,MCA,16,66748.0,2019-05-20,Hyderabad,1,Yes,No
EMP02293,Ishani Sarma,Female,52,IT,Team Lead,M.Tech,18,147530.0,2018-01-06,Chennai,4,No,No
EMP02294,Laban Trivedi,Male,54,Marketing,Manager,MCA,11,42450.0,2017-08-06,Mumbai,2,Yes,No
EMP02295,Forum Deol,Male,60,IT,Team Lead,M.Tech,16,118417.0,2021-12-09,Chennai,5,No,No
EMP02296,Varsha Loke,Male,32,IT,Manager,BCA,18,105087.0,2025-11-02,Pune,5,No,No
EMP02297,Jasmit Varghese,Female,40,Marketing,Senior Analyst,BCA,8,45862.0,2022-04-12,Chennai,2,Yes,No
EMP02298,Oliver Bhatia,Male,27,Finance,Team Lead,BCA,12,68828.0,2021-06-14,Mumbai,1,No,No
EMP02299,Shivansh Palan,Male,46,Marketing,Team Lead,MCA,16,44802.0,2017-11-21,Mumbai,3,No,No
EMP02300,Aachal Upadhyay,Female,31,Marketing,Senior Analyst,B.Tech,17,73910.0,2022-03-16,Chennai,2,Yes,No
EMP02301,Bimala Narain,Male,31,Finance,Senior Analyst,B.Tech,3,104023.0,2020-01-20,Chennai,5,Yes,No
EMP02302,Vrinda Randhawa,Female,25,IT,Team Lead,MBA,13,91465.0,2018-11-14,Chennai,5,No,No
EMP02303,Patrick Sridhar,Female,42,Sales,Senior Analyst,M.Tech,2,88349.0,2023-08-24,Mumbai,1,Yes,No
EMP02304,Bhavna Baria,Female,59,Finance,Analyst,MCA,6,105656.0,2026-02-24,Chennai,5,Yes,No
EMP02305,Edhitha Bajwa,Female,32,Marketing,Manager,M.Tech,18,54824.0,2018-01-19,Hyderabad,5,No,No
EMP02306,Rajeshri Parsa,Male,31,Marketing,Analyst,MBA,16,64051.0,2024-04-24,Chennai,1,Yes,No
EMP02307,Joshua Swamy,Male,29,HR,Analyst,MCA,18,56158.0,2022-08-04,Bangalore,5,Yes,No
EMP02308,Wriddhish Ben,Female,28,HR,Senior Analyst,BCA,18,72404.0,2020-10-24,Chennai,1,No,No
EMP02309,Zansi Mane,Male,51,Finance,Senior Analyst,B.Tech,19,49803.0,2022-03-08,Chennai,2,Yes,No
EMP02310,Forum Patel,Female,41,Finance,Manager,BCA,17,75273.0,2021-02-09,Hyderabad,3,Yes,No
EMP02311,Isaiah Bawa,Female,55,Finance,Senior Analyst,B.Tech,15,87978.0,2018-05-14,Pune,3,No,No
EMP02312,Harish Ravel,Male,32,IT,Senior Analyst,BCA,15,107967.0,2022-04-16,Pune,3,No,No
EMP02313,Balvan Ramaswamy,Male,44,IT,Senior Analyst,BCA,10,107668.0,2020-01-14,Mumbai,4,Yes,No
EMP02314,Chanchal Bhakta,Female,24,Marketing,Team Lead,MCA,8,81590.0,2021-12-12,Mumbai,5,Yes,No
EMP02315,Arin Apte,Female,25,IT,Analyst,B.Tech,2,90811.0,2020-01-09,Hyderabad,3,Yes,Yes
EMP02316,Hemang Rana,Male,42,HR,Manager,M.Tech,12,65111.0,2017-08-20,Mumbai,1,Yes,No
EMP02317,Leena Wadhwa,Female,50,Marketing,Analyst,B.Tech,20,63698.0,2018-01-04,Hyderabad,3,No,No
EMP02318,Vasana Andra,Female,52,Sales,Team Lead,BCA,13,97158.0,2017-08-26,Hyderabad,4,No,No
EMP02319,Yamini Venkataraman,Male,42,Sales,Manager,B.Tech,0,38702.0,2022-01-19,Chennai,5,Yes,No
EMP02320,Imaran Mutti,Female,50,IT,Senior Analyst,M.Tech,11,126322.0,2018-08-20,Hyderabad,4,Yes,No
EMP02321,Faras Chandran,Male,24,IT,Senior Analyst,M.Tech,16,101577.0,2023-11-04,Bangalore,3,No,No
EMP02322,Zayan Sama,Male,36,Sales,Senior Analyst,MCA,20,51453.0,2024-07-31,Bangalore,4,No,No
EMP02323,Guneet Chatterjee,Female,56,IT,Senior Analyst,M.Tech,17,95476.0,2026-01-23,Chennai,4,Yes,No
EMP02324,Teerth Barad,Female,52,Finance,Team Lead,MBA,6,84307.0,2022-09-30,Hyderabad,1,No,No
EMP02325,Qasim Handa,Male,53,Marketing,Team Lead,M.Tech,11,70702.0,2021-07-15,Bangalore,4,Yes,No
EMP02326,Luke Jani,Male,32,Finance,Analyst,M.Tech,0,89128.0,2022-10-04,Bangalore,4,Yes,Yes
EMP02327,Jack Merchant,Female,39,Sales,Manager,MBA,3,59874.0,2020-02-02,Bangalore,5,No,No
EMP02328,Kamya Sant,Female,40,Marketing,Analyst,B.Tech,6,80481.0,2019-10-21,Mumbai,2,No,No
EMP02329,Amaira Sagar,Male,31,Sales,Manager,MCA,20,61636.0,2022-12-26,Bangalore,5,No,No
EMP02330,Yachana Vasa,Female,46,HR,Manager,MBA,3,66557.0,2026-02-01,Bangalore,5,No,No
EMP02331,Urmi Deep,Male,30,Finance,Team Lead,MBA,13,102082.0,2022-12-23,Hyderabad,3,Yes,No
EMP02332,Aradhana Lal,Male,39,IT,Analyst,BCA,4,66777.0,2020-02-04,Hyderabad,4,No,No
EMP02333,Yashica Bir,Male,28,Marketing,Manager,MBA,7,62589.0,2018-01-24,Mumbai,1,No,No
EMP02334,Vansha Barman,Female,29,HR,Team Lead,MCA,20,49951.0,2023-03-30,Bangalore,5,Yes,No
EMP02335,Ishani Karpe,Female,47,HR,Team Lead,MBA,7,52967.0,2017-02-12,Pune,2,No,Yes
EMP02336,Yagnesh Kalla,Female,30,IT,Manager,B.Tech,3,122035.0,2019-07-23,Bangalore,5,No,No
EMP02337,Kashish Keer,Male,33,Finance,Manager,MBA,19,88890.0,2024-04-16,Chennai,3,Yes,No
EMP02338,Inaya Rai,Female,22,Sales,Senior Analyst,MCA,19,35895.0,2019-09-29,Pune,1,Yes,Yes
EMP02339,Elijah Borra,Female,52,Sales,Senior Analyst,B.Tech,9,63530.0,2025-07-05,Mumbai,5,Yes,No
EMP02340,Urishilla Iyer,Male,36,Marketing,Analyst,MCA,0,54706.0,2021-03-13,Pune,3,No,No
EMP02341,Tara Char,Male,31,IT,Team Lead,BCA,11,139998.0,2026-07-03,Bangalore,3,No,No
EMP02342,Barkha Saran,Female,35,Marketing,Analyst,B.Tech,16,65576.0,2022-10-11,Bangalore,3,Yes,No
EMP02343,Falak Chaudhary,Female,49,Marketing,Manager,BCA,10,53704.0,2021-05-23,Mumbai,2,Yes,No
EMP02344,Yoshita Cheema,Male,56,Marketing,Manager,B.Tech,11,67902.0,2019-12-04,Bangalore,3,Yes,Yes
EMP02345,Qushi Prabhakar,Male,38,Marketing,Senior Analyst,MBA,2,56271.0,2019-07-19,Chennai,5,No,Yes
EMP02346,Onkar Narula,Male,53,HR,Analyst,M.Tech,20,36808.0,2016-11-09,Chennai,1,Yes,No
EMP02347,Panini Pall,Female,41,Marketing,Senior Analyst,MCA,12,76344.0,2019-01-24,Chennai,1,No,No
EMP02348,Xalak Tella,Female,59,Marketing,Senior Analyst,B.Tech,20,89909.0,2024-10-04,Bangalore,3,No,Yes
EMP02349,Daksha Dey,Male,33,HR,Senior Analyst,BCA,6,30801.0,2018-05-01,Hyderabad,5,No,No
EMP02350,Zaitra Hans,Male,42,Sales,Senior Analyst,B.Tech,20,73927.0,2020-03-30,Pune,1,Yes,No
EMP02351,Meera Panchal,Female,24,Sales,Analyst,MCA,4,33579.0,2021-09-17,Bangalore,3,No,No
EMP02352,Girish Bhatnagar,Female,49,Marketing,Senior Analyst,B.Tech,18,44284.0,2021-05-13,Mumbai,2,Yes,Yes
EMP02353,Sudiksha Chopra,Female,36,HR,Senior Analyst,B.Tech,4,48210.0,2016-08-20,Hyderabad,1,No,Yes
EMP02354,Nandini Sibal,Male,26,Finance,Analyst,B.Tech,4,48608.0,2020-01-06,Pune,5,No,Yes
EMP02355,Riya Upadhyay,Male,33,HR,Team Lead,B.Tech,7,67740.0,2021-11-09,Mumbai,4,Yes,No
EMP02356,Kabir Biswas,Female,43,HR,Manager,MCA,5,45942.0,2023-03-29,Pune,2,Yes,No
EMP02357,Jyoti Nayar,Female,50,Sales,Manager,BCA,5,95614.0,2016-09-06,Hyderabad,3,No,No
EMP02358,Megha Ranganathan,Male,59,Finance,Team Lead,B.Tech,6,80077.0,2020-03-14,Chennai,4,No,No
EMP02359,Ekani Bedi,Female,33,HR,Manager,B.Tech,8,73376.0,2018-02-18,Pune,4,Yes,No
EMP02360,Laban Kata,Female,45,Sales,Team Lead,M.Tech,5,80285.0,2023-05-26,Bangalore,3,No,No
EMP02361,Yatin Biswas,Male,48,Finance,Manager,MCA,5,93461.0,2024-07-17,Bangalore,3,No,No
EMP02362,Ikshita Parmar,Female,32,Sales,Team Lead,MBA,7,62664.0,2023-09-27,Pune,4,No,No
EMP02363,Oviya Srinivas,Female,30,Sales,Team Lead,B.Tech,7,74310.0,2025-11-13,Hyderabad,3,Yes,No
EMP02364,Peter Bumb,Female,52,Finance,Analyst,B.Tech,15,64757.0,2018-11-10,Chennai,4,Yes,No
EMP02365,Kevin Bahl,Female,48,Marketing,Team Lead,M.Tech,7,56232.0,2025-04-18,Chennai,2,Yes,No
EMP02366,Ladli Kota,Male,40,Finance,Manager,M.Tech,3,96550.0,2017-10-10,Hyderabad,5,Yes,No
EMP02367,Aradhana Ramachandran,Male,28,Finance,Manager,M.Tech,3,91463.0,2020-03-24,Hyderabad,4,Yes,No
EMP02368,Guneet Bobal,Male,52,IT,Senior Analyst,MBA,7,53030.0,2021-11-16,Bangalore,4,Yes,No
EMP02369,Tanvi Bera,Female,52,IT,Analyst,M.Tech,3,85896.0,2023-12-31,Hyderabad,4,No,No
EMP02370,Warda Bandi,Male,40,Marketing,Manager,B.Tech,6,42721.0,2025-08-30,Mumbai,3,No,No
EMP02371,Chandran Ranganathan,Male,59,Finance,Senior Analyst,MBA,5,87377.0,2020-12-01,Pune,3,No,No
EMP02372,Harrison Char,Male,59,HR,Team Lead,BCA,6,69180.0,2022-09-07,Hyderabad,4,No,No
EMP02373,Samar Parmer,Female,46,Marketing,Team Lead,M.Tech,2,78762.0,2018-06-20,Chennai,1,No,No
EMP02374,Sachi Boase,Male,35,Finance,Team Lead,B.Tech,0,98961.0,2018-10-09,Mumbai,1,Yes,No
EMP02375,Yatin Parmar,Male,29,IT,Manager,B.Tech,12,64081.0,2024-06-19,Mumbai,5,No,No
EMP02376,Kevin Merchant,Male,36,Marketing,Senior Analyst,MCA,1,84900.0,2024-01-13,Pune,2,No,No
EMP02377,Amaira Shroff,Female,56,Finance,Analyst,MCA,15,71885.0,2024-08-22,Bangalore,5,No,No
EMP02378,Neelima Rastogi,Female,60,IT,Senior Analyst,BCA,1,59326.0,2022-07-12,Bangalore,3,Yes,No
EMP02379,Samuel Rau,Male,23,IT,Analyst,MCA,12,51366.0,2025-12-23,Hyderabad,1,Yes,No
EMP02380,Lakshit Kaul,Female,29,Marketing,Manager,M.Tech,17,89446.0,2026-06-01,Bangalore,1,Yes,No
EMP02381,Aarush Sarkar,Male,38,HR,Team Lead,MCA,9,39462.0,2017-03-07,Mumbai,3,Yes,No
EMP02382,Arunima Prabhu,Female,25,IT,Manager,M.Tech,6,91844.0,2022-01-29,Bangalore,4,Yes,No
EMP02383,Harinakshi Kara,Female,52,HR,Analyst,BCA,17,55045.0,2020-12-12,Chennai,1,Yes,Yes
EMP02384,Vansha Jayaraman,Male,30,HR,Team Lead,MBA,3,68205.0,2019-08-20,Bangalore,2,Yes,No
EMP02385,Aachal Rana,Female,41,Sales,Team Lead,B.Tech,2,45627.0,2018-12-20,Chennai,1,Yes,Yes
EMP02386,Bishakha Biswas,Female,40,Finance,Manager,B.Tech,15,111856.0,2022-09-17,Mumbai,1,Yes,No
EMP02387,Prisha Sabharwal,Female,41,Marketing,Analyst,MBA,2,37458.0,2021-04-20,Bangalore,5,No,No
EMP02388,Barkha Nanda,Female,40,HR,Analyst,BCA,7,72035.0,2018-09-26,Hyderabad,1,No,No
EMP02389,Bhavika Ghose,Female,33,HR,Manager,BCA,10,33368.0,2020-04-20,Chennai,5,No,No
EMP02390,Kashvi Soni,Male,53,Sales,Team Lead,BCA,10,51917.0,2024-06-13,Bangalore,2,No,No
EMP02391,Anjali Rege,Female,59,Sales,Team Lead,M.Tech,15,38520.0,2020-03-29,Mumbai,3,No,No
EMP02392,Unni Mall,Male,25,Finance,Analyst,MCA,19,82005.0,2024-07-03,Bangalore,5,No,No
EMP02393,Nicholas Agarwal,Female,35,Finance,Team Lead,MCA,14,90595.0,2017-07-05,Mumbai,3,Yes,No
EMP02394,Naksh Edwin,Female,31,HR,Manager,MBA,14,71821.0,2021-08-02,Hyderabad,3,No,No
EMP02395,Dominic Sankar,Male,52,Sales,Analyst,BCA,0,63946.0,2024-08-26,Bangalore,3,No,No
EMP02396,Zayan Chacko,Female,54,IT,Manager,B.Tech,7,50667.0,2021-12-13,Pune,1,No,No
EMP02397,Vritti Shah,Female,48,IT,Analyst,MCA,0,50449.0,2021-08-29,Bangalore,4,Yes,No
EMP02398,Darsh Vala,Male,34,Marketing,Analyst,BCA,4,35505.0,2019-07-30,Pune,2,Yes,No
EMP02399,Qadim Ratti,Male,57,HR,Senior Analyst,MCA,4,66189.0,2017-07-21,Bangalore,5,No,No
EMP02400,Tanvi Seshadri,Female,60,Finance,Team Lead,BCA,10,65387.0,2022-04-21,Bangalore,3,Yes,No
EMP02401,Unni Wason,Male,36,IT,Team Lead,BCA,17,85124.0,2023-07-04,Bangalore,2,No,No
EMP02402,Gautam Shetty,Female,31,IT,Senior Analyst,M.Tech,10,75459.0,2021-11-19,Mumbai,2,Yes,No
EMP02403,Harinakshi Bhasin,Female,53,Finance,Analyst,M.Tech,9,60421.0,2021-01-05,Chennai,5,Yes,No
EMP02404,Ishani Choudhry,Male,23,IT,Team Lead,BCA,4,120837.0,2020-10-28,Mumbai,3,No,Yes
EMP02405,Anvi Tak,Male,54,HR,Analyst,MCA,9,35059.0,2023-12-27,Pune,4,No,No
EMP02406,Sneha Ratti,Male,27,Finance,Senior Analyst,BCA,9,61894.0,2022-07-11,Chennai,2,No,No
EMP02407,Chanakya Uppal,Male,51,Finance,Analyst,B.Tech,17,48268.0,2026-06-13,Bangalore,2,No,No
EMP02408,Shivansh Bhattacharyya,Male,42,Sales,Team Lead,M.Tech,7,82756.0,2021-08-31,Pune,3,No,No
EMP02409,Imaran Nayar,Male,56,Sales,Team Lead,B.Tech,18,70116.0,2022-02-25,Mumbai,1,No,No
EMP02410,Shaurya Bahl,Female,44,Marketing,Senior Analyst,M.Tech,13,72122.0,2020-08-14,Mumbai,5,No,No
EMP02411,Unnati Minhas,Female,43,IT,Manager,MBA,12,58739.0,2025-07-29,Hyderabad,2,No,No
EMP02412,Kevin Ganesh,Male,47,Sales,Team Lead,B.Tech,11,88202.0,2017-10-08,Chennai,4,Yes,No
EMP02413,Dalbir Natarajan,Female,59,HR,Analyst,B.Tech,13,73508.0,2017-12-04,Pune,2,Yes,No
EMP02414,Sachi Ram,Female,32,Marketing,Manager,MCA,8,47743.0,2023-05-09,Pune,3,No,No
EMP02415,Hemal Chandra,Male,56,Finance,Team Lead,B.Tech,5,87350.0,2017-06-22,Hyderabad,2,No,No
EMP02416,Aditya Chaudhuri,Male,39,HR,Analyst,MBA,6,49757.0,2020-05-31,Hyderabad,3,Yes,No
EMP02417,Guneet Narain,Female,60,Sales,Analyst,MCA,10,62322.0,2020-10-02,Mumbai,3,No,No
EMP02418,Arjun Hans,Female,58,Finance,Manager,BCA,9,48774.0,2019-08-20,Hyderabad,3,Yes,No
EMP02419,Zarna Jha,Male,36,Sales,Senior Analyst,M.Tech,14,38052.0,2017-06-25,Pune,5,No,No
EMP02420,Rohan Nayar,Female,56,Sales,Senior Analyst,M.Tech,5,59129.0,2019-01-25,Chennai,2,Yes,No
EMP02421,Tristan Pandit,Female,33,Sales,Analyst,MBA,0,48326.0,2020-04-15,Hyderabad,1,No,No
EMP02422,Vritti Zacharia,Male,41,Sales,Analyst,MBA,5,48197.0,2016-12-23,Chennai,5,Yes,No
EMP02423,Darsh Sekhon,Male,47,IT,Manager,M.Tech,11,139718.0,2026-01-05,Hyderabad,4,Yes,No
EMP02424,Daksh Sarin,Male,35,Finance,Analyst,B.Tech,7,61541.0,2017-08-11,Mumbai,2,Yes,No
EMP02425,Mitali More,Male,24,Sales,Manager,BCA,17,76962.0,2019-11-11,Mumbai,1,Yes,Yes
EMP02426,Sai Nath,Female,36,Marketing,Manager,M.Tech,7,77138.0,2025-10-10,Chennai,1,Yes,No
EMP02427,Upkaar Mann,Female,49,IT,Analyst,MBA,1,134689.0,2017-04-23,Hyderabad,2,No,Yes
EMP02428,Joshua Rai,Female,44,Finance,Team Lead,BCA,8,109517.0,2016-12-14,Chennai,5,Yes,Yes
EMP02429,Reyansh Saha,Female,35,HR,Senior Analyst,B.Tech,0,48720.0,2020-08-31,Bangalore,4,No,No
EMP02430,Tripti Balan,Female,40,Finance,Manager,MCA,17,54891.0,2024-07-09,Hyderabad,4,Yes,No
EMP02431,Aahana Halder,Female,34,IT,Analyst,BCA,19,88759.0,2026-03-03,Chennai,4,No,No
EMP02432,Ansh Bhatt,Male,52,Finance,Manager,BCA,13,89562.0,2018-12-16,Hyderabad,1,Yes,Yes
EMP02433,Xalak Suresh,Female,52,Marketing,Analyst,MBA,2,88829.0,2018-09-23,Bangalore,5,Yes,No
EMP02434,Hemani Anand,Male,47,HR,Manager,M.Tech,4,46115.0,2023-04-07,Chennai,1,No,Yes
EMP02435,Aahana Sen,Male,30,Finance,Senior Analyst,B.Tech,20,101043.0,2022-09-26,Chennai,1,No,No
EMP02436,Abeer Kota,Female,55,Marketing,Team Lead,M.Tech,4,39693.0,2025-07-27,Pune,4,Yes,No
EMP02437,Nilima Dixit,Male,60,Finance,Team Lead,B.Tech,2,55895.0,2017-09-20,Bangalore,1,Yes,No
EMP02438,Nilima Mangal,Male,58,HR,Senior Analyst,B.Tech,14,52062.0,2025-04-10,Bangalore,2,Yes,No
EMP02439,Caleb Rau,Female,46,Sales,Senior Analyst,B.Tech,13,75164.0,2020-07-25,Chennai,5,No,No
EMP02440,Aadhya Desai,Female,48,IT,Team Lead,M.Tech,15,136390.0,2026-06-23,Bangalore,3,Yes,No
EMP02441,Balendra Khatri,Female,23,Marketing,Manager,MCA,4,37702.0,2017-02-27,Hyderabad,4,No,Yes
EMP02442,Gagan Swaminathan,Male,45,Sales,Analyst,B.Tech,5,86502.0,2019-03-22,Chennai,2,No,No
EMP02443,Siya Singhal,Male,53,Sales,Team Lead,MBA,11,58915.0,2026-06-06,Pune,4,No,No
EMP02444,Waida Shanker,Female,59,Finance,Manager,B.Tech,8,114328.0,2026-04-02,Hyderabad,3,No,No
EMP02445,Damyanti Gokhale,Male,42,Sales,Analyst,MBA,3,32841.0,2023-11-01,Mumbai,2,No,No
EMP02446,Pahal Srivastava,Male,31,Sales,Analyst,MBA,12,99970.0,2022-12-07,Hyderabad,4,No,No
EMP02447,Wishi Dani,Male,50,Finance,Senior Analyst,MCA,5,75332.0,2022-06-13,Pune,2,Yes,No
EMP02448,Radha Padmanabhan,Female,22,HR,Senior Analyst,B.Tech,18,37225.0,2020-05-07,Hyderabad,3,No,No
EMP02449,Libni Bal,Female,53,Finance,Manager,B.Tech,17,45819.0,2024-05-20,Pune,1,No,No
EMP02450,Madhavi Kala,Male,27,IT,Team Lead,MBA,14,53175.0,2021-02-21,Mumbai,2,Yes,No
EMP02451,Januja Pathak,Male,25,HR,Team Lead,MCA,14,72277.0,2019-08-05,Bangalore,4,No,No
EMP02452,Bhavya Korpal,Female,36,Finance,Senior Analyst,M.Tech,14,46540.0,2017-12-25,Chennai,2,Yes,No
EMP02453,Simon Palla,Male,23,IT,Analyst,M.Tech,2,68129.0,2017-06-20,Pune,5,No,No
EMP02454,Prisha Guha,Male,35,HR,Senior Analyst,MBA,12,46588.0,2022-11-02,Chennai,5,No,No
EMP02455,Aarini Gola,Female,53,IT,Analyst,B.Tech,16,71808.0,2026-07-04,Chennai,1,No,No
EMP02456,Tristan Bora,Male,23,Sales,Team Lead,MBA,19,67491.0,2017-09-09,Pune,5,Yes,No
EMP02457,Gabriel Jhaveri,Female,27,IT,Senior Analyst,MCA,6,69080.0,2021-05-07,Bangalore,1,Yes,No
EMP02458,Sanya Madan,Female,44,IT,Analyst,M.Tech,10,88243.0,2021-12-02,Bangalore,2,Yes,No
EMP02459,Advaith Bhakta,Male,39,Sales,Senior Analyst,BCA,8,38930.0,2020-07-27,Pune,4,No,Yes
EMP02460,Hritik Seshadri,Female,34,Marketing,Analyst,MCA,10,39970.0,2017-12-05,Mumbai,2,No,No
EMP02461,Hritik Gade,Male,34,Sales,Analyst,M.Tech,14,71906.0,2023-04-03,Bangalore,1,No,No
EMP02462,Yug Sant,Male,53,Marketing,Manager,M.Tech,10,59997.0,2018-06-20,Pune,1,Yes,No
EMP02463,Elijah Pathak,Male,47,Marketing,Senior Analyst,MBA,1,45142.0,2026-06-21,Bangalore,4,Yes,No
EMP02464,Umang Jayaraman,Female,55,IT,Manager,BCA,11,117627.0,2016-12-30,Bangalore,5,No,No
EMP02465,Aarna Mandal,Male,34,Finance,Senior Analyst,MBA,14,91694.0,2020-12-06,Bangalore,4,Yes,No
EMP02466,Sachi Gara,Male,45,Sales,Senior Analyst,MCA,0,73625.0,2020-11-18,Pune,5,Yes,No
EMP02467,Arunima Bobal,Male,56,Marketing,Team Lead,B.Tech,11,62655.0,2022-04-28,Pune,2,Yes,No
EMP02468,Victor Bala,Male,40,Marketing,Senior Analyst,MBA,20,73880.0,2018-10-31,Chennai,2,Yes,No
EMP02469,Yamini Shukla,Male,43,Finance,Team Lead,MBA,15,88928.0,2022-10-29,Chennai,5,No,No
EMP02470,Zansi Sandal,Male,22,Marketing,Senior Analyst,M.Tech,6,35281.0,2017-09-24,Pune,2,Yes,No
EMP02471,Chameli Varkey,Female,59,Finance,Senior Analyst,MCA,5,107782.0,2020-04-06,Pune,1,No,No
EMP02472,Charles Malhotra,Female,41,IT,Manager,BCA,5,91934.0,2022-08-18,Hyderabad,1,No,No
EMP02473,Charan Kamdar,Female,30,HR,Analyst,MBA,0,65072.0,2020-10-09,Hyderabad,5,Yes,No
EMP02474,Sanaya Handa,Male,29,Finance,Team Lead,B.Tech,15,106491.0,2020-08-15,Pune,2,No,No
EMP02475,Baghyawati Lad,Male,22,Marketing,Manager,BCA,12,48003.0,2020-05-14,Hyderabad,1,Yes,Yes
EMP02476,Darpan Bir,Female,53,HR,Senior Analyst,BCA,8,39228.0,2018-10-02,Pune,4,No,No
EMP02477,Anusha Sundaram,Female,28,Finance,Manager,MCA,3,100993.0,2022-08-08,Mumbai,4,No,No
EMP02478,Pallavi Kant,Male,60,Finance,Manager,M.Tech,12,104671.0,2022-11-20,Hyderabad,2,No,No
EMP02479,Zashil Garde,Female,31,Sales,Senior Analyst,MCA,0,32289.0,2021-08-15,Hyderabad,4,No,No
EMP02480,Omya Menon,Male,30,HR,Analyst,M.Tech,14,70903.0,2020-12-31,Bangalore,3,Yes,No
EMP02481,Sai Mann,Female,52,Marketing,Senior Analyst,MBA,0,65058.0,2026-06-20,Bangalore,1,No,Yes
EMP02482,Hardik Agrawal,Female,24,Finance,Analyst,BCA,20,59980.0,2025-03-25,Bangalore,4,Yes,Yes
EMP02483,Hamsini Wali,Male,47,Finance,Team Lead,M.Tech,0,49027.0,2021-12-02,Mumbai,2,No,No
EMP02484,Charan Badal,Male,36,Finance,Team Lead,MCA,10,104731.0,2017-05-02,Mumbai,5,Yes,No
EMP02485,Manthan Garde,Male,40,Sales,Manager,MBA,15,41699.0,2017-02-16,Mumbai,1,No,No
EMP02486,Bina Kata,Female,40,Finance,Senior Analyst,B.Tech,7,111238.0,2022-11-26,Bangalore,2,Yes,No
EMP02487,Damyanti Mander,Male,55,Finance,Senior Analyst,MCA,4,98433.0,2025-08-21,Chennai,5,No,No
EMP02488,Anamika Khurana,Female,30,Sales,Team Lead,BCA,18,51816.0,2020-02-08,Bangalore,1,Yes,No
EMP02489,Geetika Sane,Male,41,IT,Manager,BCA,17,101265.0,2018-02-22,Pune,1,Yes,No
EMP02490,Yahvi Ramakrishnan,Male,53,Marketing,Analyst,MBA,10,53337.0,2018-05-11,Hyderabad,1,Yes,No
EMP02491,Pavani Walia,Male,46,HR,Senior Analyst,BCA,10,57578.0,2017-05-13,Bangalore,1,Yes,No
EMP02492,Hritik Sarin,Male,26,IT,Manager,M.Tech,18,56870.0,2017-08-15,Bangalore,1,No,No
EMP02493,Advay Oza,Male,43,Marketing,Team Lead,BCA,1,46369.0,2025-01-06,Pune,5,Yes,No
EMP02494,Sarthak Dhar,Male,38,Marketing,Senior Analyst,MBA,1,75739.0,2025-10-03,Chennai,4,Yes,No
EMP02495,Aarush Raja,Male,54,HR,Analyst,B.Tech,13,55815.0,2017-07-10,Hyderabad,4,Yes,No
EMP02496,Simon Aggarwal,Female,51,Sales,Analyst,MCA,18,69727.0,2018-02-01,Hyderabad,1,Yes,No
EMP02497,Aradhana Sem,Male,37,IT,Analyst,M.Tech,11,139244.0,2024-08-28,Chennai,4,Yes,No
EMP02498,Radha Maharaj,Male,28,Marketing,Analyst,MCA,14,75549.0,2019-06-12,Hyderabad,4,Yes,No
EMP02499,Upasna Nayak,Male,47,Finance,Manager,MBA,13,91658.0,2026-04-26,Chennai,1,No,No
EMP02500,Ati Mital,Male,48,Finance,Senior Analyst,MBA,12,61418.0,2025-10-26,Mumbai,5,No,No
EMP02501,Urmi Tella,Male,51,IT,Manager,B.Tech,2,69189.0,2019-08-22,Mumbai,2,Yes,No
EMP02502,Fiyaz Kaur,Male,58,Finance,Senior Analyst,MBA,13,102013.0,2019-04-02,Chennai,1,No,No
EMP02503,Yutika Naik,Male,51,Sales,Team Lead,M.Tech,5,54544.0,2026-04-21,Mumbai,2,No,No
EMP02504,Omisha Atwal,Female,52,Marketing,Manager,MBA,17,41958.0,2021-01-08,Hyderabad,4,No,No
EMP02505,Nidhi Banik,Male,57,Marketing,Team Lead,M.Tech,15,59915.0,2017-02-20,Bangalore,3,Yes,No
EMP02506,Indrajit Dugar,Male,46,IT,Team Lead,MBA,9,66357.0,2019-06-26,Mumbai,5,Yes,No
EMP02507,Manan Date,Female,47,Marketing,Team Lead,BCA,2,88933.0,2016-11-04,Mumbai,5,No,No
EMP02508,Harshil Narula,Female,55,IT,Manager,BCA,20,64961.0,2022-07-25,Bangalore,3,Yes,No
EMP02509,Joshua Oza,Male,55,IT,Manager,M.Tech,19,74069.0,2021-01-11,Chennai,3,No,No
EMP02510,Vidhi Jayaraman,Male,59,IT,Senior Analyst,BCA,20,80528.0,2021-01-07,Bangalore,1,Yes,No
EMP02511,Onkar Sem,Female,24,Sales,Manager,MCA,20,31729.0,2019-05-12,Hyderabad,5,Yes,Yes
EMP02512,Rajeshri Srivastava,Male,32,Finance,Senior Analyst,B.Tech,20,90171.0,2025-06-08,Chennai,5,Yes,No
EMP02513,Unni Gala,Male,24,IT,Analyst,MBA,20,123504.0,2017-03-03,Hyderabad,1,Yes,Yes
EMP02514,Mohammed Batta,Female,30,Sales,Team Lead,M.Tech,5,80448.0,2021-10-31,Chennai,3,Yes,No
EMP02515,Janya Bedi,Female,53,Finance,Analyst,MCA,20,82785.0,2024-08-15,Pune,4,No,No
EMP02516,Chavvi Gera,Female,56,Finance,Manager,B.Tech,15,78516.0,2017-06-17,Pune,3,No,Yes
EMP02517,Abeer Halder,Male,39,Sales,Manager,MBA,7,63342.0,2025-12-10,Mumbai,5,No,No
EMP02518,Vinaya Hora,Female,54,Sales,Senior Analyst,MCA,16,56034.0,2024-06-05,Mumbai,2,No,No
EMP02519,Keya Sama,Female,53,Marketing,Senior Analyst,MBA,13,76286.0,2025-12-08,Chennai,3,No,No
EMP02520,Sachi Borah,Female,52,HR,Team Lead,M.Tech,4,31920.0,2021-03-02,Chennai,1,No,No
EMP02521,Zinal Lata,Male,38,HR,Team Lead,B.Tech,5,72627.0,2018-03-03,Chennai,5,No,No
EMP02522,Harinakshi Warrior,Female,42,Marketing,Analyst,MCA,1,58332.0,2024-05-31,Bangalore,5,Yes,Yes
EMP02523,Unnati Shan,Male,25,Marketing,Manager,B.Tech,8,61272.0,2018-03-24,Pune,2,Yes,No
EMP02524,Anjali Saha,Male,53,Marketing,Senior Analyst,M.Tech,1,80674.0,2021-02-19,Pune,3,No,No
EMP02525,Ikbal Memon,Male,48,IT,Senior Analyst,MCA,7,123692.0,2025-04-01,Mumbai,3,Yes,No
EMP02526,Chasmum Joshi,Male,41,Sales,Team Lead,BCA,1,47387.0,2024-06-12,Hyderabad,5,Yes,No
EMP02527,Jyoti Das,Male,30,Sales,Manager,M.Tech,6,75012.0,2018-10-04,Pune,2,Yes,No
EMP02528,Bahadurjit Jaggi,Male,29,Finance,Senior Analyst,B.Tech,19,88333.0,2018-04-15,Pune,5,Yes,No
EMP02529,Fariq Karan,Female,38,Sales,Senior Analyst,M.Tech,5,82573.0,2024-07-12,Chennai,4,Yes,No
EMP02530,Gautami Kala,Female,36,Sales,Senior Analyst,M.Tech,3,36699.0,2019-07-12,Pune,3,No,No
EMP02531,Ekanta Rajagopal,Female,24,Sales,Analyst,M.Tech,2,64018.0,2021-01-17,Hyderabad,3,Yes,No
EMP02532,Warjas Varma,Female,44,IT,Team Lead,MCA,15,137236.0,2021-11-18,Hyderabad,4,Yes,No
EMP02533,Luke Bajwa,Male,48,Finance,Manager,B.Tech,4,107115.0,2021-01-24,Hyderabad,4,No,No
EMP02534,Saumya Saha,Female,52,Finance,Team Lead,MBA,3,63402.0,2022-06-22,Hyderabad,4,No,No
EMP02535,Ojas Baral,Female,55,IT,Analyst,M.Tech,5,148730.0,2019-11-28,Chennai,4,Yes,No
EMP02536,Upkaar Verma,Female,58,IT,Senior Analyst,BCA,18,131452.0,2017-07-26,Mumbai,4,Yes,No
EMP02537,Reva Bedi,Male,49,IT,Manager,BCA,7,131063.0,2023-05-30,Pune,3,Yes,No
EMP02538,Indali Bail,Male,48,Sales,Manager,B.Tech,19,48722.0,2024-11-06,Bangalore,2,Yes,No
EMP02539,Robert Bhattacharyya,Male,41,Sales,Team Lead,BCA,7,99601.0,2026-05-08,Pune,2,Yes,No
EMP02540,Onveer Ratti,Female,41,HR,Team Lead,BCA,11,69833.0,2026-02-19,Hyderabad,5,Yes,No
EMP02541,Yashodhara Krishna,Female,45,HR,Team Lead,MBA,3,46142.0,2024-02-02,Chennai,4,Yes,No
EMP02542,Arya Vyas,Female,40,Marketing,Analyst,MCA,19,39189.0,2021-10-05,Pune,2,Yes,No
EMP02543,Netra Kari,Female,45,Marketing,Senior Analyst,BCA,6,77395.0,2021-03-02,Bangalore,2,No,No
EMP02544,Netra Nair,Female,31,Finance,Analyst,MBA,3,59051.0,2022-11-30,Mumbai,2,No,No
EMP02545,Lipika Borra,Male,54,Sales,Analyst,MBA,2,89233.0,2017-09-21,Hyderabad,5,Yes,No
EMP02546,Chakradhar Shanker,Male,32,IT,Analyst,M.Tech,16,114116.0,2025-05-21,Mumbai,2,No,No
EMP02547,Hritik Sahni,Male,51,Marketing,Manager,MBA,2,86566.0,2017-09-09,Bangalore,1,No,No
EMP02548,Aarush Goda,Female,22,HR,Manager,MCA,18,63675.0,2023-07-19,Pune,5,Yes,No
EMP02549,Brijesh Goda,Female,25,Sales,Analyst,B.Tech,6,37402.0,2019-10-24,Bangalore,2,No,No
EMP02550,Umang Devan,Male,35,Marketing,Team Lead,MCA,7,71730.0,2017-05-18,Bangalore,2,No,No
EMP02551,Chasmum Gill,Male,37,Marketing,Analyst,MCA,12,64660.0,2023-10-03,Bangalore,5,Yes,No
EMP02552,Raghav Hans,Female,26,Sales,Senior Analyst,B.Tech,13,90193.0,2020-12-07,Chennai,5,Yes,No
EMP02553,Saksham Lala,Male,50,IT,Senior Analyst,BCA,2,81927.0,2023-10-31,Bangalore,3,Yes,No
EMP02554,Anusha Mistry,Male,56,HR,Team Lead,B.Tech,7,48403.0,2024-03-25,Hyderabad,1,Yes,No
EMP02555,Ojasvi Mandal,Female,37,HR,Senior Analyst,BCA,17,73092.0,2018-05-23,Mumbai,2,Yes,No
EMP02556,Yashvi Dora,Female,36,Finance,Manager,BCA,16,60932.0,2023-04-01,Hyderabad,5,Yes,No
EMP02557,Upkaar Sengupta,Female,54,Finance,Team Lead,MBA,7,94856.0,2023-01-14,Chennai,4,Yes,No
EMP02558,Indrajit Kakar,Male,38,IT,Analyst,BCA,1,53032.0,2019-03-23,Chennai,1,No,No
EMP02559,Vrinda Talwar,Female,23,IT,Team Lead,BCA,13,81646.0,2022-05-22,Hyderabad,2,No,No
EMP02560,Eesha Sarna,Male,59,IT,Analyst,M.Tech,16,98668.0,2018-10-05,Pune,3,No,Yes
EMP02561,Arjun Nadig,Male,47,Sales,Team Lead,MCA,11,85091.0,2024-04-17,Chennai,1,Yes,No
EMP02562,Chandani Dalal,Female,50,Finance,Analyst,M.Tech,13,110341.0,2022-02-01,Mumbai,4,Yes,Yes
EMP02563,Chakrika Dayal,Male,47,Finance,Manager,MBA,7,91448.0,2026-06-29,Mumbai,2,Yes,No
EMP02564,Harrison Dutta,Male,34,Sales,Manager,MCA,11,94804.0,2024-01-05,Bangalore,2,Yes,No
EMP02565,Warinder Raman,Female,46,HR,Analyst,MCA,20,77014.0,2017-12-28,Pune,4,No,No
EMP02566,Azad Sibal,Male,22,HR,Team Lead,BCA,15,57804.0,2016-09-15,Bangalore,4,No,No
EMP02567,Ekavir Rao,Male,45,IT,Senior Analyst,MCA,9,72821.0,2019-12-12,Mumbai,2,Yes,No
EMP02568,Ranveer Balan,Male,48,Marketing,Team Lead,MBA,12,69856.0,2017-03-07,Bangalore,3,No,No
EMP02569,Jack Sachar,Female,23,Sales,Senior Analyst,MBA,12,80790.0,2019-08-08,Mumbai,5,Yes,No
EMP02570,Michael Banik,Female,60,IT,Senior Analyst,MBA,0,86477.0,2026-03-26,Hyderabad,1,No,No
EMP02571,Jhalak Dash,Male,32,Marketing,Manager,BCA,5,83943.0,2016-08-26,Chennai,3,Yes,No
EMP02572,Widisha Samra,Male,46,Sales,Senior Analyst,M.Tech,2,35725.0,2021-11-01,Bangalore,1,No,No
EMP02573,Ekani Sharma,Female,29,HR,Senior Analyst,BCA,4,63656.0,2020-01-04,Bangalore,5,Yes,No
EMP02574,Yutika Sharma,Female,43,Finance,Manager,M.Tech,18,97491.0,2025-05-22,Mumbai,5,No,No
EMP02575,Tristan Sane,Female,60,Marketing,Analyst,MCA,15,53668.0,2025-08-14,Hyderabad,2,Yes,No
EMP02576,Nathaniel Chaudhry,Female,43,Finance,Manager,MCA,3,59467.0,2018-01-03,Mumbai,1,Yes,No
EMP02577,Rohan Barad,Female,48,IT,Senior Analyst,BCA,13,60088.0,2024-02-13,Chennai,2,Yes,No
EMP02578,Rudra Peri,Female,44,HR,Manager,B.Tech,19,60211.0,2021-04-14,Chennai,1,No,No
EMP02579,Hemang Sachdev,Female,57,Marketing,Analyst,BCA,9,74898.0,2019-05-31,Mumbai,2,Yes,No
EMP02580,Atharv Varghese,Male,35,Finance,Analyst,MBA,16,66848.0,2025-04-15,Bangalore,4,No,No
EMP02581,Yuvraj Tata,Male,34,Sales,Manager,BCA,6,52510.0,2017-08-04,Hyderabad,1,No,Yes
EMP02582,Vedhika Sood,Male,24,Marketing,Team Lead,M.Tech,16,56589.0,2020-04-17,Bangalore,2,No,No
EMP02583,Qabil Mand,Female,55,HR,Team Lead,M.Tech,19,53413.0,2021-08-04,Hyderabad,3,No,No
EMP02584,Michael Basu,Male,31,HR,Manager,MCA,19,68403.0,2017-12-28,Hyderabad,5,Yes,No
EMP02585,Jatin Dayal,Female,26,HR,Senior Analyst,MCA,10,52414.0,2018-06-24,Mumbai,1,No,No
EMP02586,Tanish Dara,Male,33,Finance,Senior Analyst,MBA,13,68527.0,2021-03-03,Bangalore,1,No,No
EMP02587,Pahal Rajagopal,Female,28,HR,Senior Analyst,M.Tech,18,69205.0,2021-12-18,Pune,3,Yes,No
EMP02588,Hemani Jha,Male,60,IT,Senior Analyst,BCA,10,101067.0,2016-11-04,Chennai,5,No,No
EMP02589,Farhan Deshpande,Male,59,Marketing,Manager,MCA,10,85801.0,2021-10-04,Pune,5,No,No
EMP02590,Kalpit Mane,Male,57,HR,Senior Analyst,BCA,20,48190.0,2017-06-22,Chennai,4,Yes,No
EMP02591,Dalbir Bhattacharyya,Male,26,Sales,Senior Analyst,B.Tech,20,42182.0,2021-01-29,Mumbai,4,Yes,No
EMP02592,Arunima Choudhry,Male,29,Finance,Manager,B.Tech,14,48772.0,2018-08-04,Pune,1,Yes,No
EMP02593,Oscar Raju,Female,28,Sales,Senior Analyst,BCA,4,52498.0,2026-03-22,Chennai,2,Yes,No
EMP02594,Manbir Srivastava,Male,28,HR,Analyst,MCA,13,50491.0,2024-08-08,Pune,3,Yes,No
EMP02595,Ridhi Sunder,Male,32,Sales,Team Lead,B.Tech,17,65487.0,2021-11-19,Pune,1,No,Yes
EMP02596,Gavin Kalla,Male,29,Finance,Manager,BCA,13,91011.0,2019-10-28,Pune,4,No,No
EMP02597,Hemang Memon,Female,53,IT,Team Lead,B.Tech,19,125491.0,2018-07-17,Mumbai,5,Yes,No
EMP02598,Maanav Gill,Male,41,HR,Team Lead,BCA,14,32551.0,2025-08-29,Mumbai,1,Yes,No
EMP02599,Patrick Sridhar,Male,42,Finance,Manager,MCA,2,54253.0,2025-09-20,Mumbai,3,Yes,Yes
EMP02600,Advika Sur,Male,37,Marketing,Manager,MBA,18,46496.0,2025-04-25,Chennai,4,No,Yes
EMP02601,Christopher Chopra,Female,36,Marketing,Senior Analyst,M.Tech,5,85814.0,2026-06-17,Chennai,1,No,No
EMP02602,Ikbal Suri,Male,60,IT,Analyst,M.Tech,2,131934.0,2018-08-30,Hyderabad,3,Yes,No
EMP02603,Nidra Padmanabhan,Female,49,Sales,Senior Analyst,M.Tech,20,49503.0,2025-10-31,Hyderabad,3,No,No
EMP02604,Isaiah Badal,Male,37,HR,Team Lead,B.Tech,6,49654.0,2023-03-31,Chennai,3,Yes,No
EMP02605,Gaurika Gala,Female,24,Marketing,Manager,MCA,12,63585.0,2023-06-30,Pune,2,No,No
EMP02606,Upasna Mahal,Male,57,HR,Team Lead,MCA,17,41573.0,2022-04-26,Bangalore,4,No,No
EMP02607,Neelima Deep,Female,32,HR,Team Lead,M.Tech,10,31422.0,2019-07-23,Pune,4,Yes,No
EMP02608,Ethan Ranganathan,Female,40,HR,Team Lead,B.Tech,18,57978.0,2023-09-14,Pune,5,Yes,No
EMP02609,Bishakha Kulkarni,Female,29,Finance,Senior Analyst,BCA,12,88009.0,2025-05-01,Bangalore,5,No,Yes
EMP02610,Agastya Pillay,Male,39,Sales,Team Lead,M.Tech,4,96670.0,2025-02-05,Chennai,4,No,No
EMP02611,Keya Bhatti,Female,51,Finance,Analyst,MBA,14,115633.0,2021-11-13,Bangalore,4,Yes,No
EMP02612,Vivaan Wagle,Female,50,Finance,Analyst,BCA,18,51748.0,2022-08-17,Bangalore,2,No,Yes
EMP02613,Hitesh Pillai,Female,48,Finance,Manager,MCA,3,89134.0,2024-06-28,Bangalore,3,Yes,No
EMP02614,Lajita Vora,Male,46,Marketing,Manager,MCA,16,62680.0,2024-07-11,Pune,5,Yes,No
EMP02615,Maya Walla,Female,49,HR,Team Lead,BCA,9,75501.0,2018-05-14,Pune,3,Yes,No
EMP02616,Anthony Dutt,Male,53,Sales,Team Lead,MCA,13,83546.0,2026-06-30,Bangalore,2,No,No
EMP02617,Shivansh Sanghvi,Male,43,HR,Manager,BCA,17,58484.0,2020-04-21,Pune,1,Yes,Yes
EMP02618,Lucky Purohit,Female,49,Sales,Senior Analyst,MBA,1,61551.0,2021-01-11,Pune,5,Yes,No
EMP02619,Advay Shere,Male,48,Finance,Analyst,MBA,7,112803.0,2025-07-27,Hyderabad,3,No,No
EMP02620,Eta Hans,Male,27,HR,Senior Analyst,MBA,0,77191.0,2024-01-08,Mumbai,5,No,No
EMP02621,Niharika Baral,Male,22,Marketing,Team Lead,M.Tech,10,40508.0,2025-03-11,Pune,2,No,No
EMP02622,Xavier Kapur,Female,25,Finance,Senior Analyst,MBA,11,113705.0,2024-09-21,Pune,4,Yes,No
EMP02623,Kashvi Tak,Female,41,IT,Team Lead,B.Tech,6,147957.0,2018-05-18,Mumbai,3,No,No
EMP02624,Geetika Keer,Male,36,Marketing,Analyst,M.Tech,19,59741.0,2018-05-22,Bangalore,2,Yes,No
EMP02625,Tristan Mall,Male,52,HR,Analyst,MBA,11,58819.0,2021-05-19,Hyderabad,1,No,No
EMP02626,Vinaya Kari,Female,33,Sales,Manager,B.Tech,8,76835.0,2020-09-11,Chennai,2,No,No
EMP02627,Aahana Balasubramanian,Female,53,Finance,Team Lead,MBA,17,86046.0,2020-03-18,Pune,5,No,No
EMP02628,Raksha Seth,Female,30,Sales,Team Lead,B.Tech,20,61382.0,2018-11-24,Chennai,4,No,No
EMP02629,Yauvani Sarin,Female,57,IT,Manager,MCA,7,112416.0,2026-07-01,Bangalore,3,Yes,No
EMP02630,Girish Ram,Male,41,IT,Manager,MCA,15,105214.0,2020-01-06,Hyderabad,3,Yes,No
EMP02631,Kritika Sachdeva,Male,35,IT,Analyst,M.Tech,10,148878.0,2023-04-11,Mumbai,1,Yes,No
EMP02632,Dhruv Gaba,Female,45,IT,Manager,MCA,18,86406.0,2019-07-22,Mumbai,2,Yes,No
EMP02633,Christopher Nazareth,Female,49,Sales,Team Lead,B.Tech,8,75010.0,2022-09-12,Pune,2,Yes,No
EMP02634,Triveni Kalita,Male,24,HR,Team Lead,MBA,13,58169.0,2020-02-09,Bangalore,5,Yes,No
EMP02635,Kritika Shan,Female,59,IT,Team Lead,MBA,1,146418.0,2019-05-11,Bangalore,1,No,No
EMP02636,Manan Chandra,Female,54,Sales,Senior Analyst,MBA,2,41372.0,2020-02-20,Pune,4,No,No
EMP02637,Naksh Ramachandran,Female,49,IT,Analyst,M.Tech,9,145704.0,2024-04-15,Chennai,5,No,No
EMP02638,Yashawini Kadakia,Female,47,IT,Manager,M.Tech,8,144443.0,2022-05-29,Hyderabad,5,Yes,No
EMP02639,Liam Kata,Female,23,Sales,Analyst,MCA,4,78347.0,2025-01-05,Hyderabad,2,Yes,No
EMP02640,Charles Dixit,Female,49,IT,Team Lead,BCA,5,125268.0,2020-08-28,Pune,3,No,No
EMP02641,Ekapad Bail,Male,26,HR,Team Lead,BCA,19,65063.0,2024-11-24,Pune,1,Yes,No
EMP02642,Eta Deo,Female,53,IT,Team Lead,MBA,17,100927.0,2025-08-29,Hyderabad,2,Yes,No
EMP02643,Ryan Johal,Female,51,Sales,Team Lead,MCA,14,95580.0,2016-12-31,Hyderabad,1,Yes,No
EMP02644,Hemal Mitra,Male,32,Sales,Senior Analyst,M.Tech,19,64400.0,2026-01-07,Chennai,2,No,No
EMP02645,Vaishnavi Nagarajan,Female,48,IT,Team Lead,MBA,17,148005.0,2023-02-15,Chennai,3,Yes,No
EMP02646,Abhimanyu Jain,Male,54,HR,Senior Analyst,BCA,2,43340.0,2020-07-13,Hyderabad,3,No,No
EMP02647,Krisha Mann,Male,44,HR,Senior Analyst,M.Tech,8,57420.0,2023-08-01,Mumbai,5,No,No
EMP02648,Anamika Bedi,Female,43,HR,Analyst,M.Tech,3,62044.0,2018-12-16,Mumbai,3,Yes,No
EMP02649,Anmol Chopra,Male,46,HR,Manager,MCA,17,54583.0,2018-09-21,Mumbai,2,Yes,No
EMP02650,Gaurav Krishnan,Female,56,Marketing,Analyst,M.Tech,6,41363.0,2024-03-04,Bangalore,1,Yes,No
EMP02651,Advika Nagar,Female,34,Marketing,Team Lead,B.Tech,2,88682.0,2026-07-17,Mumbai,2,No,No
EMP02652,Ubika Saran,Female,58,HR,Manager,B.Tech,3,75163.0,2023-03-14,Bangalore,5,Yes,No
EMP02653,Imaran Gera,Female,34,HR,Team Lead,BCA,2,63751.0,2024-07-27,Bangalore,3,No,No
EMP02654,Bhavna Sehgal,Female,45,IT,Senior Analyst,BCA,6,82697.0,2023-10-28,Bangalore,3,Yes,Yes
EMP02655,Praneel Ganesan,Female,22,IT,Manager,MBA,6,57718.0,2017-08-24,Mumbai,1,Yes,No
EMP02656,Lipika Bhasin,Female,42,IT,Team Lead,MBA,19,147045.0,2017-03-25,Chennai,4,Yes,No
EMP02657,Nihal Nath,Male,60,Sales,Analyst,B.Tech,10,69790.0,2023-09-30,Chennai,5,No,Yes
EMP02658,Warjas Chatterjee,Male,28,Sales,Analyst,MBA,4,37218.0,2017-05-08,Bangalore,4,No,No
EMP02659,Saumya Deep,Male,32,Marketing,Team Lead,B.Tech,2,36131.0,2025-08-03,Bangalore,4,Yes,Yes
EMP02660,Abha Chokshi,Male,53,Finance,Team Lead,MBA,16,61507.0,2018-07-16,Hyderabad,4,No,No
EMP02661,Nidhi Mishra,Female,53,HR,Analyst,BCA,0,64673.0,2022-07-05,Bangalore,3,Yes,No
EMP02662,Noah Shankar,Female,53,HR,Senior Analyst,B.Tech,20,71507.0,2021-02-27,Mumbai,4,Yes,No
EMP02663,Thomas Sinha,Female,39,HR,Team Lead,M.Tech,5,39553.0,2020-12-16,Chennai,2,No,Yes
EMP02664,Neelima Shroff,Male,44,HR,Analyst,MCA,17,60348.0,2018-01-22,Pune,2,Yes,No
EMP02665,Wazir Naidu,Male,55,Sales,Manager,BCA,16,33023.0,2017-06-29,Chennai,1,No,No
EMP02666,Pahal Ahuja,Male,38,Marketing,Analyst,MBA,0,46370.0,2026-01-19,Pune,3,No,No
EMP02667,Oscar Bala,Female,24,Sales,Analyst,MCA,14,82315.0,2025-09-07,Bangalore,5,No,No
EMP02668,Maya Krishnamurthy,Male,46,Finance,Team Lead,MCA,12,79024.0,2020-08-19,Chennai,2,Yes,No
EMP02669,Veda Karan,Female,46,Marketing,Team Lead,MBA,17,67252.0,2023-03-27,Mumbai,5,Yes,No
EMP02670,Isaiah Halder,Male,48,IT,Senior Analyst,B.Tech,6,101033.0,2024-09-03,Mumbai,1,Yes,No
EMP02671,Benjamin Mangat,Female,52,IT,Team Lead,MBA,6,122877.0,2018-05-31,Bangalore,5,Yes,No
EMP02672,Rayaan Trivedi,Male,38,HR,Team Lead,B.Tech,16,31092.0,2022-10-26,Mumbai,2,No,No
EMP02673,Anvi Dutta,Male,45,Sales,Senior Analyst,MCA,2,45995.0,2018-09-06,Chennai,2,Yes,No
EMP02674,Lipika Mahajan,Female,52,Marketing,Senior Analyst,BCA,11,41093.0,2022-01-10,Mumbai,3,Yes,No
EMP02675,Abeer Seshadri,Female,54,HR,Manager,M.Tech,12,62337.0,2026-07-26,Chennai,3,No,Yes
EMP02676,Vrinda Palla,Male,32,HR,Senior Analyst,M.Tech,18,40931.0,2016-10-06,Bangalore,1,Yes,No
EMP02677,Finn Mahal,Female,54,HR,Team Lead,MBA,7,54478.0,2020-02-27,Mumbai,3,No,No
EMP02678,Yuvraj Varty,Female,39,Finance,Team Lead,M.Tech,13,109908.0,2026-05-25,Hyderabad,4,No,No
EMP02679,Brinda Sehgal,Female,43,Sales,Senior Analyst,BCA,18,72657.0,2017-08-09,Hyderabad,3,Yes,No
EMP02680,Chakradhar Ray,Female,60,IT,Senior Analyst,M.Tech,15,92254.0,2017-05-08,Mumbai,4,No,No
EMP02681,Nimrat Bawa,Male,40,Marketing,Manager,B.Tech,14,53116.0,2024-02-03,Chennai,4,No,Yes
EMP02682,Upkaar Cheema,Female,49,IT,Team Lead,MCA,20,65442.0,2018-12-14,Hyderabad,3,No,No
EMP02683,Chandani Vig,Female,41,Sales,Analyst,M.Tech,10,39429.0,2016-09-29,Chennai,4,No,No
EMP02684,Dipta Narula,Male,44,HR,Senior Analyst,BCA,0,33265.0,2017-12-28,Bangalore,4,Yes,No
EMP02685,Sanya Dhillon,Female,31,IT,Senior Analyst,MCA,2,149431.0,2024-12-30,Hyderabad,2,No,No
EMP02686,Rushil Sethi,Male,52,Marketing,Manager,MBA,6,55008.0,2019-07-21,Mumbai,1,No,No
EMP02687,Zayyan Nagy,Male,39,Finance,Analyst,B.Tech,20,51463.0,2021-02-06,Hyderabad,3,Yes,No
EMP02688,Abeer Borde,Male,45,IT,Manager,MBA,10,78727.0,2022-10-30,Chennai,1,No,No
EMP02689,Sai Loke,Male,44,Sales,Senior Analyst,M.Tech,8,65725.0,2021-07-11,Hyderabad,4,Yes,No
EMP02690,Yoshita Yogi,Female,30,Marketing,Manager,B.Tech,13,66755.0,2022-11-04,Bangalore,3,Yes,No
EMP02691,Siya Srinivas,Male,55,Finance,Team Lead,MBA,9,53253.0,2017-07-01,Chennai,2,No,No
EMP02692,Upadhriti Sridhar,Female,42,IT,Senior Analyst,M.Tech,5,61205.0,2018-04-15,Hyderabad,1,No,No
EMP02693,Chakradev Puri,Male,32,Finance,Manager,B.Tech,10,86946.0,2026-04-09,Chennai,3,Yes,No
EMP02694,Rehaan Dey,Female,40,Marketing,Manager,BCA,11,61061.0,2022-07-07,Chennai,5,Yes,No
EMP02695,Hemang Bahl,Male,60,Finance,Analyst,MBA,10,55772.0,2019-10-14,Chennai,3,No,No
EMP02696,Upma Barman,Female,41,IT,Analyst,MCA,4,125050.0,2022-11-05,Mumbai,2,No,No
EMP02697,Luke Badal,Male,55,HR,Senior Analyst,M.Tech,3,58144.0,2025-09-06,Pune,5,No,No
EMP02698,Christopher Sachdev,Female,42,Sales,Analyst,MBA,14,88319.0,2024-12-16,Bangalore,3,No,No
EMP02699,Widisha Vaidya,Male,41,Sales,Senior Analyst,MBA,19,64514.0,2026-06-07,Mumbai,4,No,No
EMP02700,Ekapad Srinivasan,Male,31,IT,Analyst,M.Tech,10,103808.0,2026-06-29,Pune,5,Yes,No
EMP02701,Nisha Johal,Male,44,Finance,Senior Analyst,MCA,12,76587.0,2020-11-05,Mumbai,4,No,No
EMP02702,Daksh Varkey,Male,43,IT,Team Lead,MBA,1,137030.0,2022-06-30,Chennai,2,No,Yes
EMP02703,Rachit Shanker,Female,56,Marketing,Manager,B.Tech,8,50754.0,2024-10-03,Hyderabad,3,No,No
EMP02704,Aahana Banerjee,Male,36,Finance,Team Lead,MCA,16,89140.0,2025-07-15,Chennai,3,Yes,No
EMP02705,Rushil Zacharia,Female,51,Finance,Senior Analyst,M.Tech,17,88096.0,2017-08-06,Pune,2,Yes,No
EMP02706,Michael Hans,Female,57,HR,Analyst,M.Tech,17,54033.0,2022-08-28,Pune,4,No,No
EMP02707,Rajata Jain,Female,47,Finance,Analyst,B.Tech,11,110743.0,2018-01-21,Mumbai,3,Yes,Yes
EMP02708,Eta Dasgupta,Female,50,HR,Analyst,MCA,13,40986.0,2018-04-19,Bangalore,4,Yes,No
EMP02709,Netra Chaudhari,Male,38,Sales,Manager,M.Tech,12,88273.0,2024-03-07,Chennai,2,No,No
EMP02710,Girik Mohan,Female,24,IT,Senior Analyst,MBA,17,95783.0,2021-01-05,Pune,3,No,No
EMP02711,Sachi Shroff,Female,28,IT,Analyst,BCA,3,110487.0,2023-01-11,Chennai,3,Yes,Yes
EMP02712,Yashoda Mody,Female,51,IT,Team Lead,M.Tech,3,107452.0,2018-03-14,Bangalore,4,No,No
EMP02713,Caleb Bhatt,Male,47,Marketing,Senior Analyst,BCA,5,69668.0,2017-04-23,Pune,5,Yes,No
EMP02714,Pooja Sur,Male,44,Marketing,Senior Analyst,MBA,18,62801.0,2024-11-08,Chennai,2,No,No
EMP02715,Hemangini Sundaram,Male,51,Sales,Senior Analyst,B.Tech,16,83414.0,2019-09-14,Mumbai,5,Yes,Yes
EMP02716,Jeremiah Gera,Female,28,Sales,Senior Analyst,M.Tech,2,58001.0,2019-04-08,Bangalore,1,No,No
EMP02717,Bachittar Mammen,Female,32,HR,Manager,MCA,1,69557.0,2020-02-27,Mumbai,2,No,No
EMP02718,Matthew Prakash,Female,50,Finance,Analyst,MCA,7,86110.0,2018-12-04,Mumbai,1,Yes,No
EMP02719,Dalbir Iyengar,Male,45,IT,Manager,MCA,1,109805.0,2020-04-10,Mumbai,2,No,No
EMP02720,Saanvi Subramaniam,Female,33,IT,Manager,B.Tech,16,72820.0,2020-07-06,Chennai,5,No,No
EMP02721,Rayaan Vig,Female,49,IT,Analyst,BCA,4,116398.0,2024-08-04,Hyderabad,2,Yes,No
EMP02722,Leena Munshi,Male,42,HR,Senior Analyst,MBA,2,47291.0,2018-12-03,Bangalore,1,No,No
EMP02723,Manthan Bhatt,Female,41,Marketing,Manager,MCA,18,87823.0,2017-05-01,Chennai,3,No,No
EMP02724,Neelima Sharaf,Female,39,Finance,Team Lead,BCA,11,73150.0,2019-10-31,Bangalore,5,Yes,No
EMP02725,Aradhana Parmar,Female,34,Marketing,Analyst,MCA,10,40592.0,2020-01-24,Hyderabad,1,Yes,No
EMP02726,Deepa Chahal,Male,50,Marketing,Manager,M.Tech,20,77170.0,2023-03-11,Pune,1,No,No
EMP02727,Janaki Bhardwaj,Male,32,Finance,Analyst,BCA,2,79101.0,2021-10-31,Pune,5,Yes,No
EMP02728,Zaitra Patel,Male,28,HR,Analyst,B.Tech,7,51210.0,2022-05-06,Chennai,2,Yes,No
EMP02729,Prisha Halder,Female,47,Finance,Team Lead,MBA,0,70637.0,2023-10-19,Chennai,1,Yes,Yes
EMP02730,Jatin Mukherjee,Male,51,Finance,Manager,B.Tech,15,102080.0,2025-06-24,Mumbai,3,Yes,No
EMP02731,Sara Agrawal,Male,48,Finance,Senior Analyst,BCA,13,108278.0,2022-01-08,Chennai,2,Yes,No
EMP02732,Varsha Chahal,Female,57,Sales,Analyst,MCA,17,98623.0,2022-08-29,Bangalore,5,No,No
EMP02733,Falguni Choudhry,Male,46,Marketing,Team Lead,MCA,7,37930.0,2019-06-21,Chennai,3,No,No
EMP02734,Libni Raman,Male,47,Finance,Analyst,MCA,9,59311.0,2022-10-20,Hyderabad,5,Yes,No
EMP02735,Vedika Dave,Female,22,Finance,Senior Analyst,MCA,8,119596.0,2025-08-15,Hyderabad,3,Yes,Yes
EMP02736,Ranveer Ranganathan,Male,45,Marketing,Analyst,B.Tech,14,79739.0,2020-09-03,Chennai,5,Yes,Yes
EMP02737,Chanchal Sur,Female,39,Marketing,Senior Analyst,BCA,12,65444.0,2024-07-09,Pune,2,Yes,No
EMP02738,Zaitra Sarraf,Male,43,Marketing,Senior Analyst,MBA,7,76786.0,2023-08-04,Bangalore,2,Yes,No
EMP02739,Naveen Mitra,Male,57,IT,Manager,MCA,13,124892.0,2020-10-03,Pune,5,Yes,No
EMP02740,Girindra Contractor,Female,56,HR,Senior Analyst,M.Tech,19,45198.0,2025-05-16,Pune,2,Yes,No
EMP02741,Azad Manne,Female,27,IT,Manager,MCA,13,97459.0,2020-01-26,Pune,3,No,No
EMP02742,Rohan Murty,Female,29,Marketing,Analyst,B.Tech,6,85560.0,2022-12-13,Bangalore,3,Yes,No
EMP02743,Pallavi Parmer,Male,58,IT,Team Lead,MCA,4,121182.0,2022-04-08,Mumbai,5,No,No
EMP02744,Matthew Suresh,Female,60,Marketing,Manager,BCA,18,35782.0,2026-05-29,Chennai,4,Yes,No
EMP02745,Ucchal Nath,Female,54,Finance,Manager,BCA,0,70198.0,2021-03-21,Mumbai,3,Yes,Yes
EMP02746,Dhruv Sarna,Female,27,HR,Manager,MCA,8,75786.0,2022-08-14,Mumbai,2,No,No
EMP02747,Wakeeta Ratta,Female,29,HR,Manager,MBA,7,59374.0,2019-05-22,Chennai,4,No,No
EMP02748,Omya Sura,Female,42,IT,Manager,B.Tech,0,100826.0,2017-05-02,Bangalore,4,Yes,No
EMP02749,Jalsa Baria,Female,50,IT,Team Lead,MBA,7,79595.0,2024-02-18,Pune,3,Yes,No
EMP02750,Urishilla Sur,Male,59,IT,Team Lead,MBA,9,121151.0,2018-07-01,Hyderabad,1,Yes,No
EMP02751,Neel Boase,Female,32,Sales,Manager,BCA,12,32560.0,2017-08-18,Chennai,5,No,No
EMP02752,Yachana Dara,Male,28,Marketing,Analyst,BCA,9,87608.0,2023-05-04,Chennai,5,No,No
EMP02753,Saumya Thakur,Female,48,Finance,Team Lead,MBA,9,103926.0,2023-10-24,Hyderabad,5,No,No
EMP02754,Tara Gandhi,Male,40,HR,Team Lead,MCA,5,55388.0,2023-07-07,Bangalore,2,Yes,No
EMP02755,Bishakha Nayar,Female,55,Marketing,Team Lead,MBA,16,51896.0,2022-02-22,Bangalore,4,No,No
EMP02756,Meera Krishnan,Female,26,Marketing,Senior Analyst,M.Tech,19,46927.0,2023-03-13,Hyderabad,4,No,No
EMP02757,Yutika Viswanathan,Female,50,IT,Team Lead,MBA,19,108046.0,2019-07-15,Bangalore,2,No,No
EMP02758,Yasti Keer,Male,50,HR,Analyst,BCA,12,44602.0,2023-10-14,Bangalore,4,Yes,No
EMP02759,Nandini Ganesan,Female,33,Sales,Senior Analyst,BCA,3,47041.0,2018-12-02,Chennai,5,Yes,No
EMP02760,Xalak Bhattacharyya,Male,25,Sales,Senior Analyst,B.Tech,6,51491.0,2023-04-09,Mumbai,5,Yes,No
EMP02761,Harini Mand,Female,23,Sales,Manager,M.Tech,8,79687.0,2019-10-22,Pune,2,Yes,Yes
EMP02762,Pratyush Chawla,Male,43,Finance,Manager,M.Tech,19,90061.0,2019-09-28,Chennai,3,Yes,No
EMP02763,Krishna Sodhi,Female,37,Marketing,Manager,BCA,9,40920.0,2020-04-20,Bangalore,4,No,No
EMP02764,Manya Deshmukh,Female,43,Sales,Senior Analyst,BCA,16,74083.0,2026-02-11,Bangalore,5,Yes,No
EMP02765,Ati Kant,Female,31,Sales,Analyst,MCA,5,77462.0,2022-10-22,Hyderabad,4,No,No
EMP02766,Jalsa Kara,Male,52,Sales,Manager,M.Tech,4,77862.0,2017-08-24,Mumbai,4,No,No
EMP02767,Jeet Sood,Male,32,IT,Analyst,B.Tech,5,55510.0,2019-07-27,Bangalore,4,Yes,No
EMP02768,Zaitra Kala,Female,48,IT,Senior Analyst,M.Tech,19,143989.0,2019-01-25,Mumbai,2,No,No
EMP02769,Dipta Ranganathan,Female,34,Marketing,Analyst,MCA,16,85904.0,2023-06-21,Hyderabad,3,No,No
EMP02770,Brinda Datta,Female,41,Finance,Team Lead,BCA,5,59824.0,2024-02-26,Chennai,1,Yes,No
EMP02771,Jeet Roy,Male,52,HR,Analyst,BCA,5,65514.0,2025-09-12,Pune,1,Yes,No
EMP02772,Xavier Bahl,Male,31,HR,Analyst,B.Tech,16,61959.0,2017-11-20,Hyderabad,1,Yes,No
EMP02773,Lipika Raval,Female,26,Finance,Manager,MCA,11,84001.0,2024-07-30,Mumbai,4,Yes,No
EMP02774,Anirudh Jha,Male,51,IT,Team Lead,BCA,1,85266.0,2024-02-10,Bangalore,3,Yes,No
EMP02775,Gaurangi Ahluwalia,Male,25,Finance,Senior Analyst,MBA,18,103630.0,2026-04-02,Bangalore,4,No,No
EMP02776,William Parekh,Female,54,Sales,Manager,B.Tech,17,54725.0,2017-05-28,Hyderabad,5,Yes,No
EMP02777,Orinder Shenoy,Male,38,Finance,Team Lead,MBA,17,46371.0,2023-12-20,Mumbai,2,Yes,No
EMP02778,Rayaan Mutti,Female,54,HR,Analyst,M.Tech,12,61812.0,2023-03-17,Chennai,1,Yes,Yes
EMP02779,Ikbal Batra,Female,60,Sales,Manager,B.Tech,1,44006.0,2016-09-09,Bangalore,5,Yes,No
EMP02780,Bhavani Thaman,Male,57,Sales,Team Lead,B.Tech,2,47130.0,2018-12-20,Hyderabad,2,Yes,Yes
EMP02781,Krishna Setty,Male,52,Marketing,Team Lead,M.Tech,14,35245.0,2021-05-26,Hyderabad,5,Yes,No
EMP02782,Divya Bera,Male,26,Sales,Manager,B.Tech,17,78752.0,2024-04-15,Mumbai,4,Yes,No
EMP02783,Vaishnavi Patla,Female,43,Sales,Manager,MCA,19,51610.0,2018-08-09,Bangalore,3,Yes,No
EMP02784,Dominic Vora,Female,32,Sales,Manager,B.Tech,17,91308.0,2019-03-09,Pune,5,Yes,No
EMP02785,Charvi Magar,Male,41,Marketing,Manager,MBA,17,50580.0,2023-03-04,Hyderabad,4,No,No
EMP02786,Anay Vyas,Female,34,Finance,Team Lead,MCA,5,78801.0,2016-11-18,Mumbai,4,No,No
EMP02787,Anita Sha,Male,43,HR,Manager,MCA,19,54667.0,2018-01-05,Hyderabad,5,Yes,No
EMP02788,Logan Mutti,Male,39,HR,Analyst,MCA,19,67444.0,2020-12-27,Hyderabad,3,No,Yes
EMP02789,Amrita Dey,Male,58,Marketing,Team Lead,BCA,13,38313.0,2023-01-22,Mumbai,1,No,No
EMP02790,Gabriel More,Male,40,Sales,Senior Analyst,MBA,15,59891.0,2024-08-30,Chennai,2,Yes,No
EMP02791,Abha Keer,Male,48,Sales,Senior Analyst,BCA,8,50157.0,2025-02-05,Mumbai,1,No,No
EMP02792,Vritti Nath,Female,37,IT,Analyst,BCA,3,138967.0,2020-04-27,Chennai,2,Yes,No
EMP02793,Mohammed Pandya,Female,48,Finance,Analyst,BCA,9,53628.0,2023-07-24,Bangalore,5,No,No
EMP02794,Yahvi Kapur,Female,55,HR,Team Lead,MBA,19,44599.0,2021-08-20,Pune,2,Yes,No
EMP02795,Ishanvi Dada,Female,48,Marketing,Manager,MBA,17,76770.0,2023-11-12,Chennai,1,No,No
EMP02796,Harish Sura,Male,49,HR,Senior Analyst,MCA,19,31302.0,2026-02-27,Chennai,2,No,No
EMP02797,Jasmit Ravel,Male,60,Sales,Analyst,M.Tech,0,35597.0,2025-11-17,Bangalore,1,No,No
EMP02798,Veer Nath,Female,41,Sales,Senior Analyst,MBA,14,83291.0,2017-04-01,Mumbai,4,Yes,Yes
EMP02799,Alka Upadhyay,Male,40,Sales,Senior Analyst,B.Tech,10,64053.0,2019-03-18,Bangalore,4,No,No
EMP02800,Vrishti Warrior,Male,49,Marketing,Manager,MCA,4,82455.0,2020-07-04,Pune,5,Yes,No
EMP02801,Udant Choudhry,Female,59,Marketing,Analyst,MCA,6,55039.0,2024-12-17,Pune,2,Yes,No
EMP02802,Pavani Pandit,Male,43,Sales,Manager,B.Tech,5,97290.0,2019-10-25,Hyderabad,5,Yes,No
EMP02803,Hitesh Arya,Male,39,HR,Team Lead,B.Tech,7,31290.0,2019-04-28,Hyderabad,1,Yes,No
EMP02804,Advay Boase,Male,31,HR,Team Lead,MBA,13,50330.0,2017-06-04,Pune,1,No,No
EMP02805,Matthew Handa,Male,44,HR,Analyst,MCA,14,40307.0,2021-07-16,Bangalore,4,Yes,Yes
EMP02806,Gavin Kale,Male,53,HR,Analyst,MCA,7,38655.0,2016-10-22,Pune,3,No,No
EMP02807,Shivansh Raju,Male,39,IT,Senior Analyst,B.Tech,18,84966.0,2024-12-12,Pune,3,No,No
EMP02808,Veda Nagi,Male,45,Sales,Team Lead,BCA,2,40314.0,2021-09-06,Hyderabad,3,Yes,No
EMP02809,Jack Bora,Male,59,Marketing,Analyst,B.Tech,1,66871.0,2018-08-20,Pune,1,No,No
EMP02810,Lopa Andra,Male,52,HR,Analyst,MCA,9,70058.0,2018-10-19,Chennai,3,No,No
EMP02811,Maanav Sachdeva,Male,33,Finance,Senior Analyst,MCA,3,96423.0,2024-11-05,Chennai,2,Yes,No
EMP02812,Jagat Seth,Male,56,Finance,Team Lead,MBA,3,98807.0,2020-12-15,Hyderabad,3,Yes,No
EMP02813,Hemal Chopra,Male,42,IT,Analyst,MCA,0,110057.0,2026-02-26,Hyderabad,1,No,No
EMP02814,Aashi Vyas,Female,48,Marketing,Manager,MBA,17,78222.0,2019-05-12,Bangalore,3,Yes,No
EMP02815,Ayaan Kumar,Male,59,HR,Analyst,BCA,13,31571.0,2024-01-30,Bangalore,1,No,No
EMP02816,Pavani Sachar,Male,53,Finance,Analyst,M.Tech,3,51560.0,2023-02-28,Mumbai,2,Yes,No
EMP02817,Amara Sahota,Male,57,Sales,Analyst,MBA,12,45018.0,2018-05-14,Mumbai,4,No,No
EMP02818,Chavvi Date,Female,60,IT,Analyst,MCA,16,139791.0,2025-05-12,Bangalore,5,No,No
EMP02819,Krishna Vyas,Male,55,Sales,Analyst,BCA,12,51012.0,2022-05-17,Chennai,2,No,No
EMP02820,Gaurika Sampath,Male,40,HR,Manager,B.Tech,0,77448.0,2020-12-16,Hyderabad,4,Yes,No
EMP02821,Sara Dugar,Male,23,Sales,Senior Analyst,BCA,13,67056.0,2023-07-19,Chennai,5,No,Yes
EMP02822,Lila Raja,Female,28,Marketing,Team Lead,MCA,19,73272.0,2022-04-02,Pune,5,Yes,No
EMP02823,Manbir Deol,Female,38,Finance,Analyst,MBA,14,55411.0,2022-07-17,Chennai,5,No,No
EMP02824,Ridhi Anand,Female,53,Finance,Analyst,BCA,11,53962.0,2021-07-04,Chennai,3,No,No
EMP02825,Ucchal Ganguly,Female,47,Finance,Senior Analyst,MCA,1,91018.0,2021-09-26,Hyderabad,1,Yes,No
EMP02826,Yug Pathak,Male,30,Finance,Team Lead,M.Tech,6,64208.0,2021-06-09,Pune,4,No,Yes
EMP02827,Sneha Shere,Female,37,HR,Analyst,B.Tech,7,60783.0,2024-11-21,Bangalore,4,No,No
EMP02828,Harsh Sheth,Male,48,Marketing,Analyst,MCA,15,42095.0,2025-07-24,Pune,5,No,No
EMP02829,Xavier Dixit,Male,30,HR,Team Lead,MCA,0,36782.0,2024-10-03,Pune,3,Yes,No
EMP02830,Yamini Konda,Male,54,IT,Analyst,M.Tech,10,88769.0,2023-06-28,Mumbai,5,Yes,No
EMP02831,Zashil Purohit,Male,55,Marketing,Manager,B.Tech,15,61310.0,2024-07-13,Pune,4,Yes,No
EMP02832,Karan Shah,Female,37,Finance,Senior Analyst,BCA,6,46728.0,2019-07-16,Bangalore,1,Yes,No
EMP02833,Aashi Ratti,Female,36,Sales,Analyst,MBA,7,71008.0,2017-12-22,Pune,1,No,Yes
EMP02834,Caleb Handa,Female,48,Marketing,Manager,B.Tech,18,77193.0,2019-03-24,Mumbai,5,No,No
EMP02835,Darsh Konda,Female,32,HR,Senior Analyst,MCA,11,36538.0,2020-10-13,Hyderabad,4,No,No
EMP02836,Karan Pradhan,Male,24,Finance,Senior Analyst,B.Tech,1,45547.0,2026-04-29,Pune,1,No,No
EMP02837,Zarna Chandran,Male,33,Finance,Team Lead,BCA,14,104193.0,2016-12-10,Pune,5,Yes,No
EMP02838,Manbir Kurian,Male,54,Sales,Analyst,MCA,3,97709.0,2024-11-21,Bangalore,4,No,No
EMP02839,Anmol Seth,Male,35,Finance,Senior Analyst,MBA,1,116075.0,2024-02-11,Mumbai,5,No,No
EMP02840,Max Sami,Female,34,Sales,Manager,BCA,15,34409.0,2018-03-02,Pune,2,No,No
EMP02841,Arunima Mander,Female,41,Finance,Team Lead,B.Tech,19,87330.0,2018-12-28,Bangalore,2,Yes,No
EMP02842,Chandran Wagle,Female,34,Sales,Analyst,B.Tech,17,49552.0,2025-08-08,Chennai,2,No,No
EMP02843,Varenya Goel,Male,29,IT,Analyst,B.Tech,9,98102.0,2019-02-03,Chennai,4,Yes,Yes
EMP02844,Neel Mohan,Female,22,Sales,Manager,BCA,3,62576.0,2019-12-27,Bangalore,3,No,No
EMP02845,Meghana Sarna,Male,28,IT,Senior Analyst,MCA,16,124430.0,2022-12-11,Chennai,5,Yes,No
EMP02846,Pranit Mital,Male,40,Sales,Analyst,BCA,15,83635.0,2026-05-23,Hyderabad,3,Yes,No
EMP02847,Anjali Peri,Male,29,Sales,Analyst,MCA,2,55952.0,2023-10-13,Bangalore,3,Yes,No
EMP02848,Eesha Dash,Female,59,HR,Analyst,MCA,5,50634.0,2016-12-10,Pune,4,Yes,No
EMP02849,Nitesh Korpal,Female,25,Marketing,Manager,MBA,11,62136.0,2020-11-10,Bangalore,3,No,Yes
EMP02850,Suhani Roy,Male,38,Marketing,Team Lead,MBA,6,39535.0,2019-06-23,Pune,3,No,Yes
EMP02851,Advik Varkey,Female,60,HR,Team Lead,BCA,4,59997.0,2024-09-27,Chennai,3,Yes,No
EMP02852,Panini Madan,Female,22,HR,Senior Analyst,B.Tech,6,59473.0,2022-08-16,Mumbai,1,Yes,No
EMP02853,Bhanumati Chakrabarti,Female,41,Finance,Analyst,BCA,19,82870.0,2021-06-20,Chennai,1,Yes,Yes
EMP02854,Vihaan Hayre,Female,36,HR,Analyst,M.Tech,13,79746.0,2017-11-21,Bangalore,3,No,No
EMP02855,Harshil Luthra,Male,27,Finance,Analyst,M.Tech,7,56480.0,2025-08-17,Mumbai,4,No,No
EMP02856,Warjas Deep,Male,47,Sales,Analyst,MBA,13,42402.0,2022-10-23,Pune,1,Yes,Yes
EMP02857,Gopal Oak,Female,51,Sales,Team Lead,M.Tech,14,68088.0,2018-02-06,Chennai,5,No,No
EMP02858,Qarin Pal,Male,37,Marketing,Manager,BCA,8,68866.0,2017-04-27,Bangalore,1,No,Yes
EMP02859,Faqid Mahajan,Male,52,Finance,Team Lead,M.Tech,0,54413.0,2017-10-10,Pune,5,Yes,No
EMP02860,Faqid Sharma,Male,26,HR,Manager,BCA,1,59107.0,2022-09-26,Mumbai,4,Yes,No
EMP02861,Janaki Raju,Male,39,IT,Team Lead,MCA,8,130751.0,2023-01-20,Bangalore,3,No,Yes
EMP02862,Lucky Sarraf,Male,36,Marketing,Team Lead,M.Tech,13,64343.0,2018-07-11,Chennai,3,No,No
EMP02863,Yashasvi Venkataraman,Female,23,HR,Senior Analyst,B.Tech,7,67194.0,2026-07-18,Pune,2,Yes,No
EMP02864,Fariq Raj,Male,46,IT,Manager,MCA,9,130896.0,2022-01-30,Hyderabad,4,Yes,No
EMP02865,Theodore Goswami,Male,28,Marketing,Manager,B.Tech,15,77440.0,2025-09-15,Mumbai,3,No,No
EMP02866,Hritik Acharya,Male,34,HR,Team Lead,M.Tech,8,63198.0,2025-12-17,Chennai,3,Yes,No
EMP02867,Krisha Sarkar,Female,57,Marketing,Manager,BCA,4,66402.0,2018-05-04,Pune,1,Yes,No
EMP02868,Sai Mall,Female,60,Sales,Manager,MBA,18,56313.0,2025-11-07,Bangalore,4,Yes,No
EMP02869,Tristan Ratta,Male,42,Sales,Manager,M.Tech,11,43273.0,2020-05-08,Hyderabad,1,Yes,No
EMP02870,Hemal Kuruvilla,Male,45,Finance,Team Lead,MBA,4,89433.0,2022-09-30,Pune,4,Yes,Yes
EMP02871,Samarth Vora,Male,28,Marketing,Team Lead,MCA,17,80479.0,2017-05-30,Pune,4,Yes,No
EMP02872,Ikbal Bahl,Male,52,HR,Analyst,M.Tech,19,77012.0,2019-05-15,Chennai,4,Yes,No
EMP02873,Robert Andra,Male,43,Sales,Analyst,M.Tech,10,46533.0,2024-07-30,Hyderabad,4,Yes,No
EMP02874,Wakeeta Bir,Male,25,IT,Analyst,MCA,1,137400.0,2020-09-21,Chennai,1,No,Yes
EMP02875,Onveer Rau,Female,38,IT,Analyst,B.Tech,18,110250.0,2018-01-07,Bangalore,2,Yes,No
EMP02876,Utkarsh Behl,Male,55,IT,Team Lead,MBA,17,117108.0,2018-03-10,Mumbai,5,Yes,No
EMP02877,Warinder Tata,Male,26,Marketing,Analyst,MCA,12,66330.0,2023-10-03,Pune,5,Yes,No
EMP02878,Warhi Khatri,Female,45,Finance,Team Lead,MBA,14,77114.0,2019-12-16,Bangalore,5,Yes,No
EMP02879,Eiravati Padmanabhan,Male,23,HR,Manager,B.Tech,2,64754.0,2026-07-07,Bangalore,5,No,No
EMP02880,Ekaja Goel,Male,23,Sales,Senior Analyst,B.Tech,3,93005.0,2025-02-12,Chennai,3,Yes,No
EMP02881,Quincy Das,Male,42,Finance,Analyst,MBA,19,76291.0,2020-09-23,Chennai,4,No,No
EMP02882,Dipta Salvi,Male,58,IT,Senior Analyst,B.Tech,7,69312.0,2024-06-09,Pune,2,Yes,No
EMP02883,Bhavya Sachdev,Male,51,Finance,Team Lead,M.Tech,14,58329.0,2022-08-23,Mumbai,5,No,No
EMP02884,Oviya Kapur,Female,38,HR,Team Lead,MCA,5,50514.0,2023-03-24,Mumbai,3,Yes,No
EMP02885,Benjamin Kanda,Male,26,Finance,Team Lead,B.Tech,17,102017.0,2020-09-02,Hyderabad,1,No,No
EMP02886,Vasana Chakraborty,Female,52,Sales,Analyst,MCA,0,98123.0,2023-11-28,Pune,3,Yes,Yes
EMP02887,Qasim Kothari,Male,32,Finance,Team Lead,M.Tech,5,108108.0,2023-03-03,Bangalore,2,Yes,No
EMP02888,Gavin Dutta,Male,48,Sales,Senior Analyst,MBA,12,60851.0,2020-09-20,Chennai,1,Yes,No
EMP02889,Varsha Chokshi,Male,56,HR,Analyst,B.Tech,6,51233.0,2017-12-25,Mumbai,3,No,No
EMP02890,Zinal Kari,Female,36,Marketing,Manager,M.Tech,18,72209.0,2024-08-05,Hyderabad,5,No,No
EMP02891,Neelima Mahajan,Male,58,Finance,Senior Analyst,MCA,18,86398.0,2024-02-20,Chennai,3,Yes,No
EMP02892,Rachana Batta,Female,51,IT,Analyst,B.Tech,2,112846.0,2020-09-26,Mumbai,4,Yes,No
EMP02893,Hritik Wali,Male,28,Sales,Senior Analyst,MCA,12,90688.0,2022-03-22,Mumbai,3,Yes,No
EMP02894,Ijaya Mane,Male,45,HR,Manager,B.Tech,6,32007.0,2020-03-08,Bangalore,5,Yes,No
EMP02895,Ethan Narasimhan,Male,54,Marketing,Manager,B.Tech,5,76174.0,2017-03-21,Hyderabad,1,Yes,No
EMP02896,Ekapad Kunda,Male,50,Finance,Senior Analyst,MBA,16,113781.0,2023-12-18,Pune,3,No,No
EMP02897,Chatresh Sunder,Male,26,HR,Manager,BCA,5,30174.0,2022-02-19,Mumbai,3,Yes,No
EMP02898,Aahana Handa,Male,49,Marketing,Senior Analyst,MBA,15,51605.0,2024-06-04,Mumbai,4,Yes,No
EMP02899,Jyoti Raghavan,Female,44,Finance,Team Lead,BCA,10,53679.0,2020-05-29,Bangalore,1,No,No
EMP02900,Ekapad Puri,Female,56,IT,Team Lead,B.Tech,1,117275.0,2019-05-22,Hyderabad,4,Yes,No
EMP02901,Urvashi Sawhney,Male,50,HR,Senior Analyst,B.Tech,1,30843.0,2016-08-11,Hyderabad,3,Yes,No
EMP02902,Daksh Bir,Male,39,HR,Senior Analyst,MCA,20,64665.0,2022-04-15,Hyderabad,4,No,No
EMP02903,Pratyush Chana,Male,57,HR,Analyst,M.Tech,18,37518.0,2018-09-27,Bangalore,4,No,No
EMP02904,Unni Chokshi,Female,46,HR,Manager,MCA,3,57657.0,2020-10-06,Bangalore,2,Yes,No
EMP02905,Aarav Keer,Female,26,IT,Analyst,MBA,8,98996.0,2023-10-14,Bangalore,4,No,No
EMP02906,Guneet Prakash,Female,40,Sales,Team Lead,M.Tech,18,90857.0,2021-10-29,Bangalore,1,No,Yes
EMP02907,Zaid Balan,Female,32,IT,Analyst,M.Tech,15,103374.0,2026-02-02,Hyderabad,3,Yes,No
EMP02908,Ojasvi Prasad,Male,48,IT,Manager,BCA,11,50795.0,2020-12-26,Hyderabad,1,No,No
EMP02909,Yashoda Bhasin,Male,32,HR,Senior Analyst,M.Tech,10,54410.0,2023-04-23,Bangalore,3,Yes,No
EMP02910,Vritti Chakrabarti,Male,44,Finance,Team Lead,BCA,20,103334.0,2022-01-27,Pune,4,No,No
EMP02911,Ubika Mutti,Male,60,HR,Team Lead,BCA,10,78899.0,2025-11-17,Bangalore,1,Yes,No
EMP02912,Lavanya Sura,Female,33,Sales,Manager,MBA,5,72549.0,2018-04-14,Mumbai,5,Yes,No
EMP02913,Leena Ghosh,Female,39,Finance,Analyst,B.Tech,1,73973.0,2021-06-20,Bangalore,3,No,Yes
EMP02914,Sneha Issac,Female,29,Marketing,Manager,BCA,16,35458.0,2024-12-09,Pune,2,Yes,No
EMP02915,Osha Bhandari,Female,40,Marketing,Team Lead,M.Tech,7,59115.0,2026-06-22,Hyderabad,1,No,No
EMP02916,Rayaan Saha,Female,53,Sales,Analyst,BCA,18,83315.0,2021-07-22,Hyderabad,4,Yes,No
EMP02917,Gopal Sastry,Female,31,IT,Manager,MCA,9,149430.0,2025-09-19,Pune,1,Yes,No
EMP02918,Varenya Raghavan,Female,55,Finance,Manager,BCA,0,117023.0,2022-07-21,Bangalore,3,Yes,No
EMP02919,Upma Grewal,Female,25,HR,Analyst,M.Tech,3,43441.0,2021-07-25,Hyderabad,3,No,No
EMP02920,Ethan Maharaj,Male,22,Finance,Manager,MCA,2,62026.0,2022-08-24,Chennai,1,Yes,No
EMP02921,Warinder Bhalla,Female,58,HR,Senior Analyst,MBA,18,69603.0,2020-02-01,Bangalore,3,No,No
EMP02922,Andrew Tandon,Female,56,IT,Team Lead,B.Tech,7,77688.0,2022-11-29,Mumbai,3,No,No
EMP02923,Lila Pall,Female,37,Marketing,Manager,MBA,20,41875.0,2021-05-03,Hyderabad,1,Yes,No
EMP02924,Tanveer Jayaraman,Female,59,IT,Team Lead,MCA,15,81091.0,2026-04-10,Pune,4,No,No
EMP02925,David Parmar,Male,50,Sales,Manager,M.Tech,8,44459.0,2018-02-27,Hyderabad,4,Yes,No
EMP02926,Gaurangi Sidhu,Male,41,Finance,Manager,MCA,20,90004.0,2024-04-16,Mumbai,1,No,No
EMP02927,Nilima Tara,Male,55,IT,Team Lead,M.Tech,8,82700.0,2019-01-27,Bangalore,4,No,No
EMP02928,Kai Oommen,Male,53,Sales,Team Lead,MBA,16,71186.0,2018-02-05,Mumbai,1,No,No
EMP02929,Raagini Mand,Male,41,Finance,Analyst,MBA,16,85557.0,2020-08-30,Hyderabad,1,No,No
EMP02930,Hemal Krishnamurthy,Male,34,IT,Team Lead,BCA,14,111039.0,2018-03-30,Bangalore,4,Yes,No
EMP02931,Vincent Verma,Male,54,Finance,Team Lead,MCA,18,65541.0,2018-10-22,Bangalore,2,Yes,No
EMP02932,Triya Bhakta,Female,24,Finance,Senior Analyst,B.Tech,18,89573.0,2021-03-13,Bangalore,2,No,No
EMP02933,Laban Sachdev,Female,43,Sales,Analyst,MCA,6,50790.0,2024-12-20,Mumbai,4,Yes,No
EMP02934,Aditya Gara,Male,37,Sales,Team Lead,MBA,19,37029.0,2018-05-05,Chennai,1,No,Yes
EMP02935,Madhavi More,Male,44,Finance,Team Lead,MCA,19,88219.0,2025-12-22,Pune,4,Yes,No
EMP02936,Warhi Kara,Female,38,HR,Analyst,B.Tech,1,32683.0,2017-08-28,Chennai,3,No,No
EMP02937,Vedika Dada,Female,29,Sales,Senior Analyst,BCA,18,65926.0,2018-08-02,Mumbai,5,Yes,No
EMP02938,Kai Raghavan,Male,48,Marketing,Team Lead,BCA,2,76606.0,2026-07-20,Chennai,4,Yes,No
EMP02939,Vihaan Rastogi,Male,23,HR,Team Lead,MBA,5,39792.0,2017-01-03,Pune,3,No,No
EMP02940,Kevin Balakrishnan,Female,45,Marketing,Team Lead,MCA,11,51274.0,2026-03-25,Pune,5,No,No
EMP02941,Robert Dixit,Female,49,IT,Analyst,MBA,4,103462.0,2021-11-07,Chennai,4,No,No
EMP02942,Rehaan Shan,Female,34,HR,Analyst,MCA,7,72347.0,2023-01-18,Chennai,1,Yes,No
EMP02943,Aishani Goel,Male,47,Marketing,Manager,B.Tech,5,80500.0,2026-04-10,Chennai,5,Yes,No
EMP02944,Aadi Bose,Female,45,HR,Team Lead,BCA,5,39808.0,2021-11-29,Chennai,1,No,Yes
EMP02945,Nirja Goel,Female,23,Marketing,Analyst,MCA,1,63289.0,2025-12-09,Bangalore,2,Yes,No
EMP02946,Robert Setty,Female,41,IT,Analyst,MBA,6,126548.0,2022-09-05,Chennai,5,No,No
EMP02947,Simon Borde,Male,57,HR,Senior Analyst,B.Tech,3,55060.0,2025-04-01,Hyderabad,5,Yes,No
EMP02948,Nilima Nazareth,Male,29,Marketing,Analyst,MCA,5,72879.0,2021-11-21,Hyderabad,1,No,No
EMP02949,Falak Prasad,Male,25,IT,Senior Analyst,B.Tech,5,72719.0,2021-07-12,Mumbai,2,No,No
EMP02950,Chaitanya Toor,Male,42,Finance,Team Lead,M.Tech,8,68832.0,2018-03-09,Mumbai,3,No,No
EMP02951,Dakshesh Loke,Male,25,Marketing,Manager,B.Tech,17,64157.0,2024-02-06,Hyderabad,2,Yes,No
EMP02952,Jalsa Boase,Male,40,IT,Team Lead,MBA,5,105232.0,2019-08-11,Chennai,3,No,No
EMP02953,Mugdha Acharya,Female,23,HR,Manager,MCA,8,62182.0,2020-06-27,Chennai,2,No,No
EMP02954,Gabriel Chokshi,Female,57,Sales,Manager,MCA,5,77420.0,2018-01-27,Chennai,4,No,No
EMP02955,Vamakshi Nath,Female,48,IT,Team Lead,MBA,14,50472.0,2017-10-11,Chennai,4,Yes,No
EMP02956,Max Narasimhan,Female,31,Finance,Team Lead,B.Tech,2,63648.0,2023-03-02,Chennai,5,Yes,No
EMP02957,Vedant Sarkar,Male,47,Marketing,Analyst,MBA,4,68596.0,2020-10-02,Pune,1,No,No
EMP02958,Yoshita Bakshi,Female,26,IT,Manager,BCA,0,94774.0,2024-08-22,Pune,4,No,No
EMP02959,Garima Nagy,Male,47,Marketing,Manager,MCA,16,35693.0,2018-05-31,Chennai,5,No,No
EMP02960,Daksha Cherian,Male,29,IT,Senior Analyst,MCA,4,111107.0,2020-11-13,Hyderabad,5,No,No
EMP02961,Michael Kota,Male,47,HR,Analyst,BCA,11,74056.0,2025-10-26,Mumbai,5,Yes,No
EMP02962,Xavier Sangha,Male,55,Marketing,Manager,BCA,17,79624.0,2017-08-08,Bangalore,4,Yes,No
EMP02963,Yachana Chander,Male,45,Marketing,Senior Analyst,BCA,12,66843.0,2020-12-30,Chennai,4,Yes,No
EMP02964,Sanya Sabharwal,Male,36,IT,Manager,M.Tech,15,87385.0,2022-04-01,Mumbai,3,No,Yes
EMP02965,Pushti Tella,Female,48,Marketing,Analyst,BCA,12,64688.0,2018-01-25,Pune,1,Yes,No
EMP02966,Manya Dugar,Female,25,IT,Analyst,MBA,18,50066.0,2021-10-09,Mumbai,3,Yes,Yes
EMP02967,Pushti Mukherjee,Female,40,HR,Manager,B.Tech,0,54394.0,2022-04-20,Hyderabad,5,Yes,Yes
EMP02968,Girik Bobal,Male,52,IT,Team Lead,M.Tech,2,51566.0,2021-06-10,Mumbai,4,No,No
EMP02969,Vasana Pau,Female,42,Finance,Manager,MCA,20,88746.0,2023-06-07,Pune,2,No,No
EMP02970,Bhanumati Vala,Female,32,HR,Analyst,MCA,12,73457.0,2024-07-01,Bangalore,4,No,No
EMP02971,Raagini Parsa,Female,24,IT,Team Lead,BCA,11,144214.0,2024-07-14,Hyderabad,2,No,No
EMP02972,Radhika More,Female,58,Marketing,Manager,MBA,7,64107.0,2025-05-01,Mumbai,1,No,No
EMP02973,Jack Tank,Male,51,IT,Team Lead,M.Tech,16,91973.0,2018-05-08,Bangalore,3,No,No
EMP02974,Chandran Bir,Female,39,Marketing,Analyst,M.Tech,12,68830.0,2018-01-06,Bangalore,2,No,No
EMP02975,Ria Morar,Male,44,Marketing,Manager,MCA,12,46201.0,2025-06-15,Pune,3,Yes,No
EMP02976,Balveer Ratti,Male,33,Marketing,Team Lead,MCA,19,72850.0,2022-11-08,Hyderabad,3,Yes,No
EMP02977,Chatura Pant,Male,27,Finance,Analyst,M.Tech,18,59323.0,2025-07-14,Pune,1,No,Yes
EMP02978,Shaurya Desai,Female,60,Finance,Senior Analyst,B.Tech,13,112066.0,2019-07-05,Bangalore,2,No,No
EMP02979,Vanya Vala,Male,25,Marketing,Manager,B.Tech,13,42719.0,2023-06-12,Pune,5,Yes,No
EMP02980,Warhi Srinivas,Female,38,IT,Senior Analyst,MCA,4,69372.0,2020-07-26,Mumbai,4,Yes,No
EMP02981,Qarin Kuruvilla,Male,58,IT,Manager,M.Tech,10,93500.0,2023-05-16,Bangalore,5,Yes,No
EMP02982,Laksh Rastogi,Female,60,IT,Team Lead,MBA,9,111666.0,2016-09-26,Pune,4,Yes,No
EMP02983,Bishakha Pradhan,Male,52,Sales,Team Lead,MBA,5,62493.0,2025-12-01,Hyderabad,1,No,No
EMP02984,Bhavani Minhas,Female,56,Finance,Analyst,MCA,2,105032.0,2021-05-24,Pune,2,Yes,No
EMP02985,Aryan Pingle,Female,59,Finance,Manager,MBA,14,101080.0,2025-08-03,Pune,3,No,No
EMP02986,Gauri Dua,Female,26,Sales,Senior Analyst,MCA,16,63814.0,2023-05-01,Bangalore,1,Yes,No
EMP02987,Hiral Mann,Male,43,Marketing,Manager,B.Tech,6,62259.0,2024-11-07,Chennai,3,Yes,No
EMP02988,Pooja Tella,Male,55,Marketing,Analyst,BCA,6,51460.0,2019-07-05,Hyderabad,3,No,No
EMP02989,Yatin Palan,Female,48,Sales,Analyst,BCA,15,61772.0,2022-10-04,Pune,4,No,No
EMP02990,Nitara Agrawal,Male,51,HR,Analyst,MBA,4,75955.0,2021-02-25,Pune,5,No,No
EMP02991,Chaaya Mohanty,Male,46,Marketing,Analyst,B.Tech,0,55714.0,2018-05-05,Hyderabad,4,No,No
EMP02992,Abhimanyu Naidu,Female,33,HR,Manager,BCA,7,33464.0,2018-11-20,Mumbai,4,Yes,No
EMP02993,Pushti Bains,Female,48,Sales,Senior Analyst,BCA,9,89843.0,2025-09-28,Bangalore,2,Yes,No
EMP02994,Bhanumati Das,Male,57,HR,Manager,M.Tech,17,75778.0,2020-11-05,Bangalore,4,No,Yes
EMP02995,Omisha Sharaf,Female,54,IT,Team Lead,M.Tech,10,141351.0,2017-06-26,Chennai,4,Yes,No
EMP02996,Kalpit Thakkar,Female,27,Sales,Analyst,B.Tech,13,72743.0,2018-02-16,Mumbai,5,Yes,No
EMP02997,Jonathan Luthra,Female,49,Sales,Analyst,MCA,4,39964.0,2023-10-24,Mumbai,3,No,No
EMP02998,Hredhaan Bains,Male,56,Marketing,Senior Analyst,M.Tech,19,69470.0,2024-04-30,Pune,4,Yes,No
EMP02999,Jagvi Kalla,Male,32,Sales,Manager,BCA,4,35826.0,2022-03-21,Hyderabad,2,Yes,No
EMP03000,Nimrat Prabhu,Female,40,IT,Senior Analyst,MBA,6,106700.0,2023-02-11,Chennai,5,No,No
EMP03001,Qarin Keer,Female,33,HR,Manager,B.Tech,13,65492.0,2017-12-27,Mumbai,4,No,No
EMP03002,Leela Panchal,Female,50,IT,Senior Analyst,MCA,7,69600.0,2024-04-03,Chennai,1,Yes,Yes
EMP03003,Tamanna Ramanathan,Male,39,Finance,Team Lead,MCA,5,115378.0,2022-01-11,Chennai,2,No,No
EMP03004,Triya Sharaf,Male,50,Finance,Manager,BCA,5,70280.0,2018-07-16,Bangalore,3,No,No
EMP03005,Januja Prasad,Female,35,HR,Analyst,B.Tech,10,64782.0,2018-11-06,Chennai,2,Yes,No
EMP03006,Harita Malhotra,Female,23,HR,Team Lead,B.Tech,17,52570.0,2018-11-05,Pune,1,Yes,No
EMP03007,Sanya Patel,Female,55,Sales,Senior Analyst,M.Tech,10,74269.0,2022-03-21,Chennai,4,Yes,No
EMP03008,Ira Keer,Male,45,Sales,Manager,MCA,3,43631.0,2023-06-27,Chennai,4,Yes,No
EMP03009,Owen Jha,Female,46,Marketing,Analyst,MCA,12,86561.0,2020-05-06,Pune,5,No,No
EMP03010,Onkar Karpe,Male,26,Finance,Senior Analyst,MCA,15,74919.0,2020-11-04,Mumbai,5,No,No
EMP03011,Sanya Goel,Female,23,Sales,Analyst,MBA,17,90980.0,2022-11-23,Hyderabad,2,No,No
EMP03012,Aarav Chadha,Female,39,Sales,Analyst,MBA,18,66575.0,2019-02-28,Chennai,1,No,No
EMP03013,Noah Gola,Male,36,HR,Senior Analyst,M.Tech,1,35579.0,2022-11-02,Mumbai,1,Yes,No
EMP03014,Akshay Korpal,Female,31,HR,Senior Analyst,B.Tech,16,62689.0,2020-08-24,Pune,4,Yes,Yes
EMP03015,Qabil Sagar,Male,29,Sales,Team Lead,B.Tech,17,39921.0,2019-09-08,Hyderabad,4,No,Yes
EMP03016,Yash Bhalla,Male,50,HR,Manager,B.Tech,10,56456.0,2019-02-16,Mumbai,4,Yes,No
EMP03017,Arjun Pall,Female,51,Sales,Team Lead,MCA,12,77948.0,2016-11-01,Chennai,3,No,No
EMP03018,Reyansh Murty,Male,43,Marketing,Team Lead,B.Tech,18,59304.0,2021-11-11,Chennai,2,Yes,No
EMP03019,Shivani Nadig,Female,26,Finance,Senior Analyst,M.Tech,3,84369.0,2025-09-09,Pune,2,No,No
EMP03020,George Thaman,Male,51,HR,Senior Analyst,BCA,11,39398.0,2020-05-31,Chennai,3,Yes,No
EMP03021,Maanas Khosla,Male,41,IT,Team Lead,MBA,19,132464.0,2017-02-11,Pune,3,No,No
EMP03022,Urmi Ray,Male,52,HR,Manager,M.Tech,1,43402.0,2021-09-22,Pune,4,Yes,Yes
EMP03023,Harish Dugar,Male,41,IT,Analyst,B.Tech,16,145767.0,2024-05-28,Pune,2,Yes,No
EMP03024,Harish Kala,Female,22,IT,Senior Analyst,M.Tech,5,146708.0,2022-04-29,Hyderabad,4,Yes,No
EMP03025,Aachal Chakraborty,Male,33,Sales,Analyst,M.Tech,20,32890.0,2018-05-23,Bangalore,3,Yes,No
EMP03026,Turvi Dubey,Male,23,Sales,Team Lead,MBA,15,71547.0,2020-08-13,Mumbai,3,Yes,No
EMP03027,Divya Dasgupta,Female,41,HR,Manager,BCA,20,45510.0,2017-12-03,Bangalore,5,Yes,No
EMP03028,Ekaja Taneja,Male,38,IT,Team Lead,MBA,6,89662.0,2023-09-11,Bangalore,2,Yes,No
EMP03029,Anya Din,Female,49,Marketing,Manager,BCA,19,63338.0,2025-11-28,Hyderabad,4,Yes,No
EMP03030,Neelima Bakshi,Male,23,Sales,Senior Analyst,M.Tech,4,45201.0,2016-08-08,Bangalore,2,Yes,No
EMP03031,Manan Ratta,Female,57,HR,Analyst,B.Tech,1,36046.0,2020-01-24,Mumbai,5,Yes,No
EMP03032,Darika Gera,Male,59,Marketing,Manager,MBA,17,77252.0,2017-01-18,Pune,3,Yes,No
EMP03033,Ekavir Tara,Male,54,HR,Senior Analyst,BCA,3,67504.0,2018-03-01,Hyderabad,2,No,No
EMP03034,Netra Patla,Male,36,Finance,Manager,MBA,17,72118.0,2023-01-07,Chennai,1,No,Yes
EMP03035,Anthony Gour,Male,57,IT,Analyst,M.Tech,15,61151.0,2023-06-16,Bangalore,5,No,Yes
EMP03036,Zarna Magar,Male,29,Sales,Senior Analyst,B.Tech,1,72081.0,2022-01-28,Hyderabad,1,Yes,No
EMP03037,Hema Tailor,Female,26,Sales,Team Lead,M.Tech,8,78218.0,2019-01-02,Chennai,4,No,No
EMP03038,Kala Gupta,Male,44,IT,Manager,B.Tech,15,109478.0,2024-03-22,Hyderabad,1,No,No
EMP03039,Aradhana Borde,Male,53,HR,Analyst,BCA,3,55845.0,2018-03-27,Bangalore,3,No,Yes
EMP03040,Jai Choudhury,Female,35,IT,Analyst,MBA,6,149574.0,2019-12-23,Chennai,4,Yes,No
EMP03041,Chanakya Mannan,Female,60,IT,Manager,MBA,11,127831.0,2021-05-03,Mumbai,2,Yes,No
EMP03042,Harita Khalsa,Male,53,HR,Analyst,MCA,6,75221.0,2022-12-12,Mumbai,1,Yes,No
EMP03043,Oeshi Tiwari,Male,57,Marketing,Manager,B.Tech,15,39305.0,2021-06-17,Hyderabad,2,Yes,No
EMP03044,Ubika Padmanabhan,Female,43,Sales,Manager,MCA,6,34013.0,2022-08-25,Pune,5,Yes,No
EMP03045,Mitesh Buch,Female,60,Marketing,Analyst,M.Tech,20,46213.0,2017-11-09,Chennai,2,Yes,No
EMP03046,Onkar Sarin,Male,45,Marketing,Team Lead,MCA,10,70503.0,2025-08-18,Pune,3,Yes,No
EMP03047,Jonathan Chhabra,Female,23,HR,Senior Analyst,MCA,19,37492.0,2026-03-16,Mumbai,2,Yes,No
EMP03048,Turvi Sachar,Male,57,Finance,Manager,B.Tech,15,116127.0,2024-02-14,Chennai,5,Yes,No
EMP03049,Chasmum Patil,Female,37,HR,Manager,MCA,7,64857.0,2017-06-14,Chennai,3,No,Yes
EMP03050,Alka Batra,Female,39,Finance,Analyst,MBA,13,80844.0,2019-11-23,Hyderabad,4,Yes,No
EMP03051,Indrajit Dutta,Female,43,HR,Team Lead,B.Tech,1,56235.0,2026-02-03,Mumbai,4,No,No
EMP03052,Vedika Agate,Female,22,Finance,Analyst,BCA,1,60968.0,2022-10-26,Pune,3,Yes,No
EMP03053,Chameli Dey,Female,35,Sales,Manager,BCA,14,53365.0,2016-11-23,Bangalore,4,No,No
EMP03054,Azad Balay,Male,34,IT,Manager,BCA,3,90228.0,2025-05-14,Bangalore,5,Yes,No
EMP03055,Kabir Pandey,Female,46,Finance,Team Lead,MCA,0,88626.0,2024-11-29,Hyderabad,4,Yes,No
EMP03056,Oliver Madan,Male,53,Finance,Manager,BCA,16,78487.0,2020-07-05,Pune,1,Yes,No
EMP03057,Chatresh Prabhu,Female,58,Sales,Team Lead,MBA,8,71256.0,2017-01-24,Chennai,1,Yes,No
EMP03058,Bhavani Dar,Female,30,HR,Senior Analyst,MBA,0,35651.0,2026-04-22,Hyderabad,2,No,Yes
EMP03059,Eshana Gupta,Male,50,Marketing,Senior Analyst,MBA,15,52501.0,2018-08-02,Mumbai,2,No,No
EMP03060,Ekbal Agarwal,Female,23,IT,Senior Analyst,MCA,18,92577.0,2019-06-28,Bangalore,5,Yes,No
EMP03061,Advaith Ramachandran,Male,34,Finance,Manager,MCA,11,49344.0,2026-06-08,Bangalore,2,No,No
EMP03062,Udyati Manne,Male,52,Marketing,Manager,BCA,20,51507.0,2016-12-28,Bangalore,4,Yes,No
EMP03063,Yamini Bhakta,Female,29,Finance,Team Lead,B.Tech,18,88348.0,2021-09-18,Mumbai,3,No,No
EMP03064,Rudra Banerjee,Female,40,Sales,Senior Analyst,BCA,19,80750.0,2024-12-14,Chennai,3,No,No
EMP03065,Amrita Jha,Male,22,HR,Analyst,MBA,15,52465.0,2023-03-03,Bangalore,4,Yes,No
EMP03066,Charles Lall,Female,42,Sales,Senior Analyst,B.Tech,9,90418.0,2025-02-22,Pune,1,No,No
EMP03067,Ronith Datta,Female,39,HR,Manager,BCA,17,44939.0,2018-12-10,Bangalore,1,Yes,No
EMP03068,Jagdish Dave,Male,30,Finance,Team Lead,MCA,0,105964.0,2019-06-30,Chennai,4,Yes,No
EMP03069,Anay Krishnamurthy,Female,57,HR,Team Lead,BCA,1,47732.0,2022-09-17,Pune,2,Yes,No
EMP03070,Vedant Barman,Male,35,Sales,Manager,B.Tech,11,49628.0,2016-12-21,Mumbai,4,No,No
EMP03071,Rachita Banerjee,Male,25,Finance,Senior Analyst,MBA,15,117718.0,2023-11-02,Pune,4,No,No
EMP03072,Ekbal Sodhi,Female,55,Finance,Senior Analyst,BCA,15,57564.0,2019-07-09,Mumbai,4,Yes,No
EMP03073,Suhani Nair,Male,53,Marketing,Analyst,BCA,19,53192.0,2026-04-12,Chennai,1,Yes,Yes
EMP03074,Krishna Rao,Male,28,Sales,Senior Analyst,BCA,12,63789.0,2022-09-19,Mumbai,4,No,No
EMP03075,Reyansh Kakar,Female,35,Sales,Team Lead,B.Tech,5,69580.0,2017-07-06,Hyderabad,4,No,No
EMP03076,Arin Mohanty,Male,52,Sales,Analyst,B.Tech,17,94956.0,2019-04-28,Pune,2,Yes,No
EMP03077,Rachita Nagi,Male,57,Sales,Senior Analyst,B.Tech,3,50555.0,2018-09-02,Chennai,4,Yes,Yes
EMP03078,Tara Hans,Male,31,Marketing,Manager,MCA,13,78636.0,2025-02-20,Hyderabad,5,Yes,No
EMP03079,Tanmayi Garg,Female,41,Marketing,Manager,M.Tech,20,58658.0,2016-08-14,Hyderabad,1,Yes,No
EMP03080,Neel Barad,Female,22,IT,Analyst,MBA,6,139504.0,2022-05-22,Bangalore,2,No,No
EMP03081,Yashawini Lal,Female,49,Marketing,Senior Analyst,B.Tech,1,69585.0,2021-07-24,Bangalore,4,Yes,No
EMP03082,Karan Brahmbhatt,Female,60,Marketing,Senior Analyst,MBA,16,50373.0,2025-10-16,Chennai,3,No,No
EMP03083,Ekani Doctor,Female,40,Finance,Team Lead,MCA,5,98719.0,2019-05-24,Chennai,3,No,No
EMP03084,Zayan Chatterjee,Female,27,HR,Senior Analyst,M.Tech,13,60860.0,2025-12-15,Bangalore,4,No,No
EMP03085,Anirudh Sha,Male,34,Finance,Team Lead,MCA,15,90878.0,2021-10-02,Hyderabad,2,Yes,Yes
EMP03086,Jyoti Bumb,Male,25,HR,Senior Analyst,B.Tech,13,41767.0,2023-10-26,Chennai,3,No,No
EMP03087,Pranav Vyas,Male,24,HR,Manager,MCA,11,59052.0,2017-10-02,Bangalore,4,Yes,No
EMP03088,Jagat Dara,Male,31,Sales,Team Lead,MBA,2,86712.0,2016-09-19,Chennai,4,No,No
EMP03089,Nikita Buch,Male,52,IT,Analyst,BCA,4,94905.0,2026-04-27,Pune,2,No,No
EMP03090,Jagrati Kapoor,Female,49,Finance,Senior Analyst,B.Tech,19,72376.0,2019-05-13,Pune,2,Yes,No
EMP03091,Ansh Chacko,Male,51,Marketing,Senior Analyst,B.Tech,11,80688.0,2023-05-02,Chennai,2,Yes,No
EMP03092,Veda Nath,Male,36,Sales,Manager,BCA,18,57249.0,2020-10-09,Bangalore,5,No,Yes
EMP03093,Nisha Bajaj,Male,35,HR,Manager,BCA,20,43606.0,2023-06-01,Pune,2,Yes,No
EMP03094,Hemangini Mahajan,Male,56,HR,Team Lead,MCA,6,74747.0,2021-06-13,Chennai,1,Yes,No
EMP03095,Nimrat Vaidya,Male,39,Sales,Manager,B.Tech,20,93814.0,2016-10-09,Chennai,1,No,No
EMP03096,Ekta Anne,Female,56,IT,Analyst,MBA,15,105176.0,2019-01-13,Pune,3,No,No
EMP03097,Benjamin Kuruvilla,Female,56,Sales,Senior Analyst,MBA,9,48884.0,2021-08-22,Mumbai,2,No,Yes
EMP03098,Noah Jhaveri,Male,50,Sales,Senior Analyst,M.Tech,0,72363.0,2020-05-02,Chennai,5,No,No
EMP03099,Netra Sahni,Male,55,Marketing,Senior Analyst,M.Tech,6,52240.0,2020-10-28,Bangalore,2,No,No
EMP03100,Tanveer Dhar,Male,35,Marketing,Analyst,MCA,19,65719.0,2021-01-23,Bangalore,2,Yes,No
EMP03101,Hemang Nagarajan,Female,44,IT,Team Lead,BCA,19,116821.0,2022-07-12,Bangalore,2,No,No
EMP03102,Sudiksha Johal,Female,24,IT,Manager,MBA,12,107135.0,2017-04-07,Hyderabad,3,No,No
EMP03103,Rushil Kale,Female,37,Finance,Senior Analyst,M.Tech,15,57271.0,2017-06-09,Mumbai,3,Yes,No
EMP03104,Amaira Rege,Female,31,IT,Manager,MBA,7,119171.0,2019-01-26,Hyderabad,2,Yes,No
EMP03105,Mohammed Chana,Female,40,Sales,Senior Analyst,M.Tech,11,82486.0,2023-10-09,Chennai,2,No,No
EMP03106,Onkar Dugar,Male,57,Marketing,Team Lead,MCA,10,74090.0,2025-08-01,Pune,4,No,No
EMP03107,Ati Magar,Female,25,Finance,Manager,B.Tech,20,93234.0,2021-10-13,Bangalore,1,Yes,No
EMP03108,Eiravati Kaur,Female,35,IT,Manager,MBA,0,136794.0,2018-10-21,Hyderabad,2,No,No
EMP03109,Lakshit Dua,Male,32,Finance,Senior Analyst,MCA,14,71855.0,2022-03-08,Mumbai,4,No,No
EMP03110,Utkarsh Bhattacharyya,Female,47,Marketing,Analyst,BCA,6,74216.0,2018-05-25,Mumbai,1,Yes,No
EMP03111,Gopal Mander,Female,47,Marketing,Analyst,MBA,0,54815.0,2017-08-04,Hyderabad,2,No,No
EMP03112,Rehaan Issac,Male,52,Sales,Team Lead,M.Tech,9,88625.0,2022-05-16,Pune,3,Yes,No
EMP03113,Zashil Sangha,Male,60,Finance,Senior Analyst,MBA,13,52638.0,2018-01-05,Bangalore,4,No,No
EMP03114,Jairaj Parmer,Female,53,Sales,Senior Analyst,MCA,20,44082.0,2018-12-12,Chennai,4,No,Yes
EMP03115,Chakrika Karan,Male,56,Sales,Manager,M.Tech,15,57971.0,2021-09-13,Bangalore,3,Yes,No
EMP03116,Raghav Karnik,Female,49,Marketing,Team Lead,BCA,18,36965.0,2016-10-18,Mumbai,2,No,No
EMP03117,Anay Narain,Male,59,Marketing,Senior Analyst,MBA,9,83506.0,2018-04-16,Pune,2,No,No
EMP03118,Abha Aggarwal,Male,54,Sales,Analyst,MBA,1,82858.0,2019-10-02,Hyderabad,3,Yes,No
EMP03119,Gayathri Lal,Female,39,HR,Manager,M.Tech,7,32954.0,2025-09-16,Hyderabad,3,Yes,No
EMP03120,Pahal Sha,Female,60,Sales,Team Lead,B.Tech,7,76966.0,2024-07-18,Bangalore,2,Yes,No
EMP03121,Dayamai Dua,Female,26,Sales,Analyst,M.Tech,12,34219.0,2017-12-20,Mumbai,1,Yes,No
EMP03122,Nidra Gulati,Female,49,Sales,Analyst,MCA,9,84998.0,2024-11-16,Mumbai,1,Yes,No
EMP03123,Tanay Sani,Female,49,Finance,Analyst,BCA,12,79020.0,2025-08-13,Chennai,1,Yes,No
EMP03124,Eiravati Deshmukh,Male,58,HR,Manager,MCA,3,52153.0,2018-01-05,Pune,5,No,Yes
EMP03125,Mason Madan,Male,24,Marketing,Team Lead,BCA,2,76843.0,2018-10-01,Pune,5,Yes,No
EMP03126,Daniel Bhandari,Female,47,HR,Analyst,BCA,6,54432.0,2020-03-02,Hyderabad,5,No,No
EMP03127,Harish Bhavsar,Female,52,Sales,Senior Analyst,M.Tech,0,33396.0,2022-12-23,Bangalore,1,Yes,Yes
EMP03128,Samuel Comar,Female,28,IT,Analyst,MCA,5,88574.0,2022-05-12,Mumbai,1,No,No
EMP03129,Vidhi Savant,Male,34,IT,Manager,MCA,19,88692.0,2020-07-09,Bangalore,3,No,No
EMP03130,Aarnav Comar,Male,58,IT,Manager,M.Tech,18,62437.0,2022-05-22,Chennai,1,No,No
EMP03131,Daksh Rai,Male,41,Finance,Senior Analyst,M.Tech,2,108311.0,2023-04-10,Hyderabad,2,No,Yes
EMP03132,Qarin Mitra,Female,27,IT,Senior Analyst,M.Tech,15,142011.0,2023-08-09,Hyderabad,2,Yes,No
EMP03133,Radhika Maharaj,Male,30,IT,Analyst,M.Tech,6,86627.0,2017-02-11,Pune,1,Yes,No
EMP03134,Anvi Prashad,Female,53,HR,Team Lead,M.Tech,15,74316.0,2017-02-26,Mumbai,3,No,Yes
EMP03135,Tamanna Shan,Female,47,HR,Analyst,BCA,14,46704.0,2020-08-15,Hyderabad,4,Yes,No
EMP03136,Yutika Chana,Female,59,IT,Team Lead,BCA,20,80087.0,2022-07-13,Chennai,3,No,No
EMP03137,Eshana Narula,Female,25,IT,Analyst,M.Tech,5,64439.0,2026-06-28,Bangalore,1,Yes,No
EMP03138,Chakrika Dani,Male,25,HR,Senior Analyst,MCA,19,69891.0,2018-04-08,Pune,5,No,No
EMP03139,Hamsini Chad,Male,36,Marketing,Analyst,MCA,4,38903.0,2018-01-11,Pune,5,No,No
EMP03140,Hemang Gala,Male,23,Marketing,Manager,BCA,16,80948.0,2022-03-22,Mumbai,4,Yes,No
EMP03141,Onkar Lala,Male,26,Sales,Senior Analyst,BCA,11,34042.0,2020-05-20,Hyderabad,4,Yes,No
EMP03142,Anjali Kuruvilla,Male,57,Marketing,Analyst,MCA,3,61538.0,2022-03-17,Pune,4,Yes,No
EMP03143,Wahab Zachariah,Male,38,Marketing,Analyst,M.Tech,2,80337.0,2017-10-21,Hyderabad,3,No,No
EMP03144,Raagini Kalita,Female,23,Marketing,Manager,BCA,10,52276.0,2022-10-09,Mumbai,3,Yes,No
EMP03145,Falan Kalla,Female,49,Finance,Senior Analyst,M.Tech,4,104864.0,2024-03-12,Mumbai,3,Yes,No
EMP03146,Waida Bir,Female,27,Finance,Team Lead,B.Tech,8,63567.0,2022-01-11,Mumbai,1,No,No
EMP03147,Ekta More,Female,49,Marketing,Senior Analyst,MCA,11,64773.0,2022-10-24,Hyderabad,5,No,No
EMP03148,Nachiket Devan,Female,34,Finance,Analyst,BCA,12,96188.0,2024-10-20,Chennai,3,No,No
EMP03149,Barkha Dhar,Female,40,HR,Manager,M.Tech,16,71288.0,2023-06-24,Pune,5,Yes,No
EMP03150,Lakshit Kohli,Female,46,HR,Analyst,BCA,12,38485.0,2022-03-25,Chennai,4,Yes,No
EMP03151,Joshua Lal,Male,41,Marketing,Senior Analyst,MCA,12,63533.0,2024-11-27,Chennai,5,No,Yes
EMP03152,Rishi Cherian,Female,46,Finance,Senior Analyst,MBA,20,51025.0,2025-12-27,Chennai,3,Yes,No
EMP03153,Umang Chahal,Female,30,HR,Senior Analyst,BCA,2,53850.0,2018-01-02,Hyderabad,3,Yes,No
EMP03154,Yochana Loyal,Female,46,Sales,Analyst,BCA,5,56617.0,2021-06-16,Mumbai,3,No,No
EMP03155,Neelima Banerjee,Male,45,Marketing,Analyst,MCA,12,39097.0,2024-06-14,Hyderabad,1,No,No
EMP03156,Wriddhish Parmar,Male,29,HR,Team Lead,MCA,10,43055.0,2023-09-13,Chennai,1,No,No
EMP03157,Harrison Patel,Male,37,Marketing,Senior Analyst,B.Tech,19,50069.0,2021-02-10,Bangalore,1,Yes,No
EMP03158,Yatan Dua,Male,28,HR,Team Lead,BCA,18,47751.0,2023-03-18,Pune,1,No,No
EMP03159,Urmi Pillay,Male,51,Marketing,Manager,M.Tech,7,52382.0,2024-01-29,Mumbai,2,No,No
EMP03160,Vivaan Prabhu,Female,55,IT,Senior Analyst,B.Tech,4,62670.0,2024-01-30,Bangalore,2,No,No
EMP03161,Nathaniel Rau,Male,54,Marketing,Analyst,BCA,18,79659.0,2020-06-03,Bangalore,5,No,No
EMP03162,Ekaraj Rajagopalan,Female,51,HR,Manager,B.Tech,9,40657.0,2017-03-24,Pune,3,No,No
EMP03163,Brinda Bala,Female,35,Finance,Team Lead,M.Tech,9,90459.0,2017-04-18,Mumbai,5,Yes,No
EMP03164,Forum Sheth,Female,40,HR,Senior Analyst,B.Tech,15,71056.0,2022-09-01,Pune,2,No,No
EMP03165,Faqid Mammen,Male,57,IT,Analyst,MCA,2,111071.0,2021-03-09,Bangalore,2,No,No
EMP03166,Priya Mander,Male,54,Sales,Manager,B.Tech,11,60199.0,2018-08-14,Bangalore,3,No,No
EMP03167,Januja Garde,Female,24,Finance,Senior Analyst,M.Tech,15,102035.0,2018-10-24,Mumbai,4,No,No
EMP03168,Yadavi Chaudhari,Male,25,Sales,Manager,MCA,16,88555.0,2024-04-02,Hyderabad,1,Yes,Yes
EMP03169,Anika Palla,Male,45,Finance,Senior Analyst,MBA,17,92173.0,2016-12-06,Hyderabad,1,Yes,No
EMP03170,Arjun Zachariah,Female,36,Finance,Analyst,BCA,9,55774.0,2024-10-26,Bangalore,4,Yes,No
EMP03171,Rishi Dube,Female,41,Sales,Team Lead,MBA,9,76592.0,2025-08-15,Pune,3,Yes,Yes
EMP03172,Sanaya Swamy,Female,28,HR,Analyst,MCA,2,69004.0,2023-04-24,Hyderabad,2,Yes,No
EMP03173,Panini Mani,Female,51,Sales,Analyst,BCA,18,89103.0,2019-01-02,Bangalore,1,Yes,Yes
EMP03174,Harsh Pal,Female,45,Sales,Team Lead,M.Tech,7,68599.0,2020-01-15,Chennai,1,Yes,No
EMP03175,Daksh Yadav,Male,29,Finance,Team Lead,M.Tech,16,97883.0,2022-08-24,Mumbai,2,No,Yes
EMP03176,Sneha Mitra,Male,54,Marketing,Senior Analyst,MBA,8,49244.0,2022-11-17,Pune,5,Yes,No
EMP03177,Chandani Srinivasan,Male,36,HR,Team Lead,MCA,6,37702.0,2021-03-24,Mumbai,1,No,No
EMP03178,Qasim Sundaram,Male,41,IT,Senior Analyst,MBA,9,109043.0,2020-10-28,Mumbai,4,No,No
EMP03179,Advay Grover,Female,23,Finance,Senior Analyst,MBA,15,110060.0,2026-07-28,Chennai,4,No,No
EMP03180,Aarav Natarajan,Female,46,Finance,Senior Analyst,B.Tech,0,45489.0,2023-02-04,Mumbai,2,Yes,No
EMP03181,Kavya Vyas,Male,54,HR,Manager,M.Tech,20,65308.0,2016-09-14,Hyderabad,4,No,No
EMP03182,Zashil Maharaj,Male,60,Finance,Senior Analyst,B.Tech,4,100923.0,2020-05-22,Bangalore,3,No,No
EMP03183,Ranveer Char,Male,47,Marketing,Manager,MBA,13,72350.0,2022-05-07,Bangalore,3,No,No
EMP03184,Ikbal Nazareth,Female,35,HR,Team Lead,M.Tech,3,41908.0,2018-12-13,Pune,5,Yes,No
EMP03185,Xavier Lad,Female,44,IT,Analyst,B.Tech,16,136222.0,2021-02-22,Pune,2,Yes,No
EMP03186,Gaurika Wason,Male,52,IT,Analyst,MCA,12,148220.0,2020-08-01,Mumbai,2,No,No
EMP03187,Madhavi Shenoy,Female,43,Sales,Team Lead,MCA,20,99340.0,2019-04-10,Mumbai,3,No,Yes
EMP03188,Pooja Batta,Male,28,HR,Senior Analyst,MBA,2,70806.0,2021-11-23,Hyderabad,4,No,No
EMP03189,Amaira Suri,Female,49,Marketing,Manager,MBA,15,46617.0,2023-12-31,Chennai,3,Yes,No
EMP03190,Urmi Mishra,Female,27,Sales,Manager,MCA,17,85724.0,2018-05-14,Mumbai,1,No,Yes
EMP03191,Zayyan Mohan,Female,33,HR,Manager,MBA,17,31539.0,2022-06-21,Hyderabad,2,Yes,No
EMP03192,Vyanjana Merchant,Female,47,Marketing,Analyst,MCA,19,35851.0,2023-03-23,Bangalore,1,Yes,No
EMP03193,Nandini Vora,Female,41,IT,Analyst,MCA,2,79352.0,2024-06-10,Pune,2,Yes,No
EMP03194,Gautam Minhas,Male,38,Finance,Analyst,BCA,8,110456.0,2022-04-17,Bangalore,5,No,No
EMP03195,Naveen Dubey,Male,41,IT,Analyst,MCA,12,82779.0,2020-12-27,Chennai,2,Yes,No
EMP03196,Kavya Patla,Male,46,Finance,Manager,B.Tech,14,94924.0,2023-02-22,Bangalore,5,No,No
EMP03197,Varsha Ganesan,Female,33,IT,Manager,MCA,1,73753.0,2020-10-21,Hyderabad,2,Yes,No
EMP03198,Omaja Korpal,Female,32,Sales,Team Lead,MCA,16,80718.0,2020-07-15,Mumbai,4,Yes,No
EMP03199,Sachi Varughese,Male,53,Sales,Manager,BCA,11,88186.0,2023-02-05,Bangalore,1,No,No
EMP03200,Oscar Salvi,Female,53,Sales,Senior Analyst,B.Tech,19,42566.0,2020-03-09,Chennai,1,No,No
EMP03201,Yadavi Nori,Female,26,Marketing,Analyst,M.Tech,10,61627.0,2016-11-16,Pune,5,No,No
EMP03202,Harshil Golla,Female,59,HR,Team Lead,B.Tech,11,62830.0,2018-08-19,Hyderabad,4,No,No
EMP03203,Qarin Kuruvilla,Male,31,Sales,Manager,MBA,15,36692.0,2016-09-12,Chennai,4,No,Yes
EMP03204,Chavvi Jhaveri,Female,43,Marketing,Manager,MBA,12,87984.0,2016-08-06,Chennai,5,No,No
EMP03205,Chanchal Deshpande,Male,44,Marketing,Team Lead,B.Tech,20,52372.0,2018-10-21,Pune,4,No,No
EMP03206,Tripti Chandran,Male,38,Sales,Analyst,MCA,20,34728.0,2024-12-04,Hyderabad,4,No,No
EMP03207,Zashil Bhardwaj,Female,55,HR,Manager,MCA,19,72431.0,2024-05-19,Hyderabad,5,No,Yes
EMP03208,Yahvi Balay,Female,39,Sales,Analyst,MBA,0,61067.0,2022-02-23,Mumbai,1,No,No
EMP03209,Ekaraj Panchal,Female,47,HR,Senior Analyst,B.Tech,17,44150.0,2023-01-08,Mumbai,1,Yes,No
EMP03210,Ishwar Chopra,Male,39,Finance,Analyst,MBA,19,94777.0,2021-02-03,Hyderabad,4,Yes,No
EMP03211,Ubika Sami,Female,35,IT,Senior Analyst,MCA,8,61450.0,2017-06-15,Bangalore,3,Yes,No
EMP03212,Zayyan Soman,Male,56,IT,Manager,M.Tech,4,103426.0,2026-05-15,Chennai,2,Yes,No
EMP03213,Manthan Nath,Female,39,Sales,Manager,MBA,12,91247.0,2023-11-30,Bangalore,2,Yes,No
EMP03214,Aachal Muni,Female,38,HR,Analyst,MCA,15,42882.0,2024-05-23,Mumbai,2,Yes,No
EMP03215,Isha Rao,Male,27,Marketing,Analyst,B.Tech,9,88619.0,2024-07-15,Chennai,4,Yes,No
EMP03216,Yadavi Dugar,Female,29,Finance,Manager,MCA,17,59440.0,2021-04-28,Mumbai,3,No,No
EMP03217,Harini Kala,Male,37,Finance,Analyst,MBA,18,106516.0,2026-06-09,Bangalore,3,No,No
EMP03218,Joshua Sodhi,Female,39,HR,Manager,M.Tech,10,59306.0,2020-06-19,Mumbai,2,No,No
EMP03219,Orinder Sodhi,Male,48,IT,Analyst,B.Tech,11,137645.0,2018-06-13,Chennai,1,No,No
EMP03220,Chaaya Singh,Female,25,Marketing,Manager,BCA,15,56896.0,2022-10-02,Mumbai,1,Yes,No
EMP03221,Yoshita Roy,Female,28,Marketing,Senior Analyst,M.Tech,5,50673.0,2023-01-31,Bangalore,2,Yes,No
EMP03222,Hardik Chada,Female,28,Finance,Senior Analyst,B.Tech,14,78233.0,2020-04-14,Chennai,4,No,No
EMP03223,Anya Agrawal,Male,53,IT,Analyst,BCA,10,140888.0,2024-09-21,Chennai,3,Yes,No
EMP03224,Timothy Sura,Male,51,IT,Senior Analyst,M.Tech,13,85039.0,2020-01-04,Pune,4,No,Yes
EMP03225,Frado Sarkar,Female,55,Marketing,Team Lead,MBA,6,87791.0,2023-10-14,Hyderabad,4,No,Yes
EMP03226,Anay Chad,Male,52,Sales,Senior Analyst,M.Tech,0,68149.0,2020-10-18,Bangalore,5,Yes,No
EMP03227,Sanya Prabhu,Male,46,HR,Team Lead,B.Tech,3,59601.0,2017-04-02,Bangalore,4,No,No
EMP03228,Veer Muni,Female,38,Marketing,Team Lead,BCA,10,83897.0,2025-04-06,Mumbai,5,No,No
EMP03229,Upadhriti Borra,Male,24,Marketing,Manager,MCA,6,36569.0,2020-10-15,Chennai,1,No,No
EMP03230,Shivani Tank,Male,29,HR,Team Lead,B.Tech,13,70587.0,2022-09-05,Hyderabad,1,Yes,No
EMP03231,Xiti Sengupta,Female,34,Marketing,Senior Analyst,BCA,19,78148.0,2023-02-24,Mumbai,2,Yes,No
EMP03232,Sudiksha Bassi,Male,37,Sales,Analyst,MBA,12,76219.0,2017-12-07,Mumbai,5,Yes,No
EMP03233,Omkaar Shenoy,Female,35,Sales,Senior Analyst,BCA,8,37880.0,2022-08-24,Bangalore,2,No,No
EMP03234,Anjali Goyal,Female,22,HR,Analyst,MCA,2,66597.0,2021-12-13,Hyderabad,2,Yes,No
EMP03235,Panini Rau,Female,55,Marketing,Senior Analyst,BCA,4,80860.0,2020-03-27,Pune,5,Yes,Yes
EMP03236,Gaurika Desai,Male,44,IT,Team Lead,M.Tech,18,81131.0,2016-12-04,Pune,4,Yes,No
EMP03237,Ekbal Swaminathan,Female,60,Marketing,Manager,B.Tech,11,64062.0,2017-03-07,Mumbai,5,Yes,No
EMP03238,Yochana Dewan,Male,45,Sales,Analyst,M.Tech,10,72915.0,2022-12-29,Hyderabad,4,Yes,No
EMP03239,Manan Kala,Female,30,HR,Team Lead,BCA,16,39049.0,2025-12-09,Mumbai,3,Yes,No
EMP03240,Balendra Lad,Male,43,Sales,Team Lead,M.Tech,11,91215.0,2020-03-21,Bangalore,2,Yes,No
EMP03241,Hredhaan Kalla,Female,41,Marketing,Team Lead,M.Tech,3,72695.0,2020-02-08,Chennai,4,Yes,No
EMP03242,Leela Nazareth,Female,59,Sales,Analyst,MCA,0,68557.0,2020-10-09,Bangalore,5,Yes,No
EMP03243,Kalpit Natarajan,Male,37,Sales,Team Lead,BCA,9,83375.0,2019-07-05,Chennai,4,No,No
EMP03244,Jeet Desai,Female,54,Sales,Analyst,BCA,11,57568.0,2022-09-20,Mumbai,2,Yes,No
EMP03245,Zayan Balay,Female,53,Finance,Manager,MCA,14,88219.0,2024-11-18,Pune,5,Yes,No
EMP03246,Advay Vyas,Female,31,Sales,Team Lead,M.Tech,9,45397.0,2026-02-20,Hyderabad,4,No,Yes
EMP03247,Ekanta Sandal,Female,43,Marketing,Team Lead,M.Tech,1,36115.0,2020-12-04,Pune,5,No,No
EMP03248,Fitan Keer,Male,49,Marketing,Manager,B.Tech,13,65267.0,2016-10-17,Hyderabad,5,No,No
EMP03249,Chaman Bajaj,Female,59,Finance,Senior Analyst,MCA,15,60389.0,2020-12-19,Bangalore,2,No,No
EMP03250,Tara Sama,Male,46,Finance,Team Lead,BCA,14,79538.0,2026-06-25,Hyderabad,2,No,No
EMP03251,Pallavi Choudhry,Male,40,HR,Team Lead,BCA,15,56037.0,2023-09-11,Hyderabad,3,Yes,No
EMP03252,Frado Bhattacharyya,Female,45,Finance,Team Lead,M.Tech,20,51478.0,2018-03-03,Hyderabad,3,No,Yes
EMP03253,Chaitaly Singhal,Female,49,Sales,Senior Analyst,BCA,19,74067.0,2026-05-03,Chennai,5,Yes,No
EMP03254,Harish Loke,Female,48,HR,Analyst,M.Tech,11,73124.0,2021-07-10,Mumbai,3,Yes,No
EMP03255,Meghana Lalla,Female,25,Sales,Team Lead,B.Tech,18,42013.0,2019-02-17,Bangalore,4,Yes,Yes
EMP03256,Joshua Bhatt,Male,27,Sales,Manager,M.Tech,10,91806.0,2017-10-01,Hyderabad,2,No,No
EMP03257,Saumya Raman,Male,26,Marketing,Manager,BCA,12,38029.0,2022-11-15,Mumbai,5,No,No
EMP03258,Vinaya Dhar,Male,60,IT,Analyst,BCA,2,54379.0,2021-02-14,Bangalore,3,Yes,No
EMP03259,Jack Guha,Male,24,HR,Senior Analyst,B.Tech,1,40601.0,2018-06-20,Hyderabad,5,No,No
EMP03260,Jagvi Amble,Male,37,HR,Manager,M.Tech,15,68498.0,2026-05-08,Hyderabad,1,Yes,Yes
EMP03261,Upma Krishna,Female,55,Marketing,Analyst,MBA,9,53568.0,2022-11-24,Chennai,4,No,No
EMP03262,Qabil Kumer,Male,41,HR,Analyst,B.Tech,8,38854.0,2020-03-03,Pune,2,No,No
EMP03263,Veer Dutta,Female,41,Finance,Team Lead,BCA,9,108010.0,2020-07-26,Pune,4,Yes,No
EMP03264,Forum Kurian,Female,37,HR,Manager,M.Tech,15,69273.0,2017-11-15,Pune,5,Yes,No
EMP03265,Gaurika Borah,Female,39,Marketing,Senior Analyst,MCA,15,64073.0,2016-10-21,Chennai,5,No,No
EMP03266,Aahana Prashad,Male,58,IT,Team Lead,B.Tech,9,83717.0,2017-10-14,Bangalore,3,No,No
EMP03267,Xalak Aurora,Male,39,Finance,Analyst,B.Tech,12,85757.0,2025-02-08,Chennai,5,Yes,No
EMP03268,Guneet Kata,Female,46,Marketing,Manager,M.Tech,18,87769.0,2024-09-21,Bangalore,1,Yes,No
EMP03269,Ati Bala,Male,39,HR,Manager,M.Tech,18,39561.0,2024-05-15,Chennai,2,Yes,No
EMP03270,Kiaan Saran,Female,57,IT,Team Lead,BCA,7,111303.0,2024-03-17,Chennai,1,Yes,No
EMP03271,Gaurang Kurian,Female,53,Marketing,Senior Analyst,BCA,13,67239.0,2018-08-15,Pune,3,No,No
EMP03272,Mugdha Sahni,Female,50,Marketing,Manager,MCA,12,79989.0,2023-07-17,Chennai,5,No,No
EMP03273,Liam Oak,Female,26,Marketing,Senior Analyst,MBA,0,38546.0,2026-08-05,Chennai,4,No,No
EMP03274,Bhavika Kohli,Female,36,Sales,Senior Analyst,MBA,19,64598.0,2017-06-18,Bangalore,3,No,No
EMP03275,Urvashi Setty,Female,38,IT,Senior Analyst,BCA,8,106936.0,2022-12-13,Bangalore,3,Yes,No
EMP03276,Udyati Mittal,Female,28,IT,Team Lead,B.Tech,16,106530.0,2024-03-22,Bangalore,2,No,No
EMP03277,Abhimanyu Guha,Female,23,IT,Team Lead,MBA,20,125292.0,2024-04-10,Pune,1,Yes,Yes
EMP03278,Aashi Krishnamurthy,Male,38,HR,Senior Analyst,B.Tech,10,65869.0,2017-11-24,Hyderabad,5,No,No
EMP03279,Amruta Bhasin,Female,59,Finance,Analyst,MCA,13,71845.0,2026-05-23,Hyderabad,2,Yes,No
EMP03280,Ranveer Toor,Male,53,Marketing,Analyst,BCA,3,35102.0,2018-08-28,Pune,2,Yes,No
EMP03281,Daksh Raman,Female,40,Marketing,Manager,MCA,2,69651.0,2024-10-25,Mumbai,5,Yes,No
EMP03282,Timothy Acharya,Male,44,Sales,Manager,BCA,4,92007.0,2022-07-12,Bangalore,3,Yes,Yes
EMP03283,Mohini Kuruvilla,Male,52,Sales,Manager,MCA,16,55393.0,2024-07-14,Bangalore,2,Yes,Yes
EMP03284,Anirudh Chaudhary,Male,30,Finance,Analyst,MBA,2,46420.0,2026-07-29,Mumbai,5,No,No
EMP03285,Ishita Wason,Male,40,Sales,Manager,B.Tech,10,56367.0,2024-09-07,Hyderabad,1,No,No
EMP03286,Suhani Bedi,Female,37,HR,Analyst,B.Tech,2,69950.0,2017-05-25,Chennai,4,No,No
EMP03287,Faras Gala,Male,47,Sales,Analyst,MBA,12,35666.0,2020-05-10,Pune,3,Yes,Yes
EMP03288,Abeer Yogi,Female,43,Finance,Senior Analyst,MBA,4,77839.0,2018-07-19,Chennai,2,Yes,No
EMP03289,Sara Dave,Male,31,HR,Manager,MCA,12,71225.0,2017-06-24,Bangalore,1,Yes,No
EMP03290,Varsha Dugar,Male,42,Sales,Manager,BCA,13,93888.0,2021-07-09,Bangalore,2,Yes,Yes
EMP03291,Kalpit Master,Male,33,Marketing,Senior Analyst,MCA,2,60104.0,2025-11-10,Hyderabad,5,Yes,No
EMP03292,Rachita Sibal,Female,55,HR,Team Lead,M.Tech,0,71264.0,2025-10-15,Pune,1,No,No
EMP03293,Wridesh Bhatti,Female,34,Sales,Senior Analyst,BCA,15,37348.0,2026-05-15,Mumbai,2,Yes,No
EMP03294,Rajeshri Samra,Female,48,HR,Team Lead,MCA,8,41576.0,2016-10-14,Bangalore,5,Yes,No
EMP03295,Baghyawati Hegde,Male,42,HR,Team Lead,M.Tech,1,49961.0,2025-11-30,Mumbai,1,No,Yes
EMP03296,Ekansh Mahajan,Female,47,IT,Team Lead,B.Tech,1,129533.0,2025-05-24,Hyderabad,4,Yes,No
EMP03297,Aarini Sarraf,Female,41,HR,Senior Analyst,MBA,0,50690.0,2022-04-22,Bangalore,1,No,No
EMP03298,Yahvi Char,Female,24,IT,Senior Analyst,BCA,12,84543.0,2023-06-29,Chennai,1,No,No
EMP03299,Wyatt Bumb,Female,32,Finance,Senior Analyst,B.Tech,1,59590.0,2018-08-21,Mumbai,4,Yes,No
EMP03300,Baljiwan Nanda,Male,51,Finance,Manager,M.Tech,20,115657.0,2024-06-14,Chennai,3,Yes,No
EMP03301,Nilima Choudhury,Male,58,Sales,Senior Analyst,BCA,19,42372.0,2017-05-26,Bangalore,1,No,No
EMP03302,Anthony Rao,Male,37,Sales,Analyst,MBA,18,41005.0,2023-10-02,Mumbai,2,No,No
EMP03303,Quincy Sachdev,Female,41,Sales,Analyst,MBA,20,95479.0,2017-10-05,Pune,3,No,Yes
EMP03304,Widisha Kadakia,Female,51,HR,Analyst,MBA,10,67416.0,2017-08-15,Chennai,3,Yes,No
EMP03305,Harini Kumer,Male,52,Marketing,Team Lead,MBA,8,60687.0,2025-07-06,Hyderabad,2,No,No
EMP03306,Pranav Sha,Female,23,IT,Senior Analyst,MBA,18,136722.0,2025-09-11,Bangalore,1,No,No
EMP03307,Reva Merchant,Male,49,Marketing,Analyst,M.Tech,0,83464.0,2021-12-06,Bangalore,5,No,No
EMP03308,Bhavini Sane,Female,25,Marketing,Analyst,B.Tech,0,88384.0,2020-06-19,Hyderabad,4,No,No
EMP03309,Zarna Bassi,Female,51,HR,Manager,MBA,16,31580.0,2017-04-21,Bangalore,1,No,No
EMP03310,Pallavi Ghose,Male,28,Marketing,Analyst,M.Tech,14,43790.0,2019-08-26,Pune,4,No,No
EMP03311,Noah Din,Female,34,Sales,Team Lead,M.Tech,13,33692.0,2023-01-22,Pune,4,Yes,No
EMP03312,Chatura Kota,Male,35,Marketing,Team Lead,MBA,5,44784.0,2018-09-14,Hyderabad,5,No,Yes
EMP03313,Omkaar Balakrishnan,Male,53,Sales,Team Lead,BCA,16,52899.0,2018-01-07,Chennai,4,No,No
EMP03314,Charvi Devan,Female,56,Marketing,Analyst,M.Tech,13,76875.0,2020-03-11,Hyderabad,1,No,No
EMP03315,Prisha Dani,Female,53,Finance,Manager,M.Tech,8,111793.0,2026-03-22,Hyderabad,3,No,No
EMP03316,Tanveer Bobal,Female,46,Marketing,Manager,BCA,9,49166.0,2017-01-09,Hyderabad,3,Yes,No
EMP03317,Sanya Khatri,Female,38,IT,Manager,M.Tech,2,130168.0,2019-09-27,Bangalore,2,No,No
EMP03318,Yamini Kant,Male,35,Finance,Team Lead,B.Tech,3,56671.0,2022-06-04,Bangalore,2,Yes,No
EMP03319,Baljiwan Purohit,Male,42,HR,Manager,M.Tech,17,61351.0,2024-12-02,Hyderabad,5,No,No
EMP03320,Yahvi Sengupta,Female,33,Sales,Manager,B.Tech,7,60857.0,2023-08-21,Bangalore,2,No,No
EMP03321,Harita Pingle,Male,29,Marketing,Senior Analyst,M.Tech,15,51618.0,2017-03-26,Hyderabad,4,Yes,No
EMP03322,Upkaar Tank,Male,30,Sales,Senior Analyst,M.Tech,11,46019.0,2025-07-17,Hyderabad,1,No,No
EMP03323,Madhav Bhalla,Male,37,Finance,Team Lead,MBA,16,101557.0,2017-12-26,Pune,1,No,No
EMP03324,Advay Kari,Male,51,Sales,Team Lead,B.Tech,15,94873.0,2018-06-11,Bangalore,2,No,No
EMP03325,Tanay Mishra,Female,37,HR,Analyst,BCA,9,71991.0,2022-06-16,Pune,4,No,No
EMP03326,Ryan Kanda,Female,32,IT,Analyst,M.Tech,18,68444.0,2022-04-09,Pune,5,Yes,No
EMP03327,Warjas Shan,Female,50,HR,Team Lead,MBA,12,68766.0,2017-06-20,Hyderabad,5,No,No
EMP03328,Baghyawati Rattan,Female,51,HR,Analyst,M.Tech,6,67789.0,2025-12-28,Mumbai,3,No,No
EMP03329,Krish Comar,Male,59,IT,Team Lead,MCA,12,125055.0,2024-02-14,Bangalore,1,Yes,No
EMP03330,Pallavi Chaudhari,Female,38,IT,Senior Analyst,MCA,9,69124.0,2022-05-23,Pune,5,Yes,No
EMP03331,Fariq Amble,Male,54,IT,Manager,M.Tech,0,63999.0,2025-10-23,Mumbai,1,Yes,No
EMP03332,Bahadurjit Morar,Female,42,HR,Senior Analyst,M.Tech,20,68418.0,2023-04-28,Pune,5,Yes,No
EMP03333,Yashvi Pingle,Male,34,IT,Team Lead,MBA,2,92591.0,2025-10-16,Pune,4,Yes,No
EMP03334,Yagnesh Patla,Male,46,IT,Senior Analyst,MCA,13,87524.0,2026-04-28,Pune,3,No,No
EMP03335,Champak Vohra,Male,36,Finance,Team Lead,MCA,5,45425.0,2022-12-03,Chennai,5,Yes,No
EMP03336,Ikshita Saha,Female,27,HR,Manager,B.Tech,7,67330.0,2020-02-11,Pune,2,No,No
EMP03337,Harish Sabharwal,Female,38,Finance,Manager,BCA,12,53134.0,2017-09-21,Bangalore,4,Yes,No
EMP03338,Falan Parsa,Male,25,HR,Manager,M.Tech,18,64438.0,2021-10-24,Pune,1,No,No
EMP03339,Oeshi Saha,Male,33,HR,Analyst,B.Tech,10,38746.0,2017-01-02,Hyderabad,3,Yes,Yes
EMP03340,Indali Sami,Male,60,Finance,Team Lead,MBA,10,97344.0,2025-03-05,Pune,1,No,Yes
EMP03341,Victor Parekh,Male,49,Sales,Manager,MCA,3,55132.0,2019-12-07,Bangalore,2,No,No
EMP03342,Ethan Ram,Female,57,Marketing,Analyst,MBA,2,56544.0,2017-03-25,Mumbai,1,No,No
EMP03343,Krish Seshadri,Female,33,Finance,Team Lead,M.Tech,17,67339.0,2019-08-15,Hyderabad,2,Yes,No
EMP03344,Zarna Babu,Female,32,Marketing,Team Lead,M.Tech,3,77147.0,2020-03-20,Bangalore,3,Yes,No
EMP03345,Avi Rana,Female,47,Sales,Senior Analyst,M.Tech,0,41021.0,2022-11-29,Bangalore,3,Yes,No
EMP03346,Eesha Salvi,Male,32,Finance,Analyst,BCA,10,65163.0,2025-08-14,Chennai,3,Yes,Yes
EMP03347,Theodore Subramaniam,Female,41,HR,Manager,M.Tech,1,70585.0,2024-01-28,Mumbai,5,No,No
EMP03348,Reyansh Butala,Male,51,Finance,Senior Analyst,M.Tech,11,83967.0,2019-07-30,Bangalore,2,No,No
EMP03349,Nitara Kara,Female,39,Finance,Analyst,MCA,10,58340.0,2019-11-24,Hyderabad,2,Yes,No
EMP03350,Waida Suri,Male,34,Marketing,Analyst,M.Tech,20,36667.0,2025-08-26,Pune,2,Yes,No
EMP03351,Samarth Rajan,Male,37,IT,Team Lead,B.Tech,11,102775.0,2021-10-13,Mumbai,3,Yes,No
EMP03352,Leena Cherian,Female,47,HR,Senior Analyst,MBA,4,77613.0,2018-04-07,Chennai,1,Yes,No
EMP03353,Oscar Ramaswamy,Female,32,HR,Senior Analyst,M.Tech,0,39138.0,2017-08-17,Chennai,4,Yes,No
EMP03354,Zayyan Ramesh,Male,34,Finance,Manager,MBA,15,95445.0,2023-09-18,Chennai,4,No,Yes
EMP03355,Girindra Chhabra,Female,53,IT,Senior Analyst,BCA,17,141855.0,2018-05-12,Bangalore,4,No,No
EMP03356,Hiral Walia,Male,35,HR,Analyst,MCA,9,75098.0,2023-06-19,Bangalore,1,No,Yes
EMP03357,Zashil Pandit,Male,44,HR,Team Lead,B.Tech,9,60274.0,2025-02-18,Chennai,3,No,No
EMP03358,Rachit Bansal,Male,59,IT,Senior Analyst,MBA,13,147640.0,2019-02-06,Chennai,2,No,No
EMP03359,Andrew Baral,Male,54,HR,Senior Analyst,MBA,7,66408.0,2026-05-24,Hyderabad,2,No,No
EMP03360,Aarnav Verma,Female,24,Marketing,Team Lead,B.Tech,20,62949.0,2020-09-03,Hyderabad,3,No,No
EMP03361,Onveer Doctor,Female,59,HR,Senior Analyst,BCA,2,64148.0,2025-09-27,Bangalore,4,Yes,No
EMP03362,Onveer Mitter,Female,51,IT,Analyst,MCA,20,75056.0,2016-11-23,Bangalore,4,Yes,No
EMP03363,Yauvani Ahuja,Female,58,Finance,Team Lead,M.Tech,15,94146.0,2022-08-22,Mumbai,5,No,Yes
EMP03364,Garima Sant,Female,48,HR,Senior Analyst,BCA,11,59888.0,2020-02-24,Hyderabad,5,Yes,No
EMP03365,Zansi Tripathi,Female,57,Sales,Team Lead,MCA,18,76976.0,2020-11-24,Pune,2,Yes,Yes
EMP03366,Gaurika Wable,Male,34,Sales,Analyst,MCA,18,73622.0,2019-01-16,Mumbai,1,No,No
EMP03367,Kavya Kata,Female,29,Sales,Analyst,BCA,3,84194.0,2021-12-03,Mumbai,4,No,No
EMP03368,Upasna Savant,Female,36,Sales,Manager,MCA,10,44058.0,2016-11-18,Mumbai,1,No,No
EMP03369,Anirudh Bose,Female,31,IT,Senior Analyst,B.Tech,8,58504.0,2026-02-23,Pune,2,No,No
EMP03370,Diya Sha,Male,34,Finance,Senior Analyst,B.Tech,16,106095.0,2019-02-23,Mumbai,1,Yes,No
EMP03371,Devika Cheema,Male,44,Marketing,Team Lead,MBA,2,63924.0,2024-01-11,Pune,2,Yes,Yes
EMP03372,Faris Sathe,Female,37,IT,Manager,B.Tech,5,107833.0,2023-05-28,Bangalore,1,No,No
EMP03373,Ekiya Babu,Male,23,Marketing,Manager,B.Tech,6,50637.0,2018-01-28,Hyderabad,1,No,No
EMP03374,Chatura Chhabra,Male,23,Sales,Senior Analyst,M.Tech,18,64002.0,2024-06-09,Bangalore,5,Yes,No
EMP03375,Zayyan Rao,Female,27,HR,Analyst,BCA,13,49519.0,2018-03-29,Hyderabad,1,Yes,No
EMP03376,Vinaya Om,Male,50,Sales,Analyst,B.Tech,2,63138.0,2022-01-18,Mumbai,3,No,Yes
EMP03377,Ria Goyal,Female,34,IT,Senior Analyst,BCA,13,133153.0,2024-02-17,Pune,5,No,No
EMP03378,Bishakha Palla,Male,39,IT,Senior Analyst,MCA,6,137128.0,2021-07-05,Chennai,3,Yes,No
EMP03379,Advaith Chokshi,Male,48,HR,Team Lead,BCA,9,50017.0,2022-04-10,Bangalore,1,No,No
EMP03380,George Tiwari,Female,29,Finance,Senior Analyst,BCA,0,53603.0,2019-07-18,Hyderabad,3,No,Yes
EMP03381,Nakul Atwal,Female,31,Sales,Senior Analyst,B.Tech,14,69775.0,2025-01-28,Mumbai,3,No,Yes
EMP03382,Jack Chopra,Male,55,Finance,Manager,M.Tech,4,56152.0,2019-11-26,Chennai,4,No,No
EMP03383,Yachana Balay,Male,54,Finance,Manager,MBA,14,93636.0,2017-01-20,Bangalore,2,Yes,No
EMP03384,Falak Das,Male,51,Marketing,Senior Analyst,BCA,17,40506.0,2018-04-28,Pune,5,No,No
EMP03385,Aadi Sawhney,Female,42,HR,Team Lead,M.Tech,1,48016.0,2021-04-09,Chennai,5,Yes,No
EMP03386,Urmi Kapadia,Male,53,Finance,Manager,MCA,7,81772.0,2025-08-25,Bangalore,2,Yes,No
EMP03387,Hiral Varughese,Male,58,Sales,Analyst,M.Tech,15,71811.0,2026-07-10,Pune,2,No,No
EMP03388,Hamsini Dyal,Female,60,HR,Senior Analyst,B.Tech,1,53704.0,2025-04-07,Mumbai,2,No,No
EMP03389,Nidhi Khatri,Female,36,IT,Team Lead,MBA,18,91444.0,2020-07-24,Chennai,1,Yes,No
EMP03390,Deepa Roy,Female,34,IT,Manager,M.Tech,14,133215.0,2019-06-18,Pune,2,Yes,Yes
EMP03391,Yashoda Chopra,Male,42,Sales,Team Lead,MCA,11,75644.0,2016-12-08,Bangalore,4,No,No
EMP03392,Harrison Varughese,Male,30,Finance,Analyst,BCA,14,110973.0,2021-05-18,Bangalore,4,Yes,No
EMP03393,Lipika Sarma,Female,53,IT,Analyst,BCA,8,52839.0,2018-03-12,Hyderabad,3,No,No
EMP03394,Lucky Saxena,Male,39,IT,Analyst,BCA,14,98111.0,2025-10-03,Pune,5,No,No
EMP03395,Yutika Vala,Female,39,Finance,Senior Analyst,MBA,15,55724.0,2020-07-20,Hyderabad,3,No,No
EMP03396,Udyati Virk,Female,52,Finance,Analyst,BCA,1,78916.0,2024-06-21,Bangalore,1,No,No
EMP03397,Sai Narayanan,Female,51,Finance,Analyst,MCA,0,75268.0,2026-02-26,Pune,2,Yes,No
EMP03398,Chandresh Saran,Female,49,Finance,Manager,MCA,7,62642.0,2026-06-01,Mumbai,1,Yes,No
EMP03399,Ryan Keer,Male,51,IT,Manager,M.Tech,8,79829.0,2023-01-07,Mumbai,5,Yes,No
EMP03400,Zaitra Cheema,Male,40,Sales,Analyst,BCA,12,51082.0,2017-12-23,Hyderabad,1,Yes,No
EMP03401,Jagdish Zacharia,Male,30,Marketing,Senior Analyst,BCA,13,85318.0,2019-05-13,Pune,3,No,No
EMP03402,Ekaraj Dhillon,Male,51,Sales,Team Lead,M.Tech,3,96860.0,2021-06-07,Bangalore,4,Yes,No
EMP03403,Pushti Sachdeva,Female,39,IT,Senior Analyst,B.Tech,7,85550.0,2022-06-02,Pune,4,No,No
EMP03404,Dalbir Bora,Male,42,Sales,Analyst,B.Tech,0,73332.0,2023-05-21,Hyderabad,1,Yes,No
EMP03405,Dhriti Shere,Male,59,Sales,Analyst,B.Tech,8,44315.0,2021-08-05,Bangalore,4,Yes,No
EMP03406,Aarav Mital,Male,25,Finance,Analyst,MCA,3,77485.0,2018-07-21,Hyderabad,2,Yes,No
EMP03407,Lila Salvi,Female,50,Sales,Senior Analyst,MCA,8,51489.0,2018-11-03,Hyderabad,5,No,No
EMP03408,Chatura Gokhale,Female,28,HR,Team Lead,M.Tech,10,57814.0,2025-06-21,Mumbai,5,No,No
EMP03409,Dominic Kalita,Male,56,Sales,Team Lead,MCA,4,84144.0,2026-01-10,Pune,2,No,No
EMP03410,Tanvi Thaker,Male,45,Sales,Analyst,M.Tech,17,50214.0,2016-08-23,Bangalore,3,No,No
EMP03411,Deepa Butala,Female,57,IT,Team Lead,M.Tech,5,75100.0,2019-11-27,Hyderabad,3,Yes,No
EMP03412,Vrinda Master,Male,54,HR,Analyst,MCA,20,51840.0,2026-05-12,Bangalore,4,No,No
EMP03413,Kashvi Gara,Male,59,IT,Manager,B.Tech,15,143856.0,2023-10-12,Pune,3,No,No
EMP03414,Anmol Borra,Female,53,HR,Manager,MBA,11,41851.0,2023-09-11,Pune,3,No,No
EMP03415,Qabil Sodhi,Male,24,Marketing,Team Lead,MBA,12,52337.0,2020-01-31,Pune,1,Yes,No
EMP03416,Triveni Dixit,Male,46,Finance,Team Lead,M.Tech,0,95663.0,2017-05-05,Chennai,2,No,No
EMP03417,Mitali Gopal,Male,57,Sales,Team Lead,MCA,11,57248.0,2018-11-11,Chennai,1,Yes,No
EMP03418,Krisha Chhabra,Female,23,HR,Manager,B.Tech,3,31450.0,2025-05-03,Pune,3,No,No
EMP03419,Hemangini Jayaraman,Female,25,HR,Senior Analyst,B.Tech,19,58512.0,2025-01-05,Pune,4,Yes,Yes
EMP03420,Mohammed Korpal,Male,45,Finance,Analyst,MBA,18,63785.0,2022-11-06,Pune,2,Yes,No
EMP03421,Tanmayi Bava,Male,36,Finance,Team Lead,B.Tech,1,73522.0,2018-01-12,Mumbai,5,No,No
EMP03422,Ekaraj Natt,Female,31,Sales,Senior Analyst,MBA,4,90283.0,2025-03-08,Bangalore,4,No,No
EMP03423,Ekansh Sangha,Female,60,Marketing,Team Lead,M.Tech,13,82573.0,2023-10-16,Pune,4,Yes,No
EMP03424,Faris Chahal,Male,53,HR,Team Lead,B.Tech,14,77522.0,2017-01-12,Chennai,1,Yes,No
EMP03425,Aishani Singh,Male,32,HR,Senior Analyst,M.Tech,4,74746.0,2020-11-18,Hyderabad,4,Yes,No
EMP03426,Jagvi Dass,Female,23,Finance,Team Lead,BCA,12,58416.0,2022-02-10,Pune,4,No,No
EMP03427,Shivani Zacharia,Female,36,Sales,Analyst,BCA,3,40586.0,2020-12-15,Bangalore,3,Yes,Yes
EMP03428,Jai Jha,Male,24,HR,Manager,MCA,4,64858.0,2025-11-13,Pune,5,No,No
EMP03429,Chandran Hari,Female,48,HR,Manager,MBA,16,77065.0,2021-02-02,Pune,2,Yes,No
EMP03430,Jhalak Dey,Male,36,Marketing,Manager,B.Tech,6,55863.0,2020-03-22,Hyderabad,4,Yes,No
EMP03431,Niharika Das,Male,27,Marketing,Team Lead,BCA,13,85445.0,2018-12-06,Bangalore,1,Yes,No
EMP03432,Aayush Kashyap,Male,26,Finance,Team Lead,B.Tech,0,109188.0,2024-03-31,Pune,5,No,No
EMP03433,Faras Nair,Female,35,Marketing,Manager,BCA,12,86778.0,2018-10-08,Pune,3,No,No
EMP03434,Unnati Uppal,Male,57,HR,Senior Analyst,BCA,3,31726.0,2025-08-06,Mumbai,4,Yes,No
EMP03435,Mitali Bail,Male,36,IT,Manager,MBA,18,97363.0,2021-06-27,Hyderabad,1,Yes,Yes
EMP03436,Yatan Bhandari,Female,27,Marketing,Team Lead,M.Tech,15,47633.0,2016-08-27,Pune,1,Yes,No
EMP03437,Oeshi Puri,Female,56,Finance,Analyst,BCA,11,48512.0,2024-02-27,Mumbai,1,No,No
EMP03438,Brijesh Gokhale,Female,27,HR,Senior Analyst,BCA,5,31803.0,2019-05-23,Mumbai,5,No,No
EMP03439,Shaurya Majumdar,Female,58,Sales,Manager,BCA,5,62153.0,2021-03-22,Hyderabad,2,Yes,No
EMP03440,Eta Gill,Female,44,IT,Analyst,MBA,10,131353.0,2019-07-29,Pune,4,Yes,No
EMP03441,Dayita Keer,Male,49,HR,Analyst,M.Tech,5,42885.0,2021-02-13,Pune,1,No,Yes
EMP03442,Ekavir Bala,Female,29,Sales,Senior Analyst,BCA,0,52190.0,2023-01-02,Bangalore,4,No,No
EMP03443,Aryan Doshi,Female,42,Finance,Team Lead,M.Tech,20,90816.0,2018-09-19,Pune,1,No,No
EMP03444,Hema Uppal,Female,50,Marketing,Senior Analyst,B.Tech,3,54900.0,2025-12-26,Chennai,4,No,No
EMP03445,Shivansh Natt,Female,43,Finance,Analyst,M.Tech,4,103368.0,2024-02-04,Bangalore,3,Yes,No
EMP03446,Banjeet Dhar,Female,42,IT,Analyst,MCA,9,79617.0,2022-08-09,Chennai,2,Yes,No
EMP03447,Dayita Kadakia,Female,60,Finance,Senior Analyst,M.Tech,12,79182.0,2023-05-09,Pune,1,No,No
EMP03448,Urishilla Sehgal,Female,57,Finance,Manager,M.Tech,14,78608.0,2021-12-02,Mumbai,3,No,No
EMP03449,Faraj Sibal,Male,25,Finance,Manager,MBA,8,54879.0,2024-11-29,Chennai,2,No,No
EMP03450,Pranit Swamy,Male,59,Sales,Manager,M.Tech,2,96060.0,2017-07-18,Mumbai,3,Yes,No
EMP03451,Ekaja Narain,Male,39,Finance,Senior Analyst,BCA,15,51866.0,2019-12-19,Chennai,3,No,Yes
EMP03452,Veda Badami,Female,37,Marketing,Manager,M.Tech,16,44648.0,2021-01-19,Bangalore,3,No,No
EMP03453,Jyoti Golla,Male,46,IT,Team Lead,BCA,9,55148.0,2024-09-04,Mumbai,4,No,No
EMP03454,Charita Mani,Male,25,Finance,Senior Analyst,B.Tech,18,68387.0,2022-12-22,Chennai,2,No,No
EMP03455,Ryan Wali,Female,33,Finance,Analyst,B.Tech,3,63478.0,2020-04-07,Hyderabad,1,Yes,No
EMP03456,Chakradhar Raja,Female,59,Marketing,Analyst,MCA,10,65004.0,2025-02-16,Hyderabad,2,No,No
EMP03457,Yadavi Padmanabhan,Male,59,HR,Analyst,MCA,10,55451.0,2025-01-06,Chennai,5,Yes,No
EMP03458,Oni Badami,Male,23,Finance,Senior Analyst,MCA,20,51052.0,2020-06-18,Bangalore,2,No,No
EMP03459,Aarnav Ray,Female,49,Sales,Team Lead,M.Tech,20,54778.0,2020-09-20,Mumbai,4,No,Yes
EMP03460,Praneel Sarna,Male,53,IT,Team Lead,MBA,15,55702.0,2026-07-15,Bangalore,3,Yes,No
EMP03461,Tristan Maharaj,Female,59,HR,Analyst,MBA,14,32056.0,2019-05-17,Pune,3,Yes,No
EMP03462,Gunbir Kalla,Female,37,Finance,Manager,MBA,17,102367.0,2018-10-30,Hyderabad,1,No,Yes
EMP03463,Aarini Lad,Female,38,Finance,Team Lead,M.Tech,15,84459.0,2024-12-05,Chennai,4,Yes,No
EMP03464,Leena Brar,Female,41,Marketing,Analyst,MCA,4,54036.0,2021-08-21,Hyderabad,4,No,No
EMP03465,Lucky Varty,Female,33,HR,Manager,B.Tech,20,34162.0,2025-07-12,Pune,5,Yes,No
EMP03466,Lakshit Bansal,Male,58,IT,Senior Analyst,BCA,20,71106.0,2019-08-27,Pune,5,Yes,No
EMP03467,Charles Chahal,Male,30,IT,Analyst,MCA,14,141576.0,2017-05-28,Pune,5,No,No
EMP03468,Meghana Shetty,Female,26,Sales,Team Lead,MCA,13,89425.0,2022-12-17,Bangalore,4,No,No
EMP03469,Yadavi Sura,Male,58,Finance,Analyst,BCA,0,83889.0,2018-07-10,Chennai,3,No,No
EMP03470,Warjas Raval,Female,47,Finance,Team Lead,MBA,20,97516.0,2023-09-30,Chennai,4,No,No
EMP03471,Faras Edwin,Female,30,Sales,Analyst,M.Tech,15,81648.0,2025-08-08,Pune,2,No,Yes
EMP03472,Maya Walla,Male,53,Sales,Team Lead,BCA,10,72028.0,2017-12-11,Pune,5,No,No
EMP03473,Gaurang Vala,Female,31,Marketing,Manager,MCA,4,73881.0,2022-12-10,Pune,3,Yes,No
EMP03474,Ranbir Hans,Female,24,HR,Manager,M.Tech,0,58254.0,2020-06-24,Hyderabad,5,No,Yes
EMP03475,Shaurya Saraf,Female,24,HR,Analyst,MBA,20,64484.0,2021-11-26,Chennai,2,No,No
EMP03476,Quincy Dani,Male,32,Finance,Analyst,MCA,13,71498.0,2017-10-06,Hyderabad,1,Yes,No
EMP03477,Oeshi Gara,Male,37,IT,Analyst,BCA,17,141265.0,2018-06-08,Bangalore,1,No,No
EMP03478,Chakradhar Iyengar,Female,43,IT,Manager,MCA,12,96352.0,2024-03-25,Pune,2,No,No
EMP03479,Dhriti Iyengar,Male,39,Sales,Senior Analyst,MBA,4,81471.0,2022-02-05,Mumbai,4,No,Yes
EMP03480,Amol Bandi,Male,50,Sales,Senior Analyst,M.Tech,14,98587.0,2020-08-26,Chennai,1,Yes,No
EMP03481,Radha Shetty,Female,37,Sales,Senior Analyst,M.Tech,11,82090.0,2019-06-27,Mumbai,3,No,No
EMP03482,Hamsini Pathak,Male,42,Sales,Manager,BCA,2,90814.0,2024-04-21,Bangalore,5,Yes,No
EMP03483,Girish Nath,Female,52,Finance,Manager,B.Tech,4,79568.0,2026-07-08,Mumbai,2,No,No
EMP03484,Aarush Dhingra,Female,29,Marketing,Manager,M.Tech,9,44003.0,2024-12-18,Chennai,2,No,No
EMP03485,Chandran Roy,Male,30,Finance,Manager,BCA,18,51371.0,2020-04-15,Mumbai,1,No,Yes
EMP03486,Lakshit Saran,Female,32,HR,Analyst,B.Tech,0,42312.0,2020-07-05,Bangalore,3,Yes,No
EMP03487,Lila Srinivasan,Female,46,Marketing,Senior Analyst,MCA,1,76544.0,2019-03-31,Pune,4,Yes,No
EMP03488,Jatin Som,Female,48,HR,Senior Analyst,B.Tech,1,36150.0,2019-03-24,Mumbai,2,No,No
EMP03489,Brijesh Lal,Male,46,IT,Senior Analyst,MCA,16,70402.0,2023-10-21,Hyderabad,5,Yes,No
EMP03490,Pallavi Oza,Female,42,Sales,Team Lead,M.Tech,0,60804.0,2019-08-30,Mumbai,3,Yes,Yes
EMP03491,Vidhi Oommen,Female,55,Sales,Team Lead,B.Tech,5,38033.0,2026-03-11,Pune,1,No,Yes
EMP03492,Liam Vig,Male,37,Sales,Senior Analyst,M.Tech,11,31898.0,2021-10-22,Bangalore,5,No,No
EMP03493,Samaksh Desai,Female,34,IT,Analyst,BCA,4,84733.0,2024-08-05,Mumbai,1,No,No
EMP03494,Brijesh Kamdar,Female,37,Finance,Senior Analyst,MBA,3,118041.0,2022-09-17,Chennai,2,No,No
EMP03495,Pavani Lal,Female,26,Finance,Manager,B.Tech,11,89977.0,2019-03-27,Chennai,3,No,No
EMP03496,Raghav Srinivasan,Male,40,HR,Manager,BCA,10,51003.0,2016-11-03,Hyderabad,4,No,No
EMP03497,Zinal Morar,Male,59,Finance,Senior Analyst,M.Tech,3,89510.0,2020-12-04,Hyderabad,5,No,No
EMP03498,Shravya Choudhry,Male,26,HR,Team Lead,BCA,14,76386.0,2020-06-19,Bangalore,2,No,Yes
EMP03499,Samar Kunda,Female,32,HR,Manager,M.Tech,20,46355.0,2018-01-12,Mumbai,5,No,No
EMP03500,Aarnav Bhatti,Female,34,Marketing,Senior Analyst,M.Tech,5,53875.0,2018-07-20,Bangalore,2,Yes,No
EMP03501,Yauvani Sani,Male,31,HR,Manager,MCA,14,37334.0,2023-01-12,Mumbai,2,No,No
EMP03502,Anya Mittal,Male,27,Sales,Analyst,MBA,14,41473.0,2022-11-01,Hyderabad,2,Yes,No
EMP03503,Unni Verma,Male,22,Finance,Team Lead,MCA,20,87624.0,2024-07-17,Hyderabad,4,No,No
EMP03504,Qadim Choudhry,Male,32,HR,Manager,M.Tech,12,47501.0,2026-07-24,Bangalore,3,Yes,No
EMP03505,Praneel Deshpande,Male,32,HR,Manager,MBA,0,71388.0,2018-01-19,Mumbai,2,No,Yes
EMP03506,Lavanya Hegde,Female,56,HR,Team Lead,MBA,14,63332.0,2025-05-23,Bangalore,1,Yes,Yes
EMP03507,Ekalinga Parsa,Male,22,HR,Analyst,M.Tech,17,79191.0,2022-08-26,Bangalore,1,No,No
EMP03508,Samarth Varghese,Female,52,HR,Manager,MCA,20,39208.0,2021-06-02,Pune,4,No,No
EMP03509,Devika Nagi,Female,51,Marketing,Analyst,B.Tech,13,42903.0,2022-06-04,Pune,3,No,No
EMP03510,Daksh Prabhakar,Female,44,HR,Manager,M.Tech,7,42046.0,2020-11-09,Pune,1,No,No
EMP03511,Zayan Viswanathan,Female,42,Sales,Manager,B.Tech,13,56305.0,2019-09-14,Pune,1,No,No
EMP03512,Unnati Singhal,Female,44,IT,Team Lead,M.Tech,15,101889.0,2020-01-15,Chennai,3,No,No
EMP03513,Omkaar Sidhu,Male,36,IT,Manager,MCA,1,133960.0,2019-11-22,Hyderabad,2,No,No
EMP03514,Yoshita Chopra,Male,22,Sales,Senior Analyst,B.Tech,16,63592.0,2022-08-12,Hyderabad,3,Yes,No
EMP03515,Krisha Chauhan,Female,34,Sales,Manager,B.Tech,10,76285.0,2022-04-23,Hyderabad,4,No,No
EMP03516,Frado Reddy,Male,49,Finance,Team Lead,B.Tech,1,80784.0,2023-08-30,Bangalore,2,No,Yes
EMP03517,Tejas Bala,Female,31,IT,Senior Analyst,M.Tech,17,60155.0,2020-03-25,Mumbai,2,Yes,No
EMP03518,Ayush Ganguly,Male,41,IT,Senior Analyst,M.Tech,19,76255.0,2019-06-08,Hyderabad,2,No,No
EMP03519,Vidhi Dara,Female,58,IT,Manager,B.Tech,2,143886.0,2017-03-25,Mumbai,3,Yes,No
EMP03520,Raagini Tripathi,Male,56,Finance,Manager,M.Tech,13,88046.0,2021-03-22,Hyderabad,3,No,No
EMP03521,Amruta Dutt,Female,54,Finance,Senior Analyst,MCA,14,48151.0,2025-12-26,Pune,4,No,Yes
EMP03522,Panini Mittal,Male,49,Finance,Analyst,M.Tech,12,85449.0,2022-06-20,Pune,2,No,No
EMP03523,Om Kapadia,Male,55,Marketing,Team Lead,MCA,5,79713.0,2017-11-01,Mumbai,2,No,No
EMP03524,Jack Sabharwal,Male,46,Finance,Manager,M.Tech,5,119824.0,2021-12-16,Hyderabad,2,Yes,No
EMP03525,Falak Hayer,Female,48,Sales,Senior Analyst,MBA,14,50819.0,2019-08-21,Bangalore,3,No,No
EMP03526,Ekbal Rout,Female,38,HR,Manager,MBA,6,74038.0,2020-02-11,Chennai,1,Yes,No
EMP03527,Aadi Ramakrishnan,Female,27,Sales,Analyst,MBA,3,69093.0,2025-12-07,Mumbai,4,Yes,No
EMP03528,Irya Shroff,Female,32,Marketing,Team Lead,MCA,17,60304.0,2017-03-12,Mumbai,3,Yes,No
EMP03529,Ishita Baral,Female,27,HR,Manager,M.Tech,20,74291.0,2021-03-02,Pune,4,Yes,No
EMP03530,Wridesh Sha,Male,37,HR,Analyst,M.Tech,9,47896.0,2024-01-03,Hyderabad,5,Yes,Yes
EMP03531,Anvi Jhaveri,Female,52,IT,Manager,M.Tech,12,125930.0,2018-09-23,Bangalore,2,Yes,No
EMP03532,Champak Bobal,Male,27,Finance,Senior Analyst,B.Tech,15,77466.0,2023-12-05,Bangalore,1,No,No
EMP03533,Raagini Bala,Male,23,HR,Analyst,B.Tech,3,62844.0,2020-07-22,Hyderabad,5,Yes,No
EMP03534,Gayathri Bava,Male,37,Sales,Manager,B.Tech,4,58344.0,2021-02-11,Bangalore,3,Yes,Yes
EMP03535,Mitesh Ganesh,Female,24,Marketing,Senior Analyst,B.Tech,17,46628.0,2021-02-07,Bangalore,5,No,Yes
EMP03536,Suhani Sura,Male,44,Finance,Analyst,B.Tech,5,49582.0,2025-05-21,Bangalore,4,No,No
EMP03537,Nilima Kaul,Male,28,Sales,Analyst,MBA,12,31801.0,2026-02-23,Chennai,3,Yes,Yes
EMP03538,Yash Shanker,Female,35,HR,Manager,BCA,9,50244.0,2019-12-02,Pune,1,No,No
EMP03539,Darika Pillay,Male,29,Sales,Manager,BCA,15,69904.0,2022-07-18,Mumbai,4,Yes,No
EMP03540,Bhanumati Trivedi,Male,24,HR,Team Lead,BCA,15,39216.0,2017-01-30,Bangalore,5,Yes,No
EMP03541,Devika Bahri,Male,40,Marketing,Analyst,B.Tech,0,70737.0,2021-06-19,Hyderabad,2,Yes,No
EMP03542,Abha Dixit,Male,33,Finance,Team Lead,BCA,0,48277.0,2019-11-29,Mumbai,2,Yes,No
EMP03543,Teerth Behl,Female,31,Sales,Analyst,B.Tech,5,89096.0,2025-07-08,Bangalore,2,Yes,No
EMP03544,Darpan Memon,Female,32,IT,Senior Analyst,B.Tech,13,111252.0,2025-10-08,Chennai,4,Yes,No
EMP03545,Kritika Issac,Male,29,IT,Manager,MBA,2,102545.0,2018-02-04,Mumbai,4,Yes,No
EMP03546,Idika Date,Female,34,Marketing,Manager,MCA,0,46764.0,2022-05-17,Hyderabad,4,No,No
EMP03547,Gopal Dara,Female,27,HR,Manager,MCA,0,41182.0,2019-06-12,Hyderabad,1,No,No
EMP03548,Tripti Chaudhry,Female,26,IT,Analyst,MCA,11,75871.0,2019-02-22,Bangalore,4,No,Yes
EMP03549,Varsha Rana,Female,32,Sales,Team Lead,MBA,0,99155.0,2020-08-19,Chennai,4,Yes,No
EMP03550,Warhi Lala,Female,53,HR,Analyst,BCA,15,63043.0,2023-04-14,Mumbai,2,Yes,No
EMP03551,Amol Iyer,Male,43,Finance,Senior Analyst,MCA,12,80730.0,2021-12-23,Pune,1,Yes,No
EMP03552,Damini Shukla,Female,37,Finance,Senior Analyst,M.Tech,5,102916.0,2018-02-19,Hyderabad,5,Yes,No
EMP03553,Zayan Barman,Female,28,IT,Analyst,B.Tech,17,80966.0,2021-07-06,Bangalore,2,No,No
EMP03554,Jyoti Bora,Male,26,IT,Analyst,MCA,13,75617.0,2021-11-11,Bangalore,2,No,No
EMP03555,Qadim Sachdeva,Female,39,IT,Manager,BCA,12,91261.0,2017-09-05,Bangalore,4,Yes,Yes
EMP03556,Shaurya Raval,Female,58,Finance,Manager,M.Tech,8,115879.0,2017-06-15,Mumbai,4,Yes,No
EMP03557,Gaurang Kohli,Female,60,IT,Analyst,MCA,5,83373.0,2022-08-03,Pune,5,Yes,No
EMP03558,Ira Kadakia,Male,29,HR,Analyst,MCA,17,73099.0,2021-11-30,Pune,4,No,No
EMP03559,Timothy Shenoy,Male,59,Finance,Team Lead,B.Tech,14,102537.0,2020-04-11,Pune,5,No,No
EMP03560,Harish Chaudhary,Male,28,IT,Manager,MBA,3,113430.0,2023-08-17,Pune,3,Yes,Yes
EMP03561,Kamya Sankar,Male,35,Finance,Analyst,MCA,14,50258.0,2024-01-14,Pune,2,No,No
EMP03562,Shravya Karnik,Male,42,Finance,Senior Analyst,B.Tech,16,66255.0,2016-08-20,Bangalore,5,No,No
EMP03563,Upkaar Shere,Female,55,Marketing,Manager,B.Tech,20,80201.0,2025-06-27,Pune,5,No,No
EMP03564,Oliver Sundaram,Male,35,HR,Team Lead,MBA,14,41232.0,2024-02-27,Bangalore,2,No,No
EMP03565,Zansi Bala,Female,49,IT,Senior Analyst,M.Tech,19,81808.0,2021-08-22,Mumbai,3,No,No
EMP03566,Anita Bhatnagar,Female,37,Sales,Senior Analyst,MCA,17,67486.0,2022-02-17,Chennai,3,Yes,No
EMP03567,Odika Memon,Female,51,HR,Manager,B.Tech,19,35075.0,2016-08-30,Hyderabad,4,Yes,No
EMP03568,David Chand,Male,46,Sales,Senior Analyst,BCA,7,60759.0,2021-10-29,Bangalore,4,No,No
EMP03569,Benjamin Mangat,Male,38,HR,Senior Analyst,BCA,7,47705.0,2026-01-10,Pune,4,Yes,No
EMP03570,Dhriti Choudhry,Female,35,Sales,Manager,B.Tech,10,53206.0,2024-04-28,Mumbai,5,No,No
EMP03571,Balvan Deo,Male,40,HR,Team Lead,MCA,6,42776.0,2025-02-20,Pune,3,Yes,No
EMP03572,Aryan Mandal,Male,27,Sales,Analyst,BCA,6,65506.0,2024-11-13,Chennai,3,No,No
EMP03573,Vanya Gala,Female,52,Marketing,Team Lead,B.Tech,8,54203.0,2017-09-20,Bangalore,5,No,No
EMP03574,Ekani Kibe,Male,45,HR,Analyst,B.Tech,20,49677.0,2024-05-13,Mumbai,1,Yes,No
EMP03575,Ishaan Sha,Male,38,Finance,Manager,MCA,8,109371.0,2025-04-20,Hyderabad,5,No,No
EMP03576,Gaurang Mukhopadhyay,Female,35,HR,Manager,MCA,8,58896.0,2026-01-11,Mumbai,1,No,No
EMP03577,Vamakshi Palla,Male,38,HR,Team Lead,BCA,0,34007.0,2020-09-25,Mumbai,2,No,No
EMP03578,Fiyaz Bera,Male,25,Finance,Team Lead,MBA,18,68255.0,2017-05-30,Mumbai,2,No,No
EMP03579,Zaid Agrawal,Male,30,Sales,Team Lead,MBA,6,39990.0,2018-01-20,Pune,2,No,Yes
EMP03580,Onveer Bal,Female,32,Marketing,Team Lead,B.Tech,20,79600.0,2023-10-24,Bangalore,1,No,No
EMP03581,Harrison Ganguly,Female,29,Finance,Analyst,MBA,0,100807.0,2018-03-08,Mumbai,4,Yes,No
EMP03582,Anjali Nair,Male,26,Finance,Manager,M.Tech,9,58426.0,2022-04-27,Bangalore,4,No,No
EMP03583,Jackson Brahmbhatt,Female,50,IT,Analyst,MCA,13,60161.0,2018-04-21,Mumbai,1,Yes,No
EMP03584,Balhaar Oommen,Male,27,IT,Manager,BCA,5,91736.0,2024-07-28,Bangalore,3,Yes,Yes
EMP03585,Raghav Sani,Female,54,HR,Senior Analyst,B.Tech,15,40817.0,2020-11-02,Bangalore,2,Yes,No
EMP03586,Theodore Sheth,Female,31,Marketing,Team Lead,BCA,12,40239.0,2024-07-11,Chennai,5,No,No
EMP03587,Qabil Bakshi,Female,32,Finance,Analyst,BCA,19,104330.0,2018-02-03,Bangalore,3,Yes,No
EMP03588,Utkarsh Dhillon,Male,52,Sales,Senior Analyst,MBA,8,47880.0,2018-11-23,Hyderabad,2,No,No
EMP03589,Manan Khosla,Female,60,IT,Team Lead,MBA,11,125866.0,2016-09-12,Pune,4,No,No
EMP03590,Waida Lala,Male,59,HR,Senior Analyst,BCA,15,76027.0,2023-05-10,Pune,3,No,No
EMP03591,Anthony Chakraborty,Male,46,Finance,Manager,MBA,18,106502.0,2018-04-21,Bangalore,4,No,No
EMP03592,Lakshmi Issac,Female,56,IT,Analyst,MCA,1,98361.0,2026-05-13,Bangalore,3,Yes,No
EMP03593,Jeremiah Jani,Female,23,Marketing,Senior Analyst,M.Tech,1,50491.0,2021-03-03,Pune,5,No,No
EMP03594,Ayaan Manda,Male,48,Marketing,Senior Analyst,MCA,20,60104.0,2017-03-08,Pune,4,No,No
EMP03595,Jonathan Sinha,Male,27,IT,Analyst,BCA,15,92815.0,2022-06-26,Mumbai,3,Yes,No
EMP03596,Widisha Dutt,Female,28,Finance,Analyst,B.Tech,5,62927.0,2023-11-13,Pune,3,No,No
EMP03597,Chakradhar Chaudhry,Male,42,IT,Manager,MCA,16,95749.0,2023-08-25,Hyderabad,3,Yes,No
EMP03598,Harita Chander,Female,59,Sales,Team Lead,BCA,20,62004.0,2025-06-08,Chennai,4,No,No
EMP03599,Hemal Nigam,Female,57,Sales,Team Lead,B.Tech,14,59295.0,2016-12-30,Pune,1,Yes,No
EMP03600,Zehaan Kalita,Female,48,HR,Manager,M.Tech,10,78789.0,2023-10-03,Bangalore,1,No,No
EMP03601,Gauri Rao,Male,39,Sales,Manager,MCA,5,50682.0,2023-03-15,Hyderabad,2,No,No
EMP03602,Ekta Kunda,Male,25,Finance,Senior Analyst,M.Tech,8,118890.0,2022-12-08,Pune,3,Yes,No
EMP03603,Faqid Bala,Male,43,Finance,Analyst,B.Tech,0,52713.0,2019-10-14,Pune,2,No,No
EMP03604,Panini Narain,Male,56,Marketing,Team Lead,BCA,10,65787.0,2026-04-23,Hyderabad,5,No,No
EMP03605,Zilmil Kurian,Female,48,Finance,Analyst,MCA,7,88739.0,2022-01-15,Hyderabad,4,Yes,No
EMP03606,Zaitra Chacko,Male,23,IT,Manager,B.Tech,8,57805.0,2019-04-10,Hyderabad,3,No,No
EMP03607,Oeshi Chana,Female,34,IT,Manager,B.Tech,2,119102.0,2019-10-04,Mumbai,2,No,No
EMP03608,Fariq Lad,Male,40,Sales,Analyst,M.Tech,19,54719.0,2021-12-04,Bangalore,4,Yes,No
EMP03609,Karan Balakrishnan,Male,25,Finance,Team Lead,MCA,1,77140.0,2026-07-09,Pune,1,No,No
EMP03610,Amrita Modi,Female,25,HR,Senior Analyst,BCA,13,72774.0,2022-08-05,Mumbai,2,Yes,No
EMP03611,Warhi Varma,Male,26,HR,Analyst,M.Tech,15,66262.0,2021-11-19,Hyderabad,4,No,No
EMP03612,Aradhana Mital,Female,37,Finance,Manager,MCA,15,104989.0,2018-11-16,Chennai,4,No,No
EMP03613,Krishna Rajagopalan,Male,35,Sales,Team Lead,M.Tech,11,69163.0,2017-07-19,Bangalore,5,No,No
EMP03614,Mohini Dugar,Male,28,Sales,Analyst,B.Tech,6,76953.0,2016-08-14,Chennai,5,Yes,No
EMP03615,Hemal Balay,Male,56,Marketing,Senior Analyst,B.Tech,10,59344.0,2026-01-22,Hyderabad,2,Yes,No
EMP03616,Daksha Keer,Male,41,HR,Team Lead,MCA,11,74480.0,2019-06-15,Bangalore,4,Yes,No
EMP03617,Daksh Bajwa,Male,49,HR,Analyst,MBA,12,46410.0,2025-03-13,Chennai,3,Yes,Yes
EMP03618,Xavier Gandhi,Female,41,Sales,Manager,MBA,20,46160.0,2026-04-27,Hyderabad,1,No,No
EMP03619,Matthew Suresh,Female,30,Sales,Manager,M.Tech,17,62071.0,2023-07-22,Chennai,2,Yes,No
EMP03620,Tristan Pillay,Female,52,HR,Senior Analyst,MCA,18,48472.0,2018-04-24,Hyderabad,1,Yes,Yes
EMP03621,Noah Chauhan,Female,51,HR,Analyst,B.Tech,11,63242.0,2020-03-07,Pune,5,Yes,No
EMP03622,Adya Pillay,Male,59,Marketing,Team Lead,M.Tech,8,69781.0,2017-10-22,Pune,1,No,No
EMP03623,Chavvi Bala,Female,42,Sales,Manager,MCA,19,38810.0,2017-02-25,Pune,4,No,No
EMP03624,Anusha Raghavan,Male,23,Sales,Team Lead,BCA,4,61228.0,2022-10-15,Pune,2,No,No
EMP03625,Hritik Keer,Female,43,HR,Team Lead,MBA,16,54620.0,2017-01-26,Bangalore,1,No,No
EMP03626,Dhruv Verma,Male,41,Finance,Manager,MBA,19,90436.0,2021-06-06,Bangalore,5,Yes,No
EMP03627,Vedika Banerjee,Female,24,Finance,Senior Analyst,M.Tech,15,63776.0,2022-02-19,Bangalore,1,No,No
EMP03628,Om Aurora,Male,53,IT,Senior Analyst,MCA,14,113380.0,2024-04-07,Chennai,1,Yes,No
EMP03629,Zansi Taneja,Female,22,IT,Manager,M.Tech,13,62811.0,2018-09-29,Mumbai,2,Yes,No
EMP03630,Oscar Randhawa,Male,53,Finance,Team Lead,MCA,8,90881.0,2021-02-13,Hyderabad,5,Yes,No
EMP03631,Eiravati Chokshi,Female,27,HR,Team Lead,BCA,17,79443.0,2026-07-03,Chennai,4,Yes,No
EMP03632,Jonathan Bhasin,Female,45,Sales,Manager,MBA,11,91354.0,2020-07-13,Bangalore,4,No,Yes
EMP03633,Gautam Bail,Male,48,Marketing,Senior Analyst,MBA,18,54760.0,2022-11-09,Pune,4,Yes,No
EMP03634,Arin Hayer,Female,29,Sales,Analyst,B.Tech,18,78561.0,2024-01-05,Hyderabad,5,No,No
EMP03635,Naksh Sandal,Female,26,Finance,Senior Analyst,MCA,6,69558.0,2020-01-07,Chennai,5,No,No
EMP03636,Advay Bora,Male,49,IT,Manager,MCA,18,66863.0,2016-08-22,Mumbai,4,No,Yes
EMP03637,Dipta Jaggi,Female,34,Marketing,Analyst,M.Tech,9,69445.0,2020-03-08,Chennai,2,Yes,No
EMP03638,Samar Ganesan,Female,35,Sales,Manager,M.Tech,5,94836.0,2022-03-09,Hyderabad,2,No,No
EMP03639,Jasmit Dhar,Male,22,Marketing,Analyst,B.Tech,2,62653.0,2025-01-06,Chennai,3,No,No
EMP03640,Devansh Ramakrishnan,Male,28,Marketing,Analyst,M.Tech,0,42248.0,2022-04-27,Mumbai,4,Yes,No
EMP03641,Sachi Venkataraman,Female,44,Finance,Senior Analyst,MBA,20,47225.0,2019-03-13,Bangalore,4,Yes,No
EMP03642,Neha Baria,Female,48,HR,Manager,B.Tech,6,30791.0,2019-07-05,Pune,4,No,No
EMP03643,Shravya Chanda,Female,26,Sales,Analyst,MCA,12,67923.0,2023-03-23,Bangalore,1,Yes,Yes
EMP03644,Urishilla Mane,Male,41,HR,Senior Analyst,MBA,15,43319.0,2021-05-05,Pune,4,Yes,Yes
EMP03645,Ekavir Iyer,Female,27,Sales,Analyst,M.Tech,4,60050.0,2020-03-19,Mumbai,2,Yes,No
EMP03646,Ranveer Nair,Female,59,HR,Team Lead,M.Tech,17,30216.0,2024-07-19,Chennai,2,Yes,No
EMP03647,Odika Edwin,Male,28,Marketing,Analyst,B.Tech,10,48098.0,2023-12-25,Mumbai,1,No,No
EMP03648,Gunbir Borra,Male,47,Finance,Manager,MBA,19,48934.0,2020-07-04,Chennai,2,No,No
EMP03649,Leena Ahuja,Male,37,Marketing,Senior Analyst,MBA,9,66467.0,2023-06-21,Pune,5,No,No
EMP03650,Ridhi Mutti,Female,25,Sales,Senior Analyst,M.Tech,0,55230.0,2017-11-05,Pune,1,Yes,No
EMP03651,Rachana Varma,Male,28,Finance,Senior Analyst,B.Tech,11,73666.0,2021-01-28,Pune,3,Yes,No
EMP03652,Rohan Varghese,Male,59,Finance,Team Lead,BCA,10,99336.0,2026-07-24,Hyderabad,1,No,No
EMP03653,Bhavani Gupta,Female,26,Finance,Senior Analyst,MBA,16,104608.0,2021-03-10,Pune,2,No,No
EMP03654,Agastya Arya,Male,54,Marketing,Team Lead,B.Tech,9,87132.0,2025-11-17,Mumbai,5,Yes,No
EMP03655,Sara Ben,Male,42,Marketing,Analyst,MCA,16,46091.0,2025-03-13,Mumbai,4,No,No
EMP03656,Nitara Natt,Male,47,Finance,Analyst,MBA,13,80159.0,2021-06-25,Pune,4,No,No
EMP03657,Banjeet Mital,Male,30,Sales,Manager,BCA,4,96603.0,2018-07-21,Mumbai,3,No,No
EMP03658,Aishani Mander,Female,59,Marketing,Team Lead,B.Tech,0,43587.0,2017-08-25,Pune,3,No,No
EMP03659,Tanveer Barman,Male,56,Finance,Manager,MCA,13,96784.0,2020-12-31,Pune,1,Yes,Yes
EMP03660,Yuvraj Gupta,Female,47,Marketing,Manager,M.Tech,2,80707.0,2022-05-16,Hyderabad,2,Yes,No
EMP03661,Yuvraj Madan,Female,59,Marketing,Senior Analyst,MBA,20,83578.0,2024-11-27,Bangalore,1,No,No
EMP03662,Pahal Kothari,Female,46,IT,Analyst,M.Tech,4,133508.0,2026-06-10,Pune,2,No,No
EMP03663,Kalpit Kant,Female,30,IT,Analyst,B.Tech,16,114582.0,2019-04-10,Bangalore,2,Yes,No
EMP03664,Ishani Devi,Male,22,Marketing,Manager,MBA,17,41566.0,2025-03-05,Chennai,4,Yes,No
EMP03665,Henry Dar,Female,36,Finance,Team Lead,MCA,5,47287.0,2022-03-21,Mumbai,2,No,No
EMP03666,Yasti Upadhyay,Male,59,Sales,Analyst,MCA,13,93309.0,2024-02-25,Chennai,3,No,Yes
EMP03667,Eiravati Mann,Male,42,Sales,Team Lead,MBA,6,83482.0,2022-11-30,Chennai,2,Yes,No
EMP03668,Alka Badal,Male,59,IT,Team Lead,MCA,12,82932.0,2017-07-25,Chennai,5,No,No
EMP03669,Charles Trivedi,Female,56,HR,Analyst,BCA,1,79483.0,2023-11-30,Hyderabad,3,Yes,No
EMP03670,Ansh Prabhu,Female,48,IT,Senior Analyst,MCA,4,127305.0,2017-08-26,Pune,4,Yes,No
EMP03671,Waida Khare,Female,22,IT,Analyst,MCA,18,92962.0,2020-01-31,Chennai,1,No,No
EMP03672,Ekansh Kibe,Male,23,Marketing,Analyst,M.Tech,14,85368.0,2026-04-28,Bangalore,1,No,No
EMP03673,Jagat Hayre,Female,47,HR,Manager,B.Tech,16,63191.0,2024-01-07,Pune,4,No,No
EMP03674,Akshay Lanka,Male,57,HR,Team Lead,BCA,12,79364.0,2023-08-04,Hyderabad,1,No,No
EMP03675,Manan Srinivasan,Male,31,Marketing,Analyst,B.Tech,12,67624.0,2024-04-06,Bangalore,3,No,Yes
EMP03676,Nidhi Bhatnagar,Male,44,HR,Analyst,BCA,17,71772.0,2023-02-28,Bangalore,5,Yes,No
EMP03677,Faris Sani,Male,58,HR,Team Lead,B.Tech,11,69397.0,2020-03-10,Mumbai,3,Yes,No
EMP03678,Darpan Pradhan,Male,36,HR,Senior Analyst,B.Tech,10,67009.0,2023-07-19,Mumbai,5,No,No
EMP03679,Jagrati Bumb,Male,46,Finance,Senior Analyst,M.Tech,14,96011.0,2016-10-29,Mumbai,3,Yes,No
EMP03680,Urvashi Chander,Female,57,HR,Senior Analyst,M.Tech,9,31094.0,2024-02-25,Chennai,3,No,No
EMP03681,Yamini Krish,Male,48,HR,Senior Analyst,B.Tech,0,64606.0,2018-11-02,Mumbai,2,No,Yes
EMP03682,Saumya Chaudhary,Male,54,IT,Senior Analyst,BCA,5,100440.0,2019-07-05,Chennai,1,No,No
EMP03683,Avni Saha,Male,36,Sales,Senior Analyst,BCA,17,40465.0,2023-12-06,Bangalore,4,No,No
EMP03684,Aachal Bandi,Female,50,IT,Manager,BCA,10,107372.0,2017-01-03,Mumbai,2,Yes,No
EMP03685,Ayush Mammen,Female,42,IT,Manager,MCA,7,57743.0,2022-08-23,Bangalore,3,Yes,No
EMP03686,Osha Goel,Female,50,HR,Manager,M.Tech,0,43711.0,2016-11-23,Chennai,1,Yes,No
EMP03687,Kashvi Chanda,Male,46,Sales,Team Lead,MCA,19,91885.0,2022-11-03,Chennai,1,Yes,No
EMP03688,Jagat Khanna,Female,45,Finance,Analyst,MCA,9,99290.0,2021-11-03,Pune,2,No,No
EMP03689,Vrinda Nath,Female,41,Sales,Senior Analyst,MCA,5,76588.0,2021-04-16,Hyderabad,4,Yes,No
EMP03690,Pooja Ram,Male,29,IT,Team Lead,MBA,16,97880.0,2025-08-31,Chennai,2,Yes,No
EMP03691,Tanay Dani,Female,40,Marketing,Manager,MBA,11,39886.0,2023-01-03,Bangalore,3,Yes,No
EMP03692,Orinder Zacharia,Male,54,Finance,Senior Analyst,BCA,17,46211.0,2023-07-08,Mumbai,2,No,No
EMP03693,Urvashi Chaudhuri,Female,42,Finance,Manager,BCA,10,52934.0,2025-01-26,Hyderabad,3,No,No
EMP03694,Anya Sachar,Male,37,Finance,Team Lead,M.Tech,6,76594.0,2023-04-19,Pune,2,No,No
EMP03695,Chaaya Char,Female,43,Sales,Manager,M.Tech,14,37025.0,2023-10-04,Hyderabad,4,Yes,No
EMP03696,Anmol Kalita,Male,32,Marketing,Team Lead,B.Tech,17,35495.0,2025-10-05,Chennai,1,No,No
EMP03697,Chandresh Magar,Male,54,IT,Manager,M.Tech,16,147968.0,2024-08-30,Chennai,3,No,No
EMP03698,Yamini Swaminathan,Male,35,Finance,Team Lead,MCA,5,73259.0,2018-08-29,Chennai,5,No,No
EMP03699,Qasim Bera,Male,29,HR,Senior Analyst,B.Tech,13,64511.0,2026-01-12,Mumbai,3,Yes,Yes
EMP03700,Siya Mammen,Male,47,HR,Senior Analyst,MCA,7,39142.0,2018-03-14,Hyderabad,5,No,No
EMP03701,Brijesh Sinha,Female,39,IT,Analyst,M.Tech,16,97255.0,2022-12-25,Mumbai,2,No,No
EMP03702,Alexander De,Male,25,Marketing,Senior Analyst,MCA,16,50665.0,2024-06-08,Chennai,2,Yes,Yes
EMP03703,Chasmum Barman,Female,34,HR,Team Lead,MCA,5,63101.0,2024-04-23,Mumbai,1,No,No
EMP03704,Sai Ranganathan,Female,50,Finance,Analyst,MBA,18,116652.0,2024-03-11,Mumbai,5,No,No
EMP03705,Ayushman Comar,Female,25,HR,Manager,B.Tech,2,42759.0,2026-04-20,Mumbai,4,No,No
EMP03706,Vasudha Koshy,Female,25,Finance,Senior Analyst,B.Tech,9,72567.0,2016-08-18,Bangalore,5,Yes,No
EMP03707,Harita Talwar,Female,47,Sales,Manager,B.Tech,17,87588.0,2018-04-20,Chennai,2,Yes,Yes
EMP03708,Vihaan Saha,Female,46,Finance,Analyst,BCA,6,76992.0,2020-06-28,Chennai,2,No,Yes
EMP03709,Jeremiah Deol,Male,47,HR,Team Lead,M.Tech,16,30935.0,2019-11-06,Bangalore,5,No,No
EMP03710,Ekantika Borra,Male,49,Finance,Senior Analyst,MCA,9,119837.0,2023-12-20,Hyderabad,1,Yes,Yes
EMP03711,Anamika Acharya,Male,46,IT,Manager,B.Tech,1,143497.0,2021-10-31,Chennai,4,Yes,No
EMP03712,Amaira Choudhary,Female,41,HR,Analyst,MCA,16,47964.0,2026-08-05,Bangalore,5,No,No
EMP03713,Atharv Toor,Female,26,Finance,Analyst,BCA,19,94592.0,2017-06-19,Mumbai,3,No,No
EMP03714,Chatura Gade,Female,24,IT,Analyst,B.Tech,1,100154.0,2024-01-20,Chennai,1,No,No
EMP03715,Leena Lata,Female,38,Finance,Team Lead,B.Tech,18,47305.0,2024-06-04,Mumbai,5,Yes,No
EMP03716,Pranav Deshpande,Male,48,Finance,Manager,MBA,4,85929.0,2025-06-22,Mumbai,5,No,No
EMP03717,Dalaja Natt,Male,26,Sales,Manager,MCA,15,58947.0,2017-04-28,Bangalore,2,No,No
EMP03718,Arya Sur,Female,39,HR,Team Lead,BCA,6,64395.0,2018-01-02,Chennai,1,Yes,No
EMP03719,Jeremiah Kannan,Female,23,IT,Senior Analyst,B.Tech,14,149083.0,2017-11-20,Bangalore,3,Yes,No
EMP03720,Aarush Konda,Female,36,Finance,Senior Analyst,B.Tech,13,103262.0,2024-03-05,Bangalore,4,Yes,Yes
EMP03721,Ojas Amble,Male,32,Sales,Senior Analyst,MCA,14,71522.0,2018-06-08,Mumbai,2,Yes,No
EMP03722,Neha Gulati,Male,44,IT,Senior Analyst,BCA,5,116538.0,2023-09-28,Mumbai,5,No,No
EMP03723,Jeevika Goyal,Male,29,HR,Senior Analyst,MBA,3,58867.0,2019-11-15,Mumbai,4,Yes,No
EMP03724,Urmi Patel,Female,36,Sales,Senior Analyst,MCA,1,72940.0,2022-12-06,Mumbai,1,Yes,No
EMP03725,Nilima Bhakta,Male,45,Marketing,Analyst,B.Tech,9,50637.0,2020-05-29,Chennai,3,No,Yes
EMP03726,Zaitra D’Alia,Female,40,HR,Analyst,B.Tech,7,66775.0,2019-03-11,Chennai,4,No,No
EMP03727,Priya Keer,Female,55,Sales,Analyst,B.Tech,6,64867.0,2025-06-22,Hyderabad,1,No,Yes
EMP03728,Ubika Bumb,Male,30,Sales,Analyst,M.Tech,3,67680.0,2024-01-29,Pune,1,No,No
EMP03729,Aachal Bhattacharyya,Female,28,IT,Team Lead,M.Tech,8,137958.0,2017-03-06,Bangalore,3,Yes,No
EMP03730,Vedika Golla,Male,28,Marketing,Analyst,M.Tech,4,48854.0,2021-10-15,Bangalore,4,No,No
EMP03731,Nicholas Arora,Male,58,Sales,Analyst,BCA,8,91672.0,2017-05-29,Chennai,1,No,No
EMP03732,Damini Randhawa,Female,44,Sales,Manager,M.Tech,0,33874.0,2019-04-08,Mumbai,3,No,No
EMP03733,Theodore Shah,Female,60,Sales,Manager,MBA,15,57277.0,2024-10-12,Chennai,1,No,No
EMP03734,Agastya Peri,Male,40,HR,Manager,MCA,7,55805.0,2026-03-10,Bangalore,2,Yes,No
EMP03735,Nakul Merchant,Female,55,Marketing,Senior Analyst,M.Tech,3,70601.0,2018-12-06,Hyderabad,3,Yes,Yes
EMP03736,Ishaan Barad,Female,35,Marketing,Senior Analyst,MCA,18,75969.0,2019-06-07,Bangalore,4,Yes,No
EMP03737,Mekhala Chhabra,Female,52,HR,Manager,MCA,12,69826.0,2016-08-25,Hyderabad,4,No,No
EMP03738,Karan Sekhon,Male,28,Marketing,Manager,B.Tech,9,71629.0,2022-06-26,Chennai,4,Yes,No
EMP03739,Chaitaly Dar,Male,37,Finance,Team Lead,B.Tech,10,64591.0,2019-12-26,Chennai,4,No,No
EMP03740,Azad Bumb,Male,22,HR,Senior Analyst,M.Tech,19,63760.0,2024-11-16,Pune,2,No,No
EMP03741,Fitan Kadakia,Female,34,HR,Senior Analyst,M.Tech,12,32737.0,2024-09-25,Mumbai,4,Yes,No
EMP03742,Timothy Bansal,Female,41,Sales,Manager,MCA,0,42188.0,2025-04-14,Pune,4,Yes,Yes
EMP03743,Devansh Dora,Male,58,Finance,Manager,MBA,14,49841.0,2017-06-19,Mumbai,1,No,No
EMP03744,Jack Tiwari,Female,36,Sales,Manager,BCA,12,74091.0,2023-09-13,Bangalore,2,No,No
EMP03745,Harish Bhalla,Female,56,IT,Analyst,BCA,10,111622.0,2018-06-26,Mumbai,1,No,No
EMP03746,Falak Chatterjee,Female,35,IT,Analyst,MBA,15,91126.0,2018-10-24,Hyderabad,1,No,No
EMP03747,Madhav Mangat,Male,46,Finance,Team Lead,M.Tech,2,100619.0,2022-03-05,Chennai,2,Yes,No
EMP03748,Forum Radhakrishnan,Male,24,Finance,Team Lead,M.Tech,7,85396.0,2024-05-01,Pune,4,No,No
EMP03749,Faraj Kapoor,Female,32,Finance,Analyst,M.Tech,3,64056.0,2024-11-26,Hyderabad,5,Yes,No
EMP03750,Amara Din,Female,32,HR,Team Lead,M.Tech,15,79685.0,2026-01-23,Mumbai,1,No,No
EMP03751,Rachita Varughese,Female,57,IT,Team Lead,MCA,20,119445.0,2024-11-07,Hyderabad,4,Yes,No
EMP03752,Charles Bhatti,Female,35,IT,Analyst,M.Tech,8,78115.0,2022-05-11,Pune,3,No,No
EMP03753,Zilmil Arora,Female,38,Finance,Team Lead,M.Tech,0,109625.0,2020-12-14,Bangalore,3,No,No
EMP03754,Ishita Saini,Female,24,IT,Manager,MCA,0,57747.0,2024-01-21,Chennai,1,Yes,No
EMP03755,Darpan Dani,Female,24,HR,Manager,M.Tech,3,33336.0,2021-04-17,Chennai,2,No,No
EMP03756,Aarini Chawla,Female,41,Marketing,Senior Analyst,MBA,5,46564.0,2021-07-19,Hyderabad,3,No,No
EMP03757,Vaishnavi Sharaf,Male,45,Marketing,Analyst,M.Tech,15,72730.0,2020-06-09,Chennai,2,No,No
EMP03758,Azad Kar,Female,45,Finance,Manager,M.Tech,20,87166.0,2020-08-23,Hyderabad,4,Yes,No
EMP03759,Lipika Viswanathan,Male,44,IT,Analyst,MBA,10,74577.0,2023-01-19,Chennai,4,Yes,No
EMP03760,Vyanjana Tailor,Male,28,Marketing,Manager,MCA,10,47782.0,2022-05-12,Hyderabad,1,No,No
EMP03761,Nikita Chana,Male,24,IT,Team Lead,BCA,5,95900.0,2025-01-23,Hyderabad,1,No,No
EMP03762,Maanav Sachdev,Female,22,Finance,Manager,BCA,15,105928.0,2018-09-20,Hyderabad,4,No,No
EMP03763,Yashoda Toor,Female,22,IT,Manager,MCA,14,106357.0,2020-08-06,Hyderabad,4,Yes,No
EMP03764,Onveer Mishra,Male,54,Marketing,Analyst,MBA,19,36541.0,2020-05-22,Chennai,4,No,No
EMP03765,Kiaan Nagarajan,Female,41,HR,Senior Analyst,BCA,5,58731.0,2019-12-17,Chennai,2,Yes,Yes
EMP03766,Lakshmi Sawhney,Female,52,Sales,Senior Analyst,MCA,16,70498.0,2018-11-24,Chennai,1,No,No
EMP03767,Janya Pai,Male,35,Finance,Manager,M.Tech,14,112157.0,2026-04-02,Bangalore,4,Yes,No
EMP03768,Xalak Srivastava,Male,47,Sales,Analyst,B.Tech,11,34301.0,2026-02-11,Pune,1,No,No
EMP03769,Sanya Mallick,Male,49,HR,Manager,MBA,2,38851.0,2018-09-30,Chennai,4,No,No
EMP03770,Hemang Som,Male,39,Sales,Senior Analyst,BCA,20,30557.0,2019-10-21,Chennai,5,No,No
EMP03771,Diya Grover,Female,26,HR,Manager,M.Tech,10,44658.0,2026-08-05,Bangalore,3,Yes,No
EMP03772,Ekansh Divan,Female,36,HR,Senior Analyst,BCA,16,32098.0,2023-07-10,Hyderabad,4,No,No
EMP03773,Edhitha Divan,Female,43,Marketing,Team Lead,B.Tech,20,71706.0,2024-03-26,Chennai,1,No,No
EMP03774,Falguni Brahmbhatt,Female,45,IT,Manager,BCA,0,107732.0,2019-02-13,Pune,2,No,Yes
EMP03775,Chaaya Pandey,Female,40,IT,Analyst,B.Tech,17,102229.0,2017-04-07,Hyderabad,3,No,No
EMP03776,Pallavi Shan,Male,47,HR,Senior Analyst,MCA,10,66786.0,2022-03-02,Chennai,1,Yes,No
EMP03777,Bina Misra,Female,26,Finance,Team Lead,BCA,20,69521.0,2025-02-08,Chennai,5,No,No
EMP03778,Abeer Bala,Female,59,Sales,Team Lead,B.Tech,2,56313.0,2024-05-02,Bangalore,2,No,No
EMP03779,Isaiah Aurora,Female,55,HR,Analyst,BCA,8,46461.0,2023-01-20,Mumbai,4,No,No
EMP03780,Ekaraj Nadig,Female,27,HR,Manager,MCA,3,42934.0,2021-08-06,Chennai,1,No,No
EMP03781,Teerth Hegde,Male,30,HR,Team Lead,MBA,13,51979.0,2025-03-26,Bangalore,5,Yes,No
EMP03782,Chanchal Kaur,Male,32,IT,Manager,BCA,3,85359.0,2024-09-17,Mumbai,5,No,No
EMP03783,Logan Chad,Female,37,IT,Manager,MCA,17,128786.0,2021-04-13,Mumbai,1,Yes,No
EMP03784,Vedika Khurana,Male,22,Finance,Analyst,M.Tech,16,59413.0,2016-08-18,Bangalore,3,Yes,No
EMP03785,Megha Mukherjee,Male,39,Sales,Analyst,B.Tech,20,96567.0,2024-09-06,Hyderabad,3,Yes,Yes
EMP03786,Oni Deol,Male,43,Sales,Manager,B.Tech,1,44720.0,2018-02-01,Pune,5,No,No
EMP03787,Saumya Morar,Male,37,Marketing,Analyst,BCA,18,37492.0,2022-07-21,Chennai,4,No,No
EMP03788,Vihaan Rao,Male,32,Finance,Team Lead,MBA,0,62969.0,2024-12-31,Chennai,4,No,No
EMP03789,Veer Jani,Female,58,HR,Senior Analyst,MBA,16,37520.0,2023-01-25,Hyderabad,1,No,No
EMP03790,Qushi Subramanian,Female,59,Sales,Team Lead,M.Tech,19,96748.0,2026-06-02,Bangalore,2,No,No
EMP03791,Mahika Virk,Male,27,IT,Team Lead,MBA,18,69481.0,2023-09-06,Pune,4,No,Yes
EMP03792,Jackson Palla,Female,54,Finance,Analyst,B.Tech,3,99993.0,2026-01-21,Bangalore,3,No,No
EMP03793,Harrison Cherian,Female,40,IT,Analyst,MBA,9,80817.0,2021-10-25,Pune,3,Yes,No
EMP03794,Parth Mukherjee,Female,34,Marketing,Senior Analyst,B.Tech,12,44448.0,2018-08-14,Hyderabad,1,No,No
EMP03795,Krishna Dash,Female,46,HR,Team Lead,BCA,8,77675.0,2026-01-19,Hyderabad,4,Yes,No
EMP03796,Ekavir Bora,Female,53,HR,Team Lead,MCA,18,53859.0,2020-11-24,Mumbai,4,Yes,No
EMP03797,Gavin Chokshi,Male,58,Marketing,Senior Analyst,MCA,0,80077.0,2017-01-11,Bangalore,5,Yes,No
EMP03798,Watika Bava,Female,54,Sales,Team Lead,M.Tech,8,66602.0,2021-09-06,Mumbai,5,Yes,No
EMP03799,Saksham Soman,Female,45,Marketing,Manager,M.Tech,5,35994.0,2017-01-04,Hyderabad,2,No,No
EMP03800,Chaaya Ramakrishnan,Female,49,Marketing,Senior Analyst,B.Tech,13,88099.0,2026-05-30,Hyderabad,4,Yes,No
EMP03801,Naksh Kalita,Female,29,IT,Senior Analyst,M.Tech,5,111605.0,2021-02-25,Mumbai,3,No,No
EMP03802,Pooja Raval,Male,54,Finance,Analyst,BCA,17,49288.0,2018-01-16,Chennai,4,Yes,No
EMP03803,Ojasvi Sandhu,Female,23,IT,Senior Analyst,MBA,13,67032.0,2017-03-24,Mumbai,3,No,No
EMP03804,Gabriel Issac,Female,28,Finance,Team Lead,B.Tech,7,92809.0,2024-10-04,Mumbai,1,Yes,No
EMP03805,Michael Pillay,Male,55,HR,Manager,MBA,5,45619.0,2023-11-23,Chennai,5,Yes,No
EMP03806,Girish Seshadri,Female,52,Finance,Manager,B.Tech,13,108747.0,2019-07-18,Bangalore,1,Yes,No
EMP03807,Nikita Sagar,Female,37,IT,Manager,M.Tech,9,50201.0,2023-04-18,Hyderabad,4,Yes,No
EMP03808,Kiaan Sheth,Female,44,IT,Senior Analyst,B.Tech,20,121599.0,2017-11-13,Pune,2,Yes,No
EMP03809,Damyanti Parsa,Male,30,Sales,Team Lead,B.Tech,6,59619.0,2022-01-10,Pune,4,No,No
EMP03810,Benjamin Karnik,Female,50,Finance,Team Lead,BCA,5,104767.0,2026-01-08,Hyderabad,1,No,No
EMP03811,Jason Sarna,Female,55,HR,Team Lead,MBA,2,36540.0,2024-12-08,Bangalore,2,No,No
EMP03812,Gayathri Arya,Female,56,HR,Manager,M.Tech,16,45092.0,2020-01-18,Mumbai,3,Yes,No
EMP03813,Vansha Narain,Male,45,IT,Team Lead,MBA,9,110571.0,2024-10-31,Chennai,1,No,No
EMP03814,Yachana Bail,Female,37,Marketing,Senior Analyst,BCA,7,79726.0,2016-10-25,Hyderabad,3,No,No
EMP03815,Isaac Kothari,Female,59,Finance,Team Lead,MBA,2,100009.0,2023-12-16,Chennai,4,Yes,No
EMP03816,Harsh Bhagat,Male,48,Marketing,Analyst,B.Tech,18,68867.0,2020-01-23,Mumbai,3,No,No
EMP03817,Rachit Malhotra,Male,29,Sales,Team Lead,MBA,18,47703.0,2020-08-17,Hyderabad,2,No,No
EMP03818,Leena Viswanathan,Male,53,IT,Manager,M.Tech,2,131103.0,2020-07-04,Chennai,2,No,No
EMP03819,Ekaraj Iyer,Female,40,HR,Manager,MBA,16,68234.0,2023-07-08,Mumbai,1,No,No
EMP03820,Anika Lalla,Male,23,Marketing,Analyst,M.Tech,20,76396.0,2020-12-02,Bangalore,1,Yes,No
EMP03821,Varenya Wadhwa,Female,48,IT,Analyst,MBA,8,73318.0,2026-02-03,Hyderabad,3,Yes,No
EMP03822,Umang Dhingra,Male,38,Sales,Analyst,M.Tech,15,72383.0,2017-11-06,Chennai,4,Yes,No
EMP03823,Udyati Wagle,Female,44,IT,Manager,B.Tech,16,51038.0,2023-10-10,Pune,2,Yes,Yes
EMP03824,Chameli Ray,Female,49,Finance,Team Lead,B.Tech,20,83403.0,2017-02-26,Mumbai,3,Yes,No
EMP03825,Girish Srinivas,Female,31,IT,Team Lead,BCA,11,65068.0,2017-02-09,Hyderabad,2,No,No
EMP03826,Bakhshi Din,Female,51,HR,Team Lead,MBA,7,51466.0,2023-01-23,Chennai,4,No,No
EMP03827,Sara Dutta,Male,46,HR,Team Lead,M.Tech,8,77329.0,2023-12-23,Chennai,3,Yes,No
EMP03828,Anita Tailor,Female,60,HR,Analyst,MCA,2,30594.0,2023-04-12,Bangalore,4,No,No
EMP03829,Isaiah Hora,Male,48,IT,Analyst,M.Tech,20,139879.0,2022-03-02,Mumbai,1,No,No
EMP03830,Balveer Roy,Female,60,Sales,Manager,MCA,12,81516.0,2026-07-21,Chennai,2,Yes,No
EMP03831,Raagini Viswanathan,Male,45,Finance,Manager,MBA,3,67318.0,2019-09-06,Mumbai,2,Yes,No
EMP03832,Charles Bahl,Female,58,HR,Team Lead,B.Tech,4,52823.0,2026-01-25,Pune,3,No,No
EMP03833,Yagnesh Tak,Male,52,Finance,Analyst,BCA,15,72116.0,2019-08-08,Chennai,2,Yes,No
EMP03834,Aarini Sur,Female,39,Marketing,Manager,BCA,9,88195.0,2017-04-19,Hyderabad,4,Yes,No
EMP03835,Hritik Oak,Male,28,Sales,Manager,B.Tech,19,56818.0,2019-06-23,Chennai,3,No,No
EMP03836,Dalaja Viswanathan,Male,59,Sales,Team Lead,BCA,8,59224.0,2023-11-08,Mumbai,3,No,No
EMP03837,Hemani Bedi,Female,34,Finance,Manager,B.Tech,6,47163.0,2018-11-27,Bangalore,1,No,Yes
EMP03838,Madhavi Wagle,Female,25,IT,Team Lead,M.Tech,12,83944.0,2020-08-05,Bangalore,1,Yes,Yes
EMP03839,Hema Mand,Male,60,Sales,Manager,MCA,6,92445.0,2018-11-25,Hyderabad,4,Yes,No
EMP03840,Ekalinga Basak,Female,50,Marketing,Manager,MBA,10,73059.0,2019-06-16,Bangalore,3,No,No
EMP03841,Jeet Parsa,Male,59,Sales,Manager,M.Tech,16,34840.0,2022-10-29,Mumbai,1,No,No
EMP03842,Isha Deshmukh,Female,22,Sales,Analyst,B.Tech,17,53996.0,2023-12-02,Mumbai,2,Yes,No
EMP03843,Sanaya Dalal,Male,52,IT,Team Lead,MBA,6,66867.0,2016-08-16,Bangalore,2,Yes,No
EMP03844,Fariq Som,Female,26,HR,Team Lead,MBA,13,79666.0,2021-02-10,Chennai,1,Yes,No
EMP03845,Upadhriti Mital,Female,26,Marketing,Team Lead,MBA,2,69491.0,2021-06-04,Bangalore,4,No,No
EMP03846,Aashi Khosla,Female,45,Sales,Senior Analyst,M.Tech,10,50514.0,2024-09-16,Pune,5,No,Yes
EMP03847,Tarak Patil,Male,31,IT,Senior Analyst,M.Tech,13,75553.0,2024-03-02,Hyderabad,2,No,Yes
EMP03848,Januja Malhotra,Female,28,HR,Team Lead,B.Tech,17,58759.0,2023-08-30,Pune,5,No,No
EMP03849,Kala Kaul,Female,53,Sales,Team Lead,MBA,15,50532.0,2024-02-28,Pune,3,No,No
EMP03850,Edhitha Parekh,Male,28,IT,Analyst,BCA,14,139712.0,2025-05-09,Mumbai,3,Yes,No
EMP03851,Avni Krish,Female,42,Marketing,Manager,MCA,17,38218.0,2022-07-26,Pune,1,No,No
EMP03852,Faqid Ratta,Male,28,Marketing,Analyst,M.Tech,3,77631.0,2022-01-28,Mumbai,4,No,Yes
EMP03853,Bhavani Dhingra,Female,53,Marketing,Manager,BCA,15,87672.0,2026-03-12,Mumbai,2,No,No
EMP03854,Lavanya Nanda,Female,40,Marketing,Manager,MCA,17,62968.0,2017-12-03,Hyderabad,2,Yes,No
EMP03855,Falak Aggarwal,Female,36,Sales,Senior Analyst,MBA,14,88023.0,2024-01-11,Mumbai,2,Yes,No
EMP03856,Hemani Goel,Male,44,Finance,Analyst,B.Tech,5,110797.0,2017-08-22,Hyderabad,4,No,No
EMP03857,Manan Bala,Female,42,HR,Analyst,MCA,17,71865.0,2026-03-22,Hyderabad,1,No,No
EMP03858,Tara Ramaswamy,Female,30,IT,Manager,BCA,10,133020.0,2016-10-16,Mumbai,4,No,Yes
EMP03859,Yashasvi Golla,Female,50,HR,Senior Analyst,MBA,19,34983.0,2021-10-09,Chennai,1,No,No
EMP03860,Leela Bali,Female,41,Marketing,Manager,B.Tech,3,74747.0,2018-02-17,Chennai,4,No,No
EMP03861,Vedant Bhat,Female,55,HR,Manager,MCA,19,58915.0,2019-08-02,Mumbai,5,No,No
EMP03862,Ira Sachdev,Female,38,Sales,Team Lead,M.Tech,14,45265.0,2018-01-02,Chennai,1,No,No
EMP03863,Onveer Rajan,Female,38,HR,Manager,MBA,18,50980.0,2018-05-05,Chennai,3,Yes,No
EMP03864,Yauvani Kamdar,Male,54,Finance,Team Lead,M.Tech,20,65684.0,2017-04-09,Chennai,4,No,Yes
EMP03865,Forum Prakash,Female,43,Finance,Team Lead,MBA,2,55667.0,2018-03-02,Mumbai,5,Yes,No
EMP03866,Tripti Sibal,Male,25,HR,Team Lead,M.Tech,5,68970.0,2017-06-18,Bangalore,3,No,Yes
EMP03867,Harish Doctor,Female,57,Sales,Team Lead,MCA,3,87429.0,2025-02-28,Bangalore,3,Yes,No
EMP03868,Wazir Maharaj,Male,40,Marketing,Manager,B.Tech,7,53169.0,2019-05-24,Chennai,1,Yes,No
EMP03869,Jalsa Devan,Male,48,HR,Team Lead,B.Tech,19,45354.0,2025-08-20,Hyderabad,3,Yes,No
EMP03870,Baljiwan Choudhury,Male,58,Sales,Manager,B.Tech,19,91905.0,2017-11-21,Mumbai,2,Yes,No
EMP03871,Yashasvi Hayer,Female,42,Marketing,Manager,M.Tech,12,35006.0,2024-06-14,Mumbai,2,No,No
EMP03872,Nachiket Chopra,Female,51,HR,Senior Analyst,M.Tech,14,57847.0,2024-05-24,Mumbai,2,No,No
EMP03873,Chameli Chandra,Female,54,Finance,Team Lead,MCA,13,48568.0,2018-10-06,Bangalore,1,No,No
EMP03874,Ryan Sahota,Male,60,Sales,Manager,B.Tech,11,36077.0,2020-08-16,Mumbai,1,Yes,No
EMP03875,Tanish Nagarajan,Male,31,IT,Manager,MCA,14,130236.0,2024-08-16,Hyderabad,4,Yes,No
EMP03876,Mitesh Shanker,Female,41,Sales,Analyst,MCA,9,80569.0,2017-12-02,Chennai,4,Yes,No
EMP03877,Hemang Barad,Female,32,IT,Team Lead,MCA,14,107943.0,2017-01-09,Mumbai,1,No,No
EMP03878,Elijah Memon,Male,53,IT,Team Lead,MCA,16,137982.0,2019-12-13,Hyderabad,5,Yes,No
EMP03879,Ishaan Dayal,Female,31,Sales,Manager,M.Tech,6,81364.0,2023-10-23,Hyderabad,5,No,No
EMP03880,Sachi Boase,Male,44,IT,Analyst,B.Tech,14,147092.0,2022-04-15,Bangalore,4,No,No
EMP03881,Faqid Sha,Male,42,Finance,Manager,M.Tech,5,53496.0,2017-05-20,Hyderabad,5,No,No
EMP03882,Meghana Memon,Female,36,IT,Manager,M.Tech,5,113373.0,2023-05-28,Mumbai,2,Yes,No
EMP03883,Ishani Lala,Male,52,Sales,Analyst,MBA,18,52367.0,2018-10-13,Hyderabad,1,No,No
EMP03884,Jonathan Memon,Female,55,HR,Senior Analyst,BCA,18,32316.0,2022-10-17,Chennai,5,No,No
EMP03885,Warda Khanna,Male,49,Marketing,Manager,B.Tech,6,62856.0,2021-12-09,Hyderabad,5,No,No
EMP03886,Patrick Bala,Female,52,Finance,Manager,MCA,10,99232.0,2020-01-18,Pune,5,No,Yes
EMP03887,Yachana Borah,Male,42,Finance,Manager,MBA,7,87879.0,2024-05-29,Hyderabad,3,Yes,No
EMP03888,Maya Rajagopalan,Male,23,Sales,Team Lead,MCA,1,53440.0,2021-06-17,Mumbai,4,Yes,No
EMP03889,Yagnesh Mallick,Female,52,HR,Senior Analyst,BCA,10,61747.0,2023-03-19,Mumbai,1,Yes,No
EMP03890,Madhavi Oommen,Male,45,Sales,Analyst,MBA,3,32151.0,2019-05-12,Pune,5,Yes,No
EMP03891,Falak Walla,Male,49,IT,Analyst,BCA,12,99673.0,2025-02-20,Pune,3,No,Yes
EMP03892,Ranbir Dara,Male,39,Finance,Manager,MCA,2,75272.0,2017-06-26,Bangalore,1,Yes,No
EMP03893,Ishwar Chakraborty,Male,30,Sales,Manager,BCA,10,69435.0,2018-08-18,Chennai,5,Yes,Yes
EMP03894,Max Venkataraman,Female,49,Finance,Team Lead,M.Tech,9,85337.0,2018-09-23,Bangalore,2,No,No
EMP03895,Oliver Yogi,Female,30,HR,Senior Analyst,MCA,17,44256.0,2024-11-07,Pune,3,Yes,No
EMP03896,Ayush Mahal,Male,44,Finance,Analyst,MCA,1,113678.0,2023-02-11,Hyderabad,3,No,No
EMP03897,Girik Sampath,Female,37,Marketing,Analyst,BCA,20,89381.0,2021-11-15,Bangalore,3,No,No
EMP03898,Oviya Nagar,Female,57,HR,Manager,MBA,18,76534.0,2018-02-02,Hyderabad,3,Yes,No
EMP03899,Falan Mangat,Female,25,Sales,Manager,B.Tech,0,79345.0,2017-09-11,Bangalore,4,Yes,Yes
EMP03900,Lekha Amble,Female,56,Marketing,Analyst,B.Tech,16,42582.0,2018-07-28,Bangalore,2,No,No
EMP03901,Mohammed Sethi,Male,45,Finance,Analyst,BCA,19,59232.0,2020-08-09,Chennai,3,No,No
EMP03902,Tanvi Balakrishnan,Female,50,Sales,Senior Analyst,BCA,13,80469.0,2023-09-22,Hyderabad,3,Yes,No
EMP03903,Shravya Baral,Female,47,Finance,Senior Analyst,B.Tech,3,61676.0,2022-01-02,Mumbai,3,No,No
EMP03904,Harini Kakar,Male,57,Marketing,Analyst,M.Tech,9,67000.0,2017-08-07,Mumbai,5,No,No
EMP03905,Urvashi Bala,Male,43,IT,Manager,BCA,14,80348.0,2019-12-13,Chennai,1,No,No
EMP03906,Chanakya Guha,Female,50,HR,Analyst,MBA,12,35405.0,2017-05-27,Pune,1,No,No
EMP03907,Zaitra Kapur,Female,40,Sales,Team Lead,M.Tech,3,78493.0,2021-08-17,Hyderabad,5,No,Yes
EMP03908,Darika Jha,Female,27,Marketing,Analyst,B.Tech,9,82736.0,2024-07-27,Chennai,5,Yes,No
EMP03909,Daksh Ramaswamy,Female,30,Sales,Analyst,M.Tech,19,96320.0,2019-09-06,Hyderabad,5,Yes,No
EMP03910,Arjun Gola,Male,41,Finance,Senior Analyst,MBA,7,96403.0,2021-12-27,Chennai,1,No,No
EMP03911,Aarnav Ghosh,Female,22,Sales,Senior Analyst,MBA,3,70762.0,2020-02-01,Bangalore,2,No,No
EMP03912,Advika Bhatia,Female,46,HR,Analyst,M.Tech,9,40152.0,2022-04-08,Hyderabad,2,No,No
EMP03913,Jalsa Vora,Male,45,HR,Team Lead,BCA,2,43619.0,2019-01-29,Bangalore,5,No,No
EMP03914,Ayush Mittal,Female,43,Sales,Analyst,MCA,4,77451.0,2022-08-24,Chennai,5,Yes,No
EMP03915,Krishna Tak,Male,22,Marketing,Manager,B.Tech,8,77416.0,2024-08-26,Chennai,1,Yes,No
EMP03916,Praneel Raman,Male,35,Finance,Manager,M.Tech,6,71938.0,2023-12-23,Bangalore,2,Yes,No
EMP03917,Ikshita Prabhakar,Male,31,Finance,Manager,B.Tech,15,65756.0,2024-08-09,Chennai,4,No,No
EMP03918,Upma Johal,Female,54,Finance,Analyst,M.Tech,9,101939.0,2025-04-03,Pune,4,No,No
EMP03919,Wriddhish Chawla,Female,39,Finance,Senior Analyst,BCA,9,64798.0,2024-10-20,Hyderabad,4,No,No
EMP03920,Vritti Shetty,Female,48,Sales,Team Lead,M.Tech,20,94868.0,2023-03-07,Bangalore,3,Yes,Yes
EMP03921,Ekanta Maharaj,Male,33,Finance,Analyst,B.Tech,20,100403.0,2016-09-13,Bangalore,4,Yes,No
EMP03922,Mohini Ghosh,Male,43,HR,Senior Analyst,MCA,3,61697.0,2023-04-18,Bangalore,2,Yes,No
EMP03923,Neha Sur,Male,54,HR,Analyst,BCA,6,36672.0,2016-09-20,Chennai,4,No,No
EMP03924,Sai Lala,Male,56,Marketing,Analyst,BCA,0,45323.0,2018-03-31,Mumbai,2,No,No
EMP03925,Sara Shanker,Male,58,HR,Manager,M.Tech,2,37231.0,2018-02-25,Bangalore,3,No,No
EMP03926,Nathan Pal,Male,23,HR,Manager,MBA,8,35674.0,2018-08-30,Bangalore,5,No,No
EMP03927,Reyansh Khare,Male,40,HR,Manager,BCA,7,76905.0,2023-10-03,Hyderabad,4,Yes,No
EMP03928,Yasti Verma,Male,31,HR,Team Lead,BCA,9,62404.0,2022-04-24,Mumbai,2,No,No
EMP03929,Neelima Karan,Female,30,IT,Analyst,BCA,7,94217.0,2022-10-06,Mumbai,3,Yes,Yes
EMP03930,Maya Talwar,Female,23,IT,Manager,B.Tech,10,112923.0,2022-06-07,Mumbai,5,Yes,No
EMP03931,Harini Halder,Female,33,IT,Manager,M.Tech,18,130188.0,2021-02-28,Chennai,4,No,No
EMP03932,Jasmit Palla,Male,47,IT,Senior Analyst,BCA,17,78104.0,2020-07-31,Pune,1,No,No
EMP03933,Jasmit Manne,Female,27,HR,Team Lead,B.Tech,15,42842.0,2017-10-28,Mumbai,1,Yes,Yes
EMP03934,Vinaya Vaidya,Male,23,Marketing,Analyst,MCA,0,74503.0,2026-06-05,Chennai,2,No,No
EMP03935,Sanya Sangha,Female,53,IT,Team Lead,M.Tech,15,50953.0,2025-01-19,Pune,4,Yes,No
EMP03936,Robert Subramaniam,Male,43,IT,Senior Analyst,B.Tech,7,72051.0,2026-06-05,Mumbai,2,Yes,No
EMP03937,Qushi Sastry,Male,42,HR,Team Lead,BCA,18,59721.0,2023-08-30,Bangalore,3,Yes,No
EMP03938,Max Grover,Female,40,Marketing,Senior Analyst,BCA,9,67066.0,2021-03-04,Mumbai,5,No,No
EMP03939,Wridesh Madan,Male,25,Sales,Manager,M.Tech,11,65162.0,2021-02-16,Hyderabad,3,No,No
EMP03940,Charita Sharaf,Male,52,HR,Team Lead,MCA,12,56941.0,2020-01-27,Pune,1,No,No
EMP03941,Eiravati Pau,Female,24,Sales,Analyst,MBA,17,61982.0,2018-11-25,Chennai,1,Yes,No
EMP03942,Veer Sekhon,Male,26,HR,Senior Analyst,MCA,3,59084.0,2021-05-20,Mumbai,5,Yes,No
EMP03943,Gaurangi Khalsa,Female,48,Sales,Manager,MCA,6,57456.0,2019-12-08,Bangalore,1,Yes,No
EMP03944,Indrajit Yohannan,Male,35,IT,Team Lead,B.Tech,9,103176.0,2020-06-15,Bangalore,4,Yes,Yes
EMP03945,Ladli Dada,Male,26,HR,Manager,MCA,12,33575.0,2021-12-11,Hyderabad,4,No,No
EMP03946,Ladli Desai,Female,25,HR,Senior Analyst,B.Tech,7,37665.0,2021-06-06,Bangalore,1,Yes,No
EMP03947,Turvi Tata,Female,42,Finance,Manager,MCA,2,103835.0,2021-11-22,Bangalore,3,Yes,No
EMP03948,Ronith Kata,Male,60,Marketing,Analyst,BCA,20,72529.0,2021-12-16,Pune,4,No,No
EMP03949,Ekaja Chana,Female,36,HR,Team Lead,M.Tech,20,53469.0,2019-04-25,Pune,1,No,No
EMP03950,Inaya Palla,Male,37,Finance,Analyst,B.Tech,7,92383.0,2026-03-10,Hyderabad,5,No,No
EMP03951,Meera Bhardwaj,Female,49,Finance,Analyst,B.Tech,3,52120.0,2022-12-23,Pune,5,Yes,No
EMP03952,Zilmil Halder,Female,27,HR,Team Lead,M.Tech,11,59212.0,2016-10-27,Bangalore,3,No,No
EMP03953,Ranveer Dutt,Male,53,IT,Manager,MCA,15,94188.0,2019-09-22,Hyderabad,4,Yes,No
EMP03954,Ranveer Iyengar,Male,47,Sales,Senior Analyst,BCA,16,90894.0,2019-08-29,Chennai,1,No,No
EMP03955,Vasudha Lalla,Female,29,IT,Senior Analyst,MCA,2,58741.0,2020-11-21,Mumbai,3,No,No
EMP03956,Bhavna Bal,Male,50,Sales,Analyst,MBA,13,87619.0,2022-10-14,Pune,1,Yes,No
EMP03957,Madhav Ravel,Female,25,Finance,Team Lead,MBA,12,87097.0,2026-06-23,Bangalore,2,No,No
EMP03958,Harsh Kashyap,Male,53,IT,Manager,BCA,3,135135.0,2019-05-03,Chennai,1,No,No
EMP03959,Samuel Srivastava,Male,28,IT,Senior Analyst,MBA,6,135229.0,2026-03-22,Hyderabad,5,Yes,No
EMP03960,Rachit Kale,Male,51,IT,Senior Analyst,BCA,16,132767.0,2023-09-16,Hyderabad,3,No,No
EMP03961,Vaishnavi Sama,Female,38,Marketing,Analyst,BCA,12,58439.0,2022-07-03,Bangalore,5,Yes,No
EMP03962,Indali Bath,Male,50,Sales,Senior Analyst,MCA,9,47023.0,2023-05-31,Bangalore,1,No,No
EMP03963,Vidhi Mahajan,Male,41,Sales,Analyst,BCA,6,65551.0,2023-06-05,Pune,4,No,No
EMP03964,Qasim Chacko,Male,30,Sales,Senior Analyst,BCA,12,87212.0,2020-03-30,Chennai,3,Yes,Yes
EMP03965,Bimala Arora,Female,47,IT,Analyst,B.Tech,2,105407.0,2020-12-20,Mumbai,5,No,No
EMP03966,Bimala Thaman,Male,37,IT,Team Lead,MBA,20,141972.0,2019-10-08,Chennai,3,Yes,No
EMP03967,Atharv Agarwal,Female,34,IT,Senior Analyst,BCA,15,87568.0,2025-07-20,Chennai,3,No,No
EMP03968,Aditya Bhatti,Female,28,IT,Analyst,B.Tech,13,54421.0,2024-12-23,Chennai,1,Yes,No
EMP03969,Zayyan Mody,Male,28,Sales,Analyst,MBA,20,85743.0,2019-06-16,Mumbai,5,Yes,No
EMP03970,Naksh Randhawa,Female,50,Finance,Manager,BCA,17,101129.0,2024-01-25,Bangalore,5,Yes,No
EMP03971,Ekavir Yogi,Female,39,IT,Team Lead,MBA,8,63956.0,2024-08-06,Pune,4,Yes,No
EMP03972,Ishanvi Dhawan,Female,37,HR,Manager,M.Tech,8,76015.0,2019-02-24,Chennai,1,Yes,No
EMP03973,Tanmayi Saxena,Female,37,Finance,Analyst,MBA,16,92218.0,2018-06-14,Pune,1,No,No
EMP03974,Chavvi Ray,Male,29,IT,Team Lead,M.Tech,18,78084.0,2018-06-18,Chennai,5,No,No
EMP03975,Champak Badami,Female,32,Sales,Analyst,MCA,20,32339.0,2018-07-24,Pune,1,No,No
EMP03976,Harshil Kar,Female,50,Finance,Senior Analyst,MBA,18,65075.0,2018-08-18,Chennai,5,Yes,No
EMP03977,Inaya Sunder,Female,28,Finance,Analyst,M.Tech,6,67532.0,2018-12-25,Pune,3,Yes,No
EMP03978,Balhaar Palla,Male,54,Finance,Analyst,MBA,5,108958.0,2018-09-01,Mumbai,2,Yes,No
EMP03979,Fiyaz Bir,Female,59,IT,Team Lead,M.Tech,4,137522.0,2026-02-17,Hyderabad,5,Yes,No
EMP03980,Odika Mann,Male,43,HR,Manager,MBA,6,45821.0,2024-03-09,Chennai,2,No,No
EMP03981,Thomas De,Female,29,IT,Manager,B.Tech,6,118039.0,2019-12-03,Chennai,1,No,No
EMP03982,Ryan Jani,Female,53,IT,Senior Analyst,B.Tech,6,86604.0,2026-06-09,Hyderabad,3,No,No
EMP03983,Jalsa Gokhale,Male,41,HR,Senior Analyst,BCA,15,46671.0,2023-11-26,Mumbai,3,Yes,No
EMP03984,Ranveer Subramaniam,Female,38,IT,Analyst,MCA,14,127846.0,2022-08-18,Mumbai,4,Yes,No
EMP03985,Manbir Nori,Male,43,Marketing,Senior Analyst,MCA,19,53840.0,2024-04-05,Hyderabad,1,No,No
EMP03986,Siddharth Dhawan,Male,47,Sales,Team Lead,B.Tech,17,94447.0,2022-12-03,Chennai,2,No,No
EMP03987,Thomas Anne,Male,49,Marketing,Analyst,B.Tech,11,64742.0,2019-04-15,Mumbai,2,Yes,No
EMP03988,Madhav Agrawal,Male,37,HR,Senior Analyst,BCA,10,36794.0,2025-04-07,Bangalore,1,No,No
EMP03989,Harish Kant,Male,33,Sales,Team Lead,MBA,6,78884.0,2026-01-17,Mumbai,3,No,No
EMP03990,Simon Vohra,Male,33,IT,Senior Analyst,B.Tech,5,77673.0,2018-03-06,Bangalore,5,No,No
EMP03991,Gaurika Narayan,Female,25,HR,Team Lead,B.Tech,16,79322.0,2020-06-14,Mumbai,1,Yes,No
EMP03992,Avni Toor,Female,55,Finance,Senior Analyst,MBA,0,114047.0,2017-01-28,Mumbai,2,Yes,No
EMP03993,Sneha Mammen,Male,30,HR,Manager,BCA,3,57803.0,2020-08-19,Mumbai,1,Yes,No
EMP03994,Nidra Divan,Male,26,Finance,Manager,M.Tech,2,93808.0,2020-07-11,Pune,3,Yes,No
EMP03995,Harini Bhagat,Female,50,Marketing,Senior Analyst,M.Tech,0,47933.0,2020-04-08,Bangalore,1,Yes,No
EMP03996,Bhavini Nadkarni,Female,47,HR,Senior Analyst,MCA,14,34010.0,2020-08-31,Pune,3,No,No
EMP03997,Udarsh Bajwa,Male,22,IT,Team Lead,B.Tech,14,113999.0,2020-11-08,Pune,3,Yes,No
EMP03998,Faqid Rajagopal,Male,54,HR,Analyst,M.Tech,8,66160.0,2026-04-16,Hyderabad,5,Yes,No
EMP03999,Unni Kanda,Male,56,Marketing,Team Lead,MBA,10,38798.0,2018-12-14,Chennai,5,Yes,No
EMP04000,Anay Zacharia,Male,51,Sales,Analyst,MCA,16,93743.0,2024-04-02,Chennai,3,Yes,No
EMP04001,Siddharth Mukhopadhyay,Female,23,Sales,Manager,MBA,7,58359.0,2026-03-14,Chennai,4,Yes,No
EMP04002,Mugdha Mody,Male,49,Finance,Analyst,BCA,6,75530.0,2019-12-13,Mumbai,3,No,Yes
EMP04003,Bhavika Mander,Male,29,HR,Senior Analyst,MCA,0,68991.0,2018-10-30,Bangalore,2,No,No
EMP04004,Udyati Magar,Male,35,Finance,Manager,M.Tech,19,55115.0,2016-10-10,Hyderabad,1,No,No
EMP04005,Mekhala Karnik,Male,22,IT,Team Lead,MCA,17,126114.0,2024-05-17,Mumbai,2,Yes,No
EMP04006,Varenya Chand,Female,50,Finance,Team Lead,B.Tech,4,57648.0,2026-01-09,Pune,4,No,No
EMP04007,Mitali Sathe,Female,25,Finance,Manager,MCA,7,64324.0,2017-08-14,Hyderabad,5,Yes,No
EMP04008,Karan Chopra,Female,29,Sales,Senior Analyst,BCA,7,80408.0,2020-10-23,Chennai,2,Yes,No
EMP04009,Elijah Cheema,Male,36,Marketing,Team Lead,MCA,11,66240.0,2019-07-11,Bangalore,5,Yes,No
EMP04010,Jeevika Nagarajan,Female,56,Marketing,Team Lead,MCA,19,84383.0,2022-03-29,Pune,4,No,No
EMP04011,Eesha Dara,Female,38,Finance,Team Lead,B.Tech,17,55412.0,2017-04-06,Bangalore,3,No,No
EMP04012,Mugdha Shankar,Female,42,IT,Manager,MBA,20,97390.0,2021-04-21,Pune,1,Yes,No
EMP04013,Indira Pingle,Female,42,IT,Senior Analyst,BCA,3,145596.0,2026-04-21,Bangalore,1,Yes,No
EMP04014,Jalsa Mohan,Male,44,Sales,Analyst,MBA,20,40281.0,2022-07-12,Chennai,1,Yes,No
EMP04015,Tamanna Zachariah,Female,22,Sales,Analyst,BCA,8,86805.0,2025-10-01,Bangalore,3,Yes,No
EMP04016,Hemani Narain,Female,38,IT,Manager,MBA,9,143481.0,2020-10-20,Mumbai,2,No,No
EMP04017,Eesha Mammen,Female,23,Marketing,Team Lead,M.Tech,14,58003.0,2019-09-11,Mumbai,5,Yes,No
EMP04018,Owen Dey,Female,49,Sales,Analyst,BCA,12,85705.0,2025-12-22,Hyderabad,5,Yes,Yes
EMP04019,Qabil Rajan,Male,54,Finance,Analyst,B.Tech,19,88437.0,2024-06-13,Bangalore,4,No,No
EMP04020,Kamala Parsa,Male,45,HR,Team Lead,M.Tech,11,33924.0,2023-03-20,Bangalore,3,Yes,No
EMP04021,Neha Sawhney,Male,53,IT,Team Lead,BCA,10,52822.0,2026-02-14,Chennai,3,No,No
EMP04022,Yatin Bhasin,Male,24,Finance,Senior Analyst,B.Tech,12,69732.0,2026-03-15,Hyderabad,1,No,No
EMP04023,Bakhshi Divan,Female,46,Finance,Analyst,MBA,15,52590.0,2017-11-10,Mumbai,3,No,No
EMP04024,Yutika Buch,Male,38,Sales,Team Lead,BCA,12,84974.0,2019-04-17,Mumbai,2,Yes,No
EMP04025,Chameli Jani,Male,50,Marketing,Senior Analyst,MCA,2,40768.0,2019-10-29,Pune,4,Yes,No
EMP04026,Jai Dhar,Male,39,Marketing,Team Lead,M.Tech,14,84031.0,2021-02-27,Mumbai,3,Yes,No
EMP04027,Dominic Mani,Female,56,IT,Team Lead,MBA,18,136579.0,2019-03-04,Hyderabad,5,Yes,No
EMP04028,Chatura Tella,Male,52,Sales,Senior Analyst,MBA,17,95947.0,2020-07-30,Chennai,4,No,No
EMP04029,Max Shankar,Female,55,Sales,Analyst,MCA,18,91606.0,2016-11-05,Hyderabad,3,Yes,No
EMP04030,Zaid Wagle,Female,29,Sales,Manager,B.Tech,3,43056.0,2017-01-14,Mumbai,5,No,No
EMP04031,Manan Deshpande,Female,49,Sales,Manager,BCA,14,87044.0,2020-09-19,Mumbai,1,Yes,No
EMP04032,Hitesh Prashad,Female,30,Marketing,Team Lead,M.Tech,6,58906.0,2021-01-01,Mumbai,2,Yes,No
EMP04033,Viraj Doshi,Male,55,Finance,Team Lead,MBA,13,110040.0,2021-08-30,Chennai,3,Yes,No
EMP04034,Charan Butala,Female,35,IT,Manager,MBA,20,99121.0,2018-02-07,Bangalore,3,No,No
EMP04035,Faris Pall,Male,39,Finance,Analyst,MCA,15,108087.0,2022-09-06,Chennai,4,Yes,No
EMP04036,Chaman Chandra,Male,45,HR,Team Lead,MCA,11,79143.0,2026-06-20,Pune,5,No,Yes
EMP04037,Harini Mane,Female,51,IT,Team Lead,B.Tech,20,131383.0,2024-03-14,Pune,4,Yes,No
EMP04038,Janya Sarkar,Female,44,Finance,Team Lead,MCA,8,80011.0,2017-10-16,Chennai,4,No,No
EMP04039,Lekha Deep,Male,22,HR,Team Lead,BCA,7,52168.0,2026-05-01,Mumbai,3,Yes,No
EMP04040,Amol Oza,Female,30,IT,Senior Analyst,MBA,14,71043.0,2024-12-16,Chennai,5,No,No
EMP04041,Joshua Parmar,Female,32,Marketing,Manager,MBA,17,67635.0,2017-03-01,Bangalore,2,No,Yes
EMP04042,Lakshit Modi,Male,51,Finance,Manager,MCA,19,115819.0,2022-05-06,Pune,5,Yes,Yes
EMP04043,Falan Banik,Male,25,Marketing,Manager,M.Tech,9,47880.0,2026-05-17,Chennai,1,No,No
EMP04044,Dhriti Sridhar,Female,55,Sales,Team Lead,B.Tech,7,92678.0,2019-12-20,Pune,4,Yes,No
EMP04045,Girindra Munshi,Male,46,Finance,Senior Analyst,MBA,9,118957.0,2020-07-26,Mumbai,3,Yes,No
EMP04046,Upma Dugar,Female,24,Finance,Analyst,MBA,5,89971.0,2021-05-20,Mumbai,1,No,No
EMP04047,Finn Narain,Female,54,Finance,Senior Analyst,B.Tech,19,107446.0,2017-05-24,Bangalore,4,Yes,No
EMP04048,Urvi Gill,Female,59,IT,Analyst,B.Tech,16,58298.0,2020-01-12,Hyderabad,4,No,No
EMP04049,Pranit Date,Male,39,HR,Team Lead,BCA,5,58324.0,2022-08-20,Mumbai,1,Yes,No
EMP04050,Hritik Luthra,Male,29,Finance,Senior Analyst,M.Tech,18,91197.0,2022-01-27,Pune,4,No,No
EMP04051,Kiaan Bahl,Male,57,IT,Manager,M.Tech,7,58935.0,2020-05-19,Bangalore,3,No,No
EMP04052,Quincy Dugar,Male,31,Sales,Analyst,B.Tech,18,75728.0,2018-11-08,Hyderabad,5,Yes,Yes
EMP04053,Omaja Chatterjee,Female,59,Sales,Team Lead,B.Tech,19,80432.0,2017-05-16,Hyderabad,5,No,No
EMP04054,Eshana Chaudry,Female,44,HR,Team Lead,B.Tech,17,74280.0,2016-09-29,Mumbai,5,No,No
EMP04055,Dayita Natt,Male,41,Finance,Team Lead,BCA,7,107133.0,2026-07-09,Hyderabad,1,Yes,No
EMP04056,Sai Trivedi,Male,51,Finance,Senior Analyst,BCA,15,62909.0,2023-07-19,Chennai,2,No,No
EMP04057,Avni Munshi,Female,50,IT,Senior Analyst,MCA,10,96202.0,2023-01-20,Pune,5,Yes,No
EMP04058,Divya Uppal,Female,53,Finance,Senior Analyst,M.Tech,4,96717.0,2021-03-04,Mumbai,5,No,No
EMP04059,Ranveer Jayaraman,Female,50,Marketing,Senior Analyst,M.Tech,2,87516.0,2019-05-14,Chennai,4,No,No
EMP04060,Veda Jaggi,Male,25,Finance,Team Lead,BCA,17,95272.0,2025-02-15,Chennai,4,Yes,No
EMP04061,Baghyawati Ramaswamy,Female,42,Marketing,Senior Analyst,MCA,12,75660.0,2024-02-01,Bangalore,3,No,No
EMP04062,Prisha Chander,Male,23,HR,Team Lead,BCA,2,73628.0,2018-03-21,Pune,1,Yes,No
EMP04063,Hemal Chakraborty,Female,37,Finance,Senior Analyst,MBA,3,119288.0,2021-01-31,Bangalore,2,No,Yes
EMP04064,Atharv Chaudry,Female,47,Sales,Senior Analyst,MCA,14,99351.0,2023-06-20,Pune,1,Yes,No
EMP04065,Janya Doctor,Male,27,Marketing,Analyst,BCA,6,59250.0,2017-12-01,Pune,5,No,No
EMP04066,Rajata Lad,Male,36,Sales,Manager,BCA,12,88054.0,2022-04-09,Bangalore,1,No,No
EMP04067,Charita Mohanty,Female,45,Sales,Manager,BCA,18,54976.0,2024-01-02,Chennai,2,Yes,Yes
EMP04068,Tanay D’Alia,Female,35,HR,Manager,B.Tech,3,76245.0,2016-10-27,Hyderabad,5,No,No
EMP04069,Ubika Kant,Female,58,IT,Senior Analyst,MBA,2,50746.0,2016-08-16,Hyderabad,1,Yes,Yes
EMP04070,Lekha Taneja,Female,26,HR,Senior Analyst,M.Tech,8,31019.0,2024-03-14,Chennai,3,No,No
EMP04071,Meghana Singhal,Female,27,Marketing,Team Lead,B.Tech,13,61401.0,2026-05-03,Pune,5,Yes,Yes
EMP04072,Geetika Pillay,Male,24,Sales,Team Lead,MCA,15,40939.0,2018-10-24,Bangalore,1,No,Yes
EMP04073,Hiral Bora,Female,48,HR,Analyst,B.Tech,2,76381.0,2016-08-18,Chennai,4,Yes,No
EMP04074,Chasmum Bala,Female,25,Sales,Team Lead,MCA,15,93535.0,2021-07-13,Mumbai,3,No,No
EMP04075,Garima Handa,Female,32,HR,Senior Analyst,MCA,10,60945.0,2022-12-15,Chennai,3,Yes,No
EMP04076,Leena Sane,Female,29,Finance,Manager,MCA,18,79531.0,2019-06-03,Pune,1,Yes,No
EMP04077,Benjamin Loyal,Female,57,Finance,Analyst,MBA,15,59335.0,2020-06-02,Bangalore,3,Yes,No
EMP04078,Aashi Bose,Female,44,IT,Manager,BCA,18,115433.0,2026-05-25,Mumbai,2,No,No
EMP04079,Samarth Rau,Female,24,Finance,Team Lead,MCA,17,94993.0,2018-11-01,Pune,1,No,No
EMP04080,Lopa Kaul,Female,53,Sales,Analyst,M.Tech,4,64154.0,2024-05-10,Mumbai,1,No,No
EMP04081,Ekaraj Loyal,Male,50,IT,Manager,B.Tech,2,93044.0,2021-02-18,Chennai,5,No,No
EMP04082,Vamakshi Barad,Female,26,Marketing,Manager,M.Tech,14,37818.0,2024-10-26,Mumbai,1,No,No
EMP04083,Amruta Kata,Male,50,HR,Analyst,BCA,0,59182.0,2023-10-15,Chennai,5,Yes,No
EMP04084,Dalaja Saraf,Female,31,Sales,Senior Analyst,M.Tech,7,85828.0,2023-06-14,Chennai,4,No,No
EMP04085,Nitara Nair,Female,27,IT,Team Lead,BCA,1,91010.0,2020-05-21,Bangalore,4,No,No
EMP04086,Darika Balay,Female,44,IT,Analyst,M.Tech,2,140152.0,2020-09-27,Bangalore,1,No,No
EMP04087,Devansh Korpal,Female,45,Finance,Team Lead,MBA,17,77823.0,2022-08-30,Chennai,1,No,No
EMP04088,Yug Palan,Female,30,Finance,Analyst,M.Tech,15,50995.0,2025-01-30,Hyderabad,2,Yes,No
EMP04089,Bakhshi Chacko,Male,59,Sales,Senior Analyst,BCA,18,45377.0,2018-07-20,Pune,2,No,No
EMP04090,Triya Vora,Male,34,HR,Manager,MBA,11,70773.0,2020-09-29,Pune,1,Yes,No
EMP04091,Deepa Lal,Female,40,HR,Manager,MBA,1,52629.0,2024-03-22,Mumbai,5,Yes,No
EMP04092,Urvashi Saxena,Female,47,IT,Senior Analyst,BCA,5,137971.0,2024-05-07,Mumbai,2,No,No
EMP04093,Arunima Kuruvilla,Male,44,IT,Manager,BCA,0,123315.0,2024-03-11,Bangalore,4,Yes,No
EMP04094,Sudiksha Dugar,Female,25,IT,Senior Analyst,MCA,20,102195.0,2019-01-11,Pune,5,No,No
EMP04095,Bishakha Bhattacharyya,Female,46,Marketing,Analyst,MBA,3,55843.0,2026-01-25,Chennai,2,No,No
EMP04096,Ayush Ghosh,Male,46,Sales,Analyst,B.Tech,17,81978.0,2023-10-07,Pune,2,No,No
EMP04097,Alexander Rastogi,Male,31,Marketing,Senior Analyst,MCA,15,47321.0,2022-01-21,Pune,3,Yes,No
EMP04098,Samarth Khurana,Male,50,Marketing,Manager,B.Tech,0,60376.0,2025-12-27,Mumbai,4,Yes,No
EMP04099,Jagdish Goda,Male,25,Marketing,Analyst,BCA,6,76680.0,2019-02-24,Chennai,4,No,No
EMP04100,Nilima Patla,Male,58,Marketing,Senior Analyst,BCA,9,68769.0,2022-10-21,Bangalore,3,No,No
EMP04101,Brijesh Wali,Female,22,IT,Manager,BCA,7,141955.0,2025-06-26,Chennai,3,Yes,No
EMP04102,Veda Hora,Female,25,Finance,Team Lead,M.Tech,11,45696.0,2025-04-12,Hyderabad,1,No,No
EMP04103,David Gola,Male,32,Finance,Manager,MBA,0,61579.0,2019-07-05,Pune,3,Yes,No
EMP04104,Nicholas Sachdeva,Male,42,HR,Analyst,BCA,0,74933.0,2025-05-17,Mumbai,5,No,No
EMP04105,Jeet Narang,Male,56,Finance,Team Lead,B.Tech,10,84161.0,2023-01-10,Chennai,3,Yes,No
EMP04106,Netra Bail,Female,22,Finance,Manager,B.Tech,5,111915.0,2020-04-16,Pune,3,Yes,No
EMP04107,Eta Ahluwalia,Female,26,HR,Team Lead,MCA,0,54277.0,2023-05-26,Bangalore,1,Yes,No
EMP04108,Yutika Koshy,Male,50,Sales,Manager,MCA,5,63147.0,2023-08-24,Bangalore,3,Yes,No
EMP04109,Wahab Varghese,Female,27,HR,Analyst,MCA,19,78901.0,2025-09-28,Bangalore,3,Yes,No
EMP04110,Jagat Murthy,Male,53,HR,Team Lead,BCA,0,76739.0,2022-04-10,Pune,3,Yes,No
EMP04111,Waida Bail,Male,52,Sales,Manager,M.Tech,13,57897.0,2023-10-20,Hyderabad,4,No,No
EMP04112,Rehaan Wali,Male,24,Finance,Senior Analyst,MCA,7,111968.0,2025-01-04,Hyderabad,2,Yes,No
EMP04113,Gaurangi Apte,Female,24,Finance,Manager,BCA,1,93099.0,2017-12-10,Hyderabad,3,Yes,No
EMP04114,Chaman Bumb,Female,27,HR,Senior Analyst,MCA,15,43446.0,2024-11-19,Mumbai,1,Yes,No
EMP04115,Triveni Jhaveri,Female,41,Finance,Senior Analyst,MBA,12,82639.0,2017-12-21,Pune,2,Yes,No
EMP04116,Aayush Naik,Female,57,Sales,Analyst,MCA,10,66693.0,2022-12-09,Bangalore,5,No,No
EMP04117,Dalaja Chand,Male,56,IT,Manager,M.Tech,9,100000.0,2016-08-15,Mumbai,5,No,No
EMP04118,Sathvik Wali,Male,30,Finance,Senior Analyst,BCA,7,76438.0,2018-04-26,Pune,2,Yes,No
EMP04119,Abha Chaudhary,Male,28,HR,Manager,BCA,7,75318.0,2019-02-26,Hyderabad,3,Yes,No
EMP04120,Ronith Pillai,Male,23,Marketing,Team Lead,B.Tech,4,67483.0,2023-11-23,Mumbai,4,No,Yes
EMP04121,Upkaar Salvi,Female,31,Finance,Manager,BCA,16,84742.0,2016-08-21,Hyderabad,4,No,No
EMP04122,Zansi Wason,Male,48,Finance,Analyst,MCA,16,99849.0,2023-07-17,Hyderabad,4,Yes,No
EMP04123,Hemang Gupta,Male,34,Marketing,Senior Analyst,BCA,1,71356.0,2021-01-21,Mumbai,4,Yes,No
EMP04124,Nikita Ramesh,Female,51,IT,Manager,BCA,19,126125.0,2022-12-06,Chennai,3,Yes,No
EMP04125,Agastya Mandal,Female,34,Marketing,Manager,MBA,12,44083.0,2016-10-03,Mumbai,2,Yes,No
EMP04126,Zilmil Patla,Female,47,Finance,Analyst,B.Tech,17,95752.0,2016-10-12,Chennai,5,Yes,Yes
EMP04127,Tristan Batra,Female,46,Sales,Team Lead,M.Tech,5,78429.0,2024-08-20,Bangalore,4,Yes,Yes
EMP04128,Widisha Basu,Female,28,Finance,Manager,M.Tech,19,62585.0,2018-03-30,Chennai,1,Yes,No
EMP04129,Siddharth Golla,Male,38,IT,Analyst,M.Tech,1,123087.0,2024-09-22,Mumbai,3,No,Yes
EMP04130,Saanvi Joshi,Male,39,Sales,Senior Analyst,B.Tech,16,89775.0,2023-04-13,Pune,4,No,No
EMP04131,Edhitha Walla,Male,46,Marketing,Analyst,B.Tech,12,80354.0,2026-02-28,Bangalore,2,Yes,No
EMP04132,Aarna Handa,Female,41,Marketing,Analyst,MCA,0,62679.0,2025-01-13,Mumbai,5,No,No
EMP04133,Rushil Iyer,Male,35,Sales,Manager,M.Tech,7,33184.0,2019-01-31,Hyderabad,3,Yes,No
EMP04134,Rushil Narain,Female,23,Finance,Team Lead,BCA,3,61609.0,2016-11-03,Pune,3,No,No
EMP04135,Ira Salvi,Female,34,Marketing,Analyst,MCA,20,41450.0,2019-08-24,Hyderabad,1,No,No
EMP04136,Lekha Luthra,Female,38,Sales,Senior Analyst,B.Tech,12,48025.0,2018-07-23,Bangalore,4,Yes,No
EMP04137,Thomas Maharaj,Female,48,Finance,Manager,B.Tech,7,50114.0,2019-10-22,Bangalore,5,No,No
EMP04138,Frado Peri,Female,38,IT,Analyst,BCA,14,118269.0,2022-04-25,Pune,4,No,No
EMP04139,Frado Minhas,Female,54,Sales,Team Lead,MBA,13,80619.0,2019-12-28,Pune,2,No,Yes
EMP04140,Krishna Devan,Female,47,Sales,Manager,B.Tech,9,49620.0,2022-07-06,Mumbai,2,Yes,No
EMP04141,Mohammed Loke,Female,52,Finance,Team Lead,BCA,5,62730.0,2017-09-01,Chennai,1,Yes,No
EMP04142,Ishwar Raghavan,Male,50,Sales,Senior Analyst,M.Tech,8,43659.0,2025-09-24,Chennai,5,Yes,No
EMP04143,Daksh Sarna,Female,30,HR,Senior Analyst,MCA,19,38844.0,2025-12-03,Pune,4,No,No
EMP04144,Isha Murthy,Male,25,HR,Senior Analyst,MCA,18,57019.0,2022-10-17,Chennai,3,No,No
EMP04145,Mohammed Nadig,Female,34,Sales,Manager,BCA,20,36790.0,2026-03-03,Pune,5,Yes,No
EMP04146,Kavya Palla,Female,22,Finance,Manager,BCA,4,108050.0,2026-03-24,Bangalore,1,Yes,No
EMP04147,Zarna Koshy,Male,59,Finance,Manager,BCA,13,82403.0,2026-05-05,Pune,5,Yes,No
EMP04148,Dayita Mody,Male,49,Marketing,Manager,MCA,2,35416.0,2025-10-27,Mumbai,3,No,Yes
EMP04149,Xavier Kurian,Male,52,Sales,Team Lead,MBA,9,62586.0,2021-02-28,Hyderabad,4,No,Yes
EMP04150,Urmi Setty,Male,43,HR,Manager,B.Tech,0,72382.0,2023-06-24,Bangalore,4,Yes,No
EMP04151,Turvi Raju,Female,47,HR,Analyst,BCA,3,56978.0,2024-10-01,Chennai,1,No,No
EMP04152,Hiral Dugar,Female,22,IT,Senior Analyst,MCA,3,114839.0,2023-05-15,Bangalore,1,No,Yes
EMP04153,Darpan Guha,Female,38,Sales,Senior Analyst,MCA,5,49358.0,2018-10-13,Mumbai,3,No,No
EMP04154,Imaran Jani,Female,25,Sales,Team Lead,B.Tech,4,86499.0,2022-09-01,Pune,4,No,No
EMP04155,Daniel Sharma,Male,32,Sales,Team Lead,M.Tech,2,40707.0,2025-12-29,Pune,2,No,No
EMP04156,Om Borde,Male,25,Sales,Team Lead,BCA,11,94689.0,2022-08-12,Pune,3,Yes,No
EMP04157,Robert Bansal,Male,47,Marketing,Team Lead,B.Tech,5,84984.0,2026-07-19,Bangalore,2,Yes,No
EMP04158,Rachana Borde,Female,40,Marketing,Senior Analyst,B.Tech,15,65014.0,2023-06-15,Hyderabad,5,No,No
EMP04159,Alexander Dua,Female,40,Sales,Analyst,MCA,14,98852.0,2022-04-28,Chennai,4,Yes,No
EMP04160,Henry Zacharia,Female,31,Sales,Senior Analyst,MCA,20,81556.0,2017-10-09,Bangalore,5,Yes,No
EMP04161,Umang Sachdev,Female,57,Finance,Team Lead,MCA,14,54761.0,2020-10-26,Hyderabad,5,Yes,Yes
EMP04162,Advay Seth,Female,30,Marketing,Analyst,B.Tech,18,51228.0,2022-10-28,Mumbai,2,No,Yes
EMP04163,Zilmil Kulkarni,Female,25,Sales,Senior Analyst,MCA,16,75698.0,2022-10-29,Mumbai,5,Yes,No
EMP04164,Kashish Gandhi,Male,45,IT,Team Lead,B.Tech,10,134312.0,2018-09-12,Pune,3,No,No
EMP04165,Dhriti Handa,Male,40,Sales,Senior Analyst,MCA,3,49318.0,2019-09-10,Pune,1,No,No
EMP04166,Nilima Jha,Male,26,IT,Senior Analyst,M.Tech,16,52635.0,2018-01-11,Pune,5,No,No
EMP04167,Ekiya Chandran,Female,42,HR,Analyst,MBA,10,59478.0,2024-06-16,Hyderabad,1,Yes,No
EMP04168,Ucchal Devi,Male,33,Marketing,Manager,MCA,5,39805.0,2022-05-09,Hyderabad,1,Yes,No
EMP04169,Karan Ramesh,Male,51,Sales,Manager,BCA,8,64416.0,2022-10-22,Chennai,1,No,No
EMP04170,Rachit Chanda,Male,47,IT,Senior Analyst,MBA,14,53294.0,2020-07-07,Hyderabad,2,No,No
EMP04171,Balveer Raj,Male,30,Finance,Manager,MCA,5,78471.0,2022-07-13,Chennai,2,Yes,No
EMP04172,Raksha Basak,Female,24,Finance,Manager,M.Tech,19,113848.0,2021-03-07,Mumbai,2,No,Yes
EMP04173,Gagan Palla,Female,32,Marketing,Senior Analyst,M.Tech,16,67686.0,2021-05-24,Mumbai,5,No,No
EMP04174,Anay Soni,Female,45,HR,Team Lead,MCA,12,67074.0,2018-10-01,Bangalore,5,Yes,No
EMP04175,Manthan Malhotra,Male,55,Marketing,Senior Analyst,MBA,11,64646.0,2017-04-15,Hyderabad,5,Yes,No
EMP04176,Bina Dutta,Female,32,IT,Manager,MCA,13,96124.0,2025-05-29,Chennai,5,No,No
EMP04177,Upma De,Male,34,IT,Senior Analyst,BCA,11,134250.0,2024-02-23,Chennai,5,Yes,No
EMP04178,Aayush Patla,Female,43,IT,Manager,BCA,6,134036.0,2025-11-29,Mumbai,4,Yes,No
EMP04179,Bina Oommen,Male,29,Finance,Analyst,BCA,12,92287.0,2024-01-08,Bangalore,2,No,No
EMP04180,Chanakya Bandi,Female,55,Marketing,Manager,BCA,13,55164.0,2023-08-07,Bangalore,3,Yes,No
EMP04181,Daksha Badami,Male,48,HR,Senior Analyst,BCA,10,44896.0,2023-06-24,Mumbai,1,No,No
EMP04182,Peter Dhingra,Male,32,HR,Manager,M.Tech,15,55105.0,2025-01-14,Hyderabad,4,No,No
EMP04183,Lila Chokshi,Female,42,Finance,Senior Analyst,BCA,5,68460.0,2026-01-16,Bangalore,3,Yes,No
EMP04184,Charles Randhawa,Male,50,Sales,Team Lead,MBA,6,94487.0,2017-07-10,Mumbai,2,Yes,Yes
EMP04185,Yuvraj Datta,Female,29,Sales,Manager,MCA,20,69293.0,2024-06-19,Pune,5,No,No
EMP04186,Ryan Agate,Female,22,HR,Senior Analyst,MBA,20,47216.0,2017-03-22,Chennai,1,No,No
EMP04187,Ansh Kapur,Male,50,Finance,Analyst,MCA,7,99267.0,2020-03-27,Bangalore,5,Yes,No
EMP04188,Anya Kale,Male,27,Sales,Manager,MBA,2,45543.0,2025-11-10,Hyderabad,1,No,No
EMP04189,Meera Kade,Female,48,Sales,Manager,BCA,18,43816.0,2021-03-24,Mumbai,4,No,No
EMP04190,Unnati Thaman,Female,25,Finance,Team Lead,B.Tech,12,46252.0,2021-02-22,Pune,1,Yes,No
EMP04191,Yatan Seshadri,Female,51,IT,Manager,MCA,5,101407.0,2018-05-29,Chennai,3,No,No
EMP04192,Raagini Naik,Male,59,Finance,Manager,MBA,11,105028.0,2022-08-03,Pune,1,Yes,No
EMP04193,Rachit Menon,Male,31,Sales,Senior Analyst,B.Tech,0,86783.0,2025-04-24,Bangalore,5,No,No
EMP04194,Baljiwan Kumar,Female,23,Finance,Manager,BCA,5,60372.0,2026-04-11,Chennai,3,Yes,No
EMP04195,Zehaan Randhawa,Female,32,Finance,Analyst,MBA,7,46663.0,2021-01-30,Mumbai,1,No,No
EMP04196,Mugdha Dara,Female,29,HR,Team Lead,BCA,18,43264.0,2021-06-10,Chennai,1,Yes,Yes
EMP04197,Eshana Sabharwal,Male,36,Finance,Manager,MBA,12,60958.0,2024-11-11,Bangalore,3,Yes,No
EMP04198,Champak Munshi,Female,50,Sales,Manager,B.Tech,3,45679.0,2020-05-06,Bangalore,5,No,No
EMP04199,George Buch,Female,25,Finance,Manager,MCA,14,49230.0,2020-01-28,Mumbai,4,Yes,No
EMP04200,Vansha Gole,Male,23,HR,Manager,M.Tech,4,69654.0,2021-01-25,Mumbai,3,No,No
EMP04201,Luke Sridhar,Male,38,Finance,Senior Analyst,MBA,18,115668.0,2021-01-21,Pune,5,No,No
EMP04202,Siddharth Sharma,Male,50,Marketing,Team Lead,M.Tech,12,70251.0,2021-05-25,Hyderabad,2,Yes,No
EMP04203,Chatura Kunda,Female,38,IT,Manager,MCA,18,143458.0,2023-07-15,Mumbai,3,Yes,No
EMP04204,Gautam Parsa,Male,46,IT,Manager,B.Tech,6,149758.0,2023-05-03,Bangalore,1,No,No
EMP04205,Hiral Mahal,Female,23,Finance,Senior Analyst,M.Tech,14,113404.0,2021-04-11,Hyderabad,3,No,No
EMP04206,Radhika Iyer,Female,27,Sales,Manager,MCA,19,45600.0,2022-04-19,Bangalore,5,No,No
EMP04207,Utkarsh Krishnan,Female,37,HR,Manager,M.Tech,6,73297.0,2018-02-09,Bangalore,2,Yes,No
EMP04208,Jackson Majumdar,Male,37,Marketing,Manager,M.Tech,2,58892.0,2022-08-31,Bangalore,1,No,No
EMP04209,Michael Suri,Female,40,Finance,Team Lead,BCA,19,51312.0,2021-01-10,Pune,5,Yes,No
EMP04210,Oni Kumer,Male,53,Sales,Analyst,BCA,3,59194.0,2019-05-19,Mumbai,2,No,No
EMP04211,Samarth Chander,Female,25,Marketing,Manager,M.Tech,19,38561.0,2017-06-17,Bangalore,3,No,Yes
EMP04212,Madhav Parmer,Female,28,IT,Analyst,MBA,13,133713.0,2025-12-12,Chennai,2,No,No
EMP04213,Ansh Naik,Female,25,HR,Analyst,MCA,0,56819.0,2022-02-17,Mumbai,3,Yes,No
EMP04214,Madhav Barad,Female,53,Sales,Team Lead,MBA,0,63416.0,2017-07-09,Hyderabad,3,Yes,No
EMP04215,Imaran Varkey,Female,26,IT,Manager,BCA,7,57696.0,2020-01-25,Chennai,3,No,No
EMP04216,Wyatt Batta,Female,51,HR,Manager,MCA,4,74974.0,2019-07-06,Bangalore,5,No,No
EMP04217,Megha Tripathi,Male,45,Marketing,Analyst,M.Tech,11,68164.0,2020-02-19,Mumbai,1,Yes,No
EMP04218,Vedhika Tripathi,Female,30,IT,Senior Analyst,MBA,4,102889.0,2017-01-14,Chennai,4,Yes,No
EMP04219,Chandran Kar,Male,49,Marketing,Senior Analyst,B.Tech,10,72830.0,2023-07-15,Mumbai,3,No,No
EMP04220,Pratyush Bali,Male,27,Sales,Senior Analyst,M.Tech,6,66471.0,2025-11-07,Bangalore,1,Yes,No
EMP04221,Ekaraj Master,Female,28,Sales,Team Lead,BCA,20,74416.0,2024-10-13,Hyderabad,5,No,No
EMP04222,Tanveer Dhaliwal,Male,52,Sales,Team Lead,BCA,7,50590.0,2022-04-11,Mumbai,2,No,No
EMP04223,Ekbal Madan,Male,42,HR,Senior Analyst,B.Tech,3,60333.0,2026-06-26,Hyderabad,3,Yes,No
EMP04224,Girik Lanka,Female,52,Sales,Manager,MCA,4,42583.0,2026-02-08,Chennai,2,Yes,No
EMP04225,Advaith Thaman,Male,48,Finance,Team Lead,MCA,6,74188.0,2026-03-12,Pune,5,Yes,No
EMP04226,Tara Naidu,Female,24,Sales,Manager,M.Tech,16,52372.0,2019-07-19,Hyderabad,5,No,No
EMP04227,Vihaan Wali,Female,33,HR,Senior Analyst,MBA,11,78147.0,2023-01-21,Bangalore,4,Yes,No
EMP04228,Yutika Varma,Female,23,Sales,Analyst,MCA,16,90690.0,2017-12-24,Pune,5,Yes,No
EMP04229,Vidhi Dani,Male,48,HR,Manager,MCA,13,39411.0,2025-01-09,Bangalore,1,Yes,No
EMP04230,Aarush Varma,Female,23,Sales,Senior Analyst,MCA,6,47783.0,2022-09-29,Bangalore,3,No,No
EMP04231,Lakshmi Borra,Female,35,Finance,Manager,BCA,10,94771.0,2025-09-23,Hyderabad,4,No,No
EMP04232,Rohan Gade,Female,37,IT,Senior Analyst,M.Tech,16,54066.0,2018-09-08,Mumbai,5,Yes,No
EMP04233,Avi Bhasin,Male,46,HR,Team Lead,MBA,4,72907.0,2019-09-30,Pune,2,No,No
EMP04234,Fariq Krish,Male,42,Finance,Manager,B.Tech,8,82768.0,2018-04-19,Hyderabad,2,Yes,No
EMP04235,Arjun Pingle,Female,38,Marketing,Team Lead,B.Tech,6,86440.0,2023-10-03,Mumbai,5,No,No
EMP04236,Lakshit Guha,Male,57,IT,Manager,BCA,6,117869.0,2017-02-27,Chennai,5,Yes,Yes
EMP04237,Dipta Vig,Male,46,Marketing,Senior Analyst,M.Tech,19,52235.0,2021-01-01,Hyderabad,5,Yes,No
EMP04238,Harrison Wali,Female,22,IT,Team Lead,B.Tech,12,69097.0,2020-12-08,Chennai,5,No,No
EMP04239,Yuvraj Savant,Male,22,Finance,Team Lead,MBA,3,52501.0,2023-05-07,Mumbai,3,No,No
EMP04240,Tejas Taneja,Female,41,HR,Analyst,B.Tech,10,71061.0,2023-11-25,Hyderabad,3,Yes,Yes
EMP04241,Saksham Issac,Male,57,Marketing,Manager,BCA,16,70802.0,2021-07-15,Mumbai,1,Yes,No
EMP04242,Rehaan Saraf,Male,35,IT,Manager,BCA,14,63036.0,2022-02-02,Hyderabad,4,Yes,No
EMP04243,Banjeet Shenoy,Female,38,Marketing,Team Lead,B.Tech,20,56868.0,2024-06-13,Chennai,2,Yes,No
EMP04244,Urvashi Singh,Female,53,HR,Manager,B.Tech,5,58280.0,2023-12-03,Mumbai,2,Yes,No
EMP04245,Laksh Sathe,Male,41,Marketing,Senior Analyst,M.Tech,2,79823.0,2022-11-25,Pune,2,Yes,No
EMP04246,Lakshmi Hayer,Female,46,Marketing,Team Lead,B.Tech,15,72355.0,2021-08-19,Bangalore,5,Yes,No
EMP04247,Gunbir Bhavsar,Female,39,Marketing,Manager,B.Tech,1,39306.0,2024-09-09,Mumbai,1,Yes,No
EMP04248,Hema Mukhopadhyay,Female,50,IT,Team Lead,MBA,3,70904.0,2025-11-28,Bangalore,2,Yes,No
EMP04249,Oni Agate,Female,55,HR,Analyst,MBA,6,37005.0,2021-08-19,Bangalore,3,Yes,No
EMP04250,Nihal Viswanathan,Male,27,HR,Team Lead,M.Tech,4,62370.0,2024-08-12,Hyderabad,1,No,No
EMP04251,Gautami Shenoy,Female,30,HR,Manager,B.Tech,0,47151.0,2023-06-20,Chennai,1,Yes,No
EMP04252,Rayaan Mukhopadhyay,Male,23,IT,Analyst,MBA,18,95105.0,2025-08-04,Mumbai,2,No,No
EMP04253,Yamini Varughese,Male,31,IT,Senior Analyst,M.Tech,7,102029.0,2018-12-10,Bangalore,1,Yes,No
EMP04254,Alexander Raja,Male,60,Finance,Team Lead,BCA,1,68150.0,2022-07-01,Bangalore,3,No,Yes
EMP04255,Rehaan Patel,Male,47,Marketing,Analyst,MBA,12,40397.0,2020-11-07,Chennai,2,No,No
EMP04256,Girik Minhas,Female,25,HR,Analyst,MBA,1,71469.0,2026-04-09,Hyderabad,3,Yes,No
EMP04257,Zehaan Mitra,Female,33,HR,Manager,B.Tech,6,53751.0,2021-12-14,Pune,1,Yes,Yes
EMP04258,Faras Garde,Male,53,Sales,Senior Analyst,BCA,18,65665.0,2018-06-02,Pune,1,No,No
EMP04259,Manthan Badami,Male,59,IT,Manager,MBA,6,79011.0,2017-02-12,Hyderabad,1,Yes,No
EMP04260,Alka Vora,Male,43,Sales,Manager,MBA,0,92620.0,2024-05-19,Pune,2,Yes,No
EMP04261,Panini Mittal,Male,55,Marketing,Team Lead,MBA,1,49568.0,2024-08-20,Pune,2,Yes,No
EMP04262,Aarav Krishna,Male,22,Marketing,Analyst,M.Tech,3,73538.0,2025-01-01,Pune,1,No,No
EMP04263,Falak Sastry,Male,41,HR,Manager,M.Tech,12,61990.0,2026-06-07,Hyderabad,1,No,No
EMP04264,Turvi Shankar,Male,36,Finance,Team Lead,MCA,11,45712.0,2023-05-30,Pune,5,No,No
EMP04265,Patrick Sachdeva,Male,60,Finance,Analyst,B.Tech,9,66146.0,2023-12-24,Hyderabad,2,Yes,Yes
EMP04266,Nitesh Cherian,Male,47,IT,Analyst,M.Tech,12,95620.0,2016-09-24,Bangalore,4,No,No
EMP04267,Udyati Rau,Male,46,IT,Manager,MBA,14,95029.0,2025-06-09,Pune,1,No,No
EMP04268,Jagvi Iyer,Male,54,Finance,Team Lead,B.Tech,3,96308.0,2026-06-18,Mumbai,4,No,No
EMP04269,Priya Mann,Female,32,Finance,Analyst,B.Tech,17,118151.0,2019-07-30,Bangalore,3,No,No
EMP04270,Lila Trivedi,Female,36,IT,Team Lead,MBA,0,79801.0,2026-03-10,Chennai,3,Yes,No
EMP04271,Eta Manda,Female,29,Sales,Manager,MCA,9,48698.0,2018-09-03,Pune,2,Yes,No
EMP04272,Naksh Raghavan,Male,25,Sales,Senior Analyst,M.Tech,11,78261.0,2019-09-05,Bangalore,4,No,No
EMP04273,Gaurangi Chand,Female,38,Sales,Senior Analyst,MBA,15,55663.0,2018-02-20,Hyderabad,5,No,No
EMP04274,Yachana Gade,Male,58,HR,Senior Analyst,MCA,13,71234.0,2018-08-27,Pune,1,Yes,Yes
EMP04275,Watika Kurian,Male,34,Sales,Manager,BCA,13,68945.0,2025-01-14,Chennai,3,Yes,No
EMP04276,Mitesh Suresh,Male,45,Finance,Senior Analyst,MCA,1,101084.0,2016-08-20,Pune,2,Yes,Yes
EMP04277,Ojas Sant,Female,33,HR,Senior Analyst,M.Tech,8,78693.0,2020-06-02,Bangalore,5,No,Yes
EMP04278,Ishita Rajagopalan,Male,28,Sales,Manager,B.Tech,2,94459.0,2020-05-06,Chennai,5,Yes,No
EMP04279,Rohan Sidhu,Male,50,Sales,Senior Analyst,M.Tech,17,65148.0,2018-08-13,Hyderabad,2,No,No
EMP04280,Henry Zacharia,Male,59,Marketing,Manager,MCA,20,41771.0,2026-06-11,Chennai,1,Yes,Yes
EMP04281,Vedant Bumb,Female,52,IT,Manager,MCA,12,87341.0,2016-12-10,Chennai,5,No,No
EMP04282,Yasti Mitra,Female,44,Finance,Analyst,BCA,5,88370.0,2019-01-02,Pune,2,Yes,No
EMP04283,Neelima Rau,Male,54,Sales,Manager,BCA,14,32046.0,2019-02-22,Bangalore,2,No,No
EMP04284,Harini Johal,Male,42,Sales,Team Lead,B.Tech,3,62883.0,2026-04-27,Bangalore,2,Yes,No
EMP04285,Pranit Mody,Male,56,Marketing,Analyst,M.Tech,13,57108.0,2019-09-25,Mumbai,1,No,No
EMP04286,Ekantika Pingle,Male,43,HR,Senior Analyst,BCA,16,43445.0,2023-01-22,Chennai,4,Yes,No
EMP04287,Yatin Sharaf,Male,57,IT,Team Lead,BCA,17,79488.0,2018-06-19,Bangalore,4,No,No
EMP04288,Kabir Kannan,Male,59,Finance,Analyst,BCA,12,63654.0,2019-11-01,Pune,1,No,No
EMP04289,Jeet Misra,Female,53,IT,Team Lead,MCA,18,110056.0,2025-04-24,Pune,3,Yes,Yes
EMP04290,Odika Kala,Male,54,Finance,Manager,MBA,18,60251.0,2018-07-11,Chennai,2,No,No
EMP04291,Hiral Thaker,Female,45,HR,Manager,MBA,3,75339.0,2019-10-03,Chennai,5,No,No
EMP04292,Nakul Chokshi,Female,33,Marketing,Manager,B.Tech,14,75955.0,2026-01-21,Hyderabad,4,Yes,No
EMP04293,Sara Bandi,Male,34,HR,Analyst,M.Tech,8,44965.0,2022-09-03,Bangalore,3,No,No
EMP04294,Ranbir Raman,Female,26,Finance,Senior Analyst,MCA,10,59314.0,2017-05-12,Hyderabad,1,No,No
EMP04295,Jeevika Sant,Female,46,Finance,Analyst,MBA,16,75235.0,2023-08-07,Bangalore,3,Yes,No
EMP04296,Naksh Divan,Male,39,Marketing,Senior Analyst,B.Tech,3,65853.0,2022-05-14,Chennai,2,No,No
EMP04297,Ekiya Thakkar,Male,26,Sales,Senior Analyst,BCA,6,90620.0,2022-01-28,Mumbai,3,Yes,No
EMP04298,Falak Bala,Female,29,Sales,Manager,M.Tech,2,54699.0,2024-09-04,Hyderabad,4,Yes,No
EMP04299,Aryan Bhatti,Female,46,IT,Senior Analyst,BCA,3,147051.0,2022-08-07,Chennai,2,No,No
EMP04300,Simon Peri,Male,44,Finance,Team Lead,BCA,17,108108.0,2024-10-02,Pune,3,No,No
EMP04301,Wahab Sridhar,Male,26,Finance,Analyst,MBA,9,104252.0,2021-05-18,Mumbai,5,No,No
EMP04302,Eta Tak,Female,23,Marketing,Analyst,M.Tech,5,61510.0,2020-12-11,Mumbai,5,No,No
EMP04303,Raagini Bajwa,Female,57,HR,Team Lead,MBA,17,42736.0,2019-01-12,Mumbai,1,No,Yes
EMP04304,Priya Ramesh,Male,38,Sales,Analyst,M.Tech,13,31281.0,2024-04-27,Mumbai,1,Yes,No
EMP04305,Urvashi Mohanty,Male,57,Sales,Senior Analyst,MBA,9,82710.0,2024-04-15,Bangalore,4,Yes,No
EMP04306,Harita Natarajan,Female,35,Sales,Manager,B.Tech,12,34454.0,2017-10-03,Bangalore,3,Yes,No
EMP04307,Kabir Ganesh,Male,31,IT,Senior Analyst,M.Tech,16,61191.0,2023-12-01,Bangalore,3,No,No
EMP04308,George Pillai,Male,39,IT,Analyst,BCA,20,80042.0,2020-11-05,Chennai,3,No,Yes
EMP04309,Pranit Chandran,Male,57,Finance,Manager,M.Tech,8,69238.0,2020-05-20,Bangalore,2,Yes,No
EMP04310,Eta Patel,Male,53,Finance,Analyst,M.Tech,20,62235.0,2018-08-05,Bangalore,3,No,No
EMP04311,William Raja,Male,24,HR,Senior Analyst,BCA,18,42150.0,2019-03-02,Hyderabad,4,No,No
EMP04312,Vihaan Bumb,Male,54,IT,Team Lead,BCA,13,56730.0,2022-02-05,Chennai,5,No,No
EMP04313,Lakshmi Gupta,Female,60,Finance,Analyst,MBA,0,65255.0,2019-12-16,Hyderabad,4,No,No
EMP04314,Anita Sastry,Male,37,Marketing,Analyst,MBA,16,39650.0,2020-02-13,Chennai,5,Yes,Yes
EMP04315,Irya Mannan,Female,36,HR,Team Lead,M.Tech,16,63471.0,2017-08-02,Hyderabad,1,Yes,No
EMP04316,Benjamin Kalla,Male,39,HR,Manager,M.Tech,14,72352.0,2018-09-27,Pune,2,No,No
EMP04317,Pratyush Rajan,Male,37,HR,Senior Analyst,BCA,13,68670.0,2018-03-19,Chennai,2,No,No
EMP04318,Sarthak Barman,Male,43,Marketing,Manager,B.Tech,13,41496.0,2025-03-11,Hyderabad,1,No,No
EMP04319,Dalaja Parekh,Female,46,Finance,Manager,BCA,17,48848.0,2022-06-28,Bangalore,3,Yes,Yes
EMP04320,Abha Nagarajan,Female,28,HR,Senior Analyst,BCA,17,30057.0,2022-01-03,Mumbai,2,No,No
EMP04321,Zehaan Chandra,Female,47,HR,Senior Analyst,B.Tech,9,65946.0,2018-09-19,Chennai,5,No,No
EMP04322,Quincy Dugar,Male,50,IT,Manager,MBA,15,79014.0,2025-04-09,Bangalore,4,Yes,No
EMP04323,Andrew Gour,Male,37,Marketing,Manager,M.Tech,20,79995.0,2023-05-18,Mumbai,5,Yes,No
EMP04324,Waida Som,Female,59,Finance,Team Lead,B.Tech,11,107195.0,2018-10-17,Chennai,4,Yes,No
EMP04325,Yashasvi Baria,Female,48,HR,Analyst,M.Tech,15,78584.0,2017-05-16,Pune,3,Yes,No
EMP04326,Falak Mutti,Female,55,Sales,Team Lead,M.Tech,15,89360.0,2021-05-11,Hyderabad,5,No,No
EMP04327,Ranbir Mutti,Male,50,Sales,Team Lead,MCA,16,60633.0,2024-05-12,Mumbai,5,Yes,No
EMP04328,Girish Shukla,Male,39,HR,Team Lead,MCA,19,54728.0,2017-03-27,Bangalore,2,No,Yes
EMP04329,Sachi Dara,Female,55,Finance,Senior Analyst,M.Tech,15,53157.0,2024-02-18,Pune,5,Yes,No
EMP04330,Pratyush Lal,Female,48,Finance,Senior Analyst,B.Tech,3,45441.0,2021-07-10,Mumbai,3,Yes,No
EMP04331,Dalaja Subramaniam,Female,35,HR,Manager,MCA,16,77594.0,2024-06-17,Bangalore,2,No,No
EMP04332,Chanchal Sarin,Female,42,Marketing,Team Lead,BCA,17,35629.0,2023-07-08,Bangalore,5,No,No
EMP04333,Divya Handa,Male,53,IT,Senior Analyst,M.Tech,19,127802.0,2024-04-12,Hyderabad,1,Yes,No
EMP04334,Laban Lad,Female,45,HR,Team Lead,B.Tech,19,49922.0,2026-05-02,Pune,1,Yes,Yes
EMP04335,Xavier Butala,Female,52,Finance,Team Lead,M.Tech,11,103760.0,2023-11-14,Chennai,2,Yes,No
EMP04336,Edhitha Karnik,Female,22,Marketing,Team Lead,MBA,2,35704.0,2020-02-17,Bangalore,3,No,No
EMP04337,Upma Narayanan,Female,29,Finance,Analyst,M.Tech,6,113599.0,2018-10-23,Chennai,1,Yes,No
EMP04338,Pranav Kata,Male,43,Finance,Senior Analyst,BCA,12,60261.0,2023-10-21,Chennai,4,No,No
EMP04339,Jai Biswas,Female,46,IT,Manager,M.Tech,5,88441.0,2024-02-13,Bangalore,5,Yes,No
EMP04340,Varsha Bhatti,Female,50,Sales,Team Lead,MBA,6,60165.0,2023-07-03,Pune,3,No,No
EMP04341,Ikbal Ghose,Female,33,Finance,Manager,BCA,0,95397.0,2026-01-06,Pune,2,Yes,No
EMP04342,Charles Gokhale,Female,60,Marketing,Manager,M.Tech,17,45315.0,2021-01-22,Chennai,4,Yes,No
EMP04343,Frado Doshi,Female,55,Marketing,Analyst,MCA,3,68678.0,2022-05-18,Bangalore,3,Yes,No
EMP04344,Adweta Ramanathan,Female,38,HR,Team Lead,BCA,13,44618.0,2023-12-04,Hyderabad,4,Yes,No
EMP04345,Zilmil Bhatt,Male,32,Marketing,Senior Analyst,BCA,7,64503.0,2024-03-10,Mumbai,3,No,No
EMP04346,Anmol Vasa,Male,39,HR,Team Lead,MCA,2,74990.0,2022-07-08,Chennai,5,Yes,No
EMP04347,Qarin Ravi,Female,57,IT,Manager,B.Tech,15,74318.0,2026-03-15,Hyderabad,1,No,No
EMP04348,Jeevika Sridhar,Male,50,HR,Analyst,MCA,13,52836.0,2017-04-09,Bangalore,1,No,No
EMP04349,Vivaan Choudhury,Female,46,IT,Manager,M.Tech,7,102289.0,2024-05-16,Pune,5,Yes,No
EMP04350,Lajita Manda,Female,52,HR,Senior Analyst,MBA,4,47780.0,2019-01-19,Bangalore,5,No,No
EMP04351,Udyati Lanka,Male,30,Finance,Analyst,M.Tech,10,88048.0,2017-07-30,Pune,3,No,No
EMP04352,Ethan Chad,Female,41,IT,Senior Analyst,M.Tech,5,120528.0,2025-01-21,Mumbai,2,No,No
EMP04353,Aayush Bath,Male,37,Marketing,Manager,MBA,14,61455.0,2017-11-20,Chennai,3,No,No
EMP04354,Jyoti Dhar,Male,55,Marketing,Manager,M.Tech,19,73215.0,2020-06-06,Chennai,2,Yes,No
EMP04355,Radhika Deshpande,Male,40,Sales,Analyst,MCA,3,61372.0,2024-08-18,Pune,3,No,No
EMP04356,Omaja Chhabra,Male,45,Sales,Team Lead,MCA,5,90036.0,2018-06-03,Pune,2,No,Yes
EMP04357,Naveen Gandhi,Female,38,Marketing,Manager,B.Tech,13,39177.0,2019-06-28,Mumbai,4,No,Yes
EMP04358,Daniel Sethi,Male,29,IT,Team Lead,MBA,14,91629.0,2021-05-07,Bangalore,2,No,No
EMP04359,Adweta Mukherjee,Male,36,Marketing,Team Lead,MBA,5,71624.0,2024-03-19,Mumbai,5,Yes,No
EMP04360,Nitesh Buch,Female,52,IT,Manager,BCA,17,135481.0,2018-12-02,Chennai,3,Yes,No
EMP04361,Owen Palla,Male,60,IT,Senior Analyst,MCA,6,125460.0,2020-02-08,Chennai,4,No,No
EMP04362,Gabriel Ben,Female,52,Sales,Analyst,M.Tech,12,62090.0,2018-06-07,Chennai,2,No,Yes
EMP04363,Tanmayi Bains,Female,36,Finance,Senior Analyst,M.Tech,14,114143.0,2023-10-08,Chennai,2,Yes,No
EMP04364,Rachit Saran,Female,30,HR,Team Lead,M.Tech,0,42968.0,2023-07-05,Mumbai,4,No,No
EMP04365,Samar Mallick,Female,39,IT,Manager,MBA,19,83143.0,2020-06-05,Bangalore,3,Yes,No
EMP04366,Victor Chand,Male,38,Finance,Team Lead,MCA,9,80261.0,2021-07-01,Bangalore,2,Yes,No
EMP04367,Vrinda Bhagat,Male,26,Finance,Senior Analyst,M.Tech,12,67332.0,2022-01-01,Mumbai,2,No,Yes
EMP04368,Anay Wali,Male,59,Marketing,Senior Analyst,BCA,5,69906.0,2024-11-11,Pune,2,No,Yes
EMP04369,Wyatt Sehgal,Female,55,Sales,Manager,M.Tech,0,67858.0,2024-02-29,Chennai,5,Yes,No
EMP04370,Yadavi Bora,Male,34,IT,Analyst,MCA,2,128788.0,2018-04-15,Hyderabad,3,Yes,No
EMP04371,Hardik Shukla,Female,54,Sales,Team Lead,B.Tech,3,71059.0,2025-06-01,Chennai,4,No,No
EMP04372,Aachal Baral,Male,37,IT,Senior Analyst,B.Tech,20,72879.0,2025-12-27,Pune,4,No,No
EMP04373,Hemangini Chadha,Female,42,HR,Manager,MBA,0,36139.0,2017-02-27,Chennai,1,No,No
EMP04374,Hredhaan Dhar,Male,48,HR,Team Lead,BCA,18,76852.0,2023-03-06,Bangalore,2,Yes,No
EMP04375,Upasna Issac,Female,37,Marketing,Senior Analyst,MBA,9,39128.0,2023-06-30,Pune,2,Yes,No
EMP04376,Nidra Khalsa,Female,40,Sales,Manager,BCA,20,86102.0,2019-04-28,Hyderabad,1,Yes,No
EMP04377,Ucchal Purohit,Female,33,Marketing,Manager,MCA,8,83328.0,2025-06-01,Pune,1,Yes,No
EMP04378,Vritti Mallick,Male,41,Marketing,Senior Analyst,MCA,16,75478.0,2022-08-10,Hyderabad,3,No,No
EMP04379,Bishakha Rau,Female,30,HR,Manager,BCA,10,71260.0,2025-05-24,Chennai,5,Yes,No
EMP04380,Daksha Shah,Female,43,HR,Analyst,B.Tech,16,48594.0,2017-03-31,Pune,1,No,No
EMP04381,Nimrat Nori,Female,23,Sales,Team Lead,M.Tech,19,41561.0,2022-05-30,Hyderabad,3,Yes,No
EMP04382,Charvi Sharaf,Female,26,Sales,Senior Analyst,BCA,10,65315.0,2022-07-20,Chennai,5,Yes,No
EMP04383,Karan Mander,Female,59,Finance,Manager,B.Tech,3,57545.0,2024-12-28,Chennai,2,No,No
EMP04384,Mugdha Dewan,Female,46,HR,Team Lead,B.Tech,0,45206.0,2023-07-28,Mumbai,3,No,No
EMP04385,Rehaan Sekhon,Female,23,HR,Analyst,M.Tech,17,31076.0,2024-04-26,Hyderabad,2,Yes,No
EMP04386,Osha Madan,Female,37,Marketing,Analyst,MCA,11,38134.0,2021-12-15,Hyderabad,5,Yes,No
EMP04387,Michael Sachar,Male,33,IT,Senior Analyst,MBA,7,149484.0,2021-07-12,Hyderabad,1,No,No
EMP04388,Upkaar Mitter,Female,31,Sales,Team Lead,M.Tech,11,75376.0,2022-11-21,Chennai,3,No,No
EMP04389,Unnati Biswas,Male,60,Sales,Senior Analyst,M.Tech,14,58788.0,2016-10-18,Mumbai,3,Yes,No
EMP04390,Widisha Chatterjee,Male,56,IT,Team Lead,MBA,0,125805.0,2026-07-07,Mumbai,4,Yes,No
EMP04391,Meghana De,Female,52,Marketing,Senior Analyst,M.Tech,0,79489.0,2021-12-02,Hyderabad,5,No,No
EMP04392,Yuvraj Parekh,Male,57,Marketing,Manager,MCA,6,35794.0,2024-03-15,Mumbai,5,No,No
EMP04393,Damyanti Deep,Female,43,Finance,Manager,B.Tech,20,47323.0,2017-06-14,Pune,4,No,No
EMP04394,Yauvani Comar,Female,44,IT,Manager,MCA,6,70518.0,2025-06-20,Bangalore,5,Yes,No
EMP04395,Yug Ahluwalia,Male,24,HR,Team Lead,MBA,1,61826.0,2022-10-01,Mumbai,1,No,No
EMP04396,Vinaya Manda,Female,56,Sales,Team Lead,MBA,6,32735.0,2024-01-14,Chennai,2,Yes,No
EMP04397,Udant Buch,Female,39,IT,Analyst,MBA,4,89042.0,2022-12-08,Hyderabad,1,No,No
EMP04398,Samar Sarma,Male,29,IT,Analyst,B.Tech,17,135553.0,2026-04-24,Bangalore,2,No,No
EMP04399,Wriddhish Minhas,Female,30,Finance,Manager,BCA,5,54439.0,2024-04-09,Chennai,4,No,No
EMP04400,Amrita Taneja,Female,58,Sales,Senior Analyst,MCA,15,38687.0,2019-03-11,Hyderabad,4,No,No
EMP04401,Udyati Soman,Male,56,Finance,Senior Analyst,BCA,11,62718.0,2022-02-18,Hyderabad,1,Yes,No
EMP04402,Isaac Yogi,Male,33,IT,Analyst,MCA,12,60492.0,2026-07-31,Hyderabad,5,Yes,No
EMP04403,Sachi Khurana,Female,46,IT,Team Lead,B.Tech,15,88693.0,2023-06-04,Bangalore,5,No,Yes
EMP04404,Gaurika Amble,Male,28,IT,Manager,MBA,9,69446.0,2018-11-28,Hyderabad,2,Yes,No
EMP04405,Sathvik Dyal,Female,29,Sales,Analyst,MBA,12,63047.0,2017-03-21,Bangalore,4,Yes,No
EMP04406,Yuvraj Yadav,Female,55,Finance,Senior Analyst,BCA,14,76050.0,2019-04-26,Pune,1,Yes,No
EMP04407,Radha Varty,Male,54,IT,Team Lead,MBA,1,110179.0,2017-07-09,Mumbai,5,Yes,No
EMP04408,Nirja Johal,Female,47,IT,Team Lead,MBA,20,62455.0,2021-06-05,Chennai,3,No,No
EMP04409,Eta Balan,Male,36,Finance,Manager,MBA,11,103964.0,2019-01-19,Pune,5,No,No
EMP04410,Jonathan Mane,Male,59,Finance,Senior Analyst,MBA,19,55894.0,2024-05-14,Mumbai,3,No,No
EMP04411,Arunima Narayan,Male,40,Sales,Team Lead,B.Tech,5,58470.0,2021-05-26,Hyderabad,3,Yes,No
EMP04412,Edhitha Nadkarni,Male,23,IT,Manager,BCA,8,130198.0,2019-05-07,Bangalore,1,Yes,No
EMP04413,Praneel Thaman,Female,44,Finance,Senior Analyst,M.Tech,14,90811.0,2018-01-01,Chennai,3,Yes,No
EMP04414,Darpan Choudhary,Male,28,Finance,Manager,B.Tech,6,114337.0,2025-12-15,Hyderabad,1,Yes,No
EMP04415,Zilmil Malhotra,Male,46,Sales,Senior Analyst,B.Tech,16,51476.0,2026-04-12,Bangalore,5,Yes,Yes
EMP04416,Timothy Rajagopal,Female,27,Sales,Analyst,B.Tech,17,31705.0,2018-04-22,Pune,5,Yes,No
EMP04417,Warinder Datta,Female,51,Sales,Manager,B.Tech,9,60364.0,2026-06-18,Bangalore,1,Yes,Yes
EMP04418,Yutika Kulkarni,Male,58,Finance,Analyst,MBA,3,98040.0,2017-04-03,Chennai,4,Yes,No
EMP04419,Rachita Nagarajan,Female,52,Sales,Senior Analyst,MBA,4,41173.0,2017-02-21,Bangalore,1,Yes,No
EMP04420,Frederick Ram,Female,39,Finance,Manager,MCA,0,96765.0,2024-01-28,Bangalore,3,No,No
EMP04421,Harini Iyengar,Female,57,HR,Team Lead,B.Tech,11,69772.0,2020-03-09,Chennai,3,Yes,No
EMP04422,Ishaan Puri,Female,56,Sales,Manager,MBA,5,71616.0,2022-01-03,Hyderabad,5,No,No
EMP04423,Anvi Gole,Male,36,IT,Senior Analyst,B.Tech,12,132115.0,2026-06-05,Chennai,1,Yes,No
EMP04424,Ekavir Kothari,Male,50,Sales,Analyst,MCA,0,76260.0,2018-07-05,Bangalore,5,No,No
EMP04425,Charvi Mann,Female,53,HR,Manager,B.Tech,4,44653.0,2017-08-20,Pune,5,No,Yes
EMP04426,Ubika Anne,Female,36,IT,Senior Analyst,M.Tech,2,97369.0,2026-06-09,Pune,1,No,No
EMP04427,Warjas Kaul,Male,49,HR,Senior Analyst,M.Tech,18,74792.0,2018-11-17,Mumbai,1,No,No
EMP04428,Isaac Bose,Male,23,Finance,Analyst,MCA,12,52021.0,2016-10-06,Bangalore,5,Yes,No
EMP04429,Harrison Tiwari,Male,48,Sales,Senior Analyst,MCA,6,65928.0,2023-07-24,Chennai,5,Yes,No
EMP04430,Frado Bhasin,Male,40,Marketing,Manager,B.Tech,15,64027.0,2023-06-24,Pune,3,Yes,No
EMP04431,Oeshi Pillai,Female,40,Finance,Senior Analyst,BCA,14,95808.0,2020-04-01,Mumbai,4,No,No
EMP04432,Jai Chowdhury,Male,30,Finance,Manager,M.Tech,9,62102.0,2025-07-13,Hyderabad,3,No,No
EMP04433,Ekavir Mittal,Male,59,IT,Team Lead,BCA,19,144271.0,2026-06-14,Chennai,2,Yes,No
EMP04434,Aryan Behl,Male,46,Marketing,Senior Analyst,MBA,9,57835.0,2026-05-15,Chennai,2,Yes,No
EMP04435,Isaac Parmer,Male,57,IT,Manager,MBA,5,94252.0,2024-10-16,Chennai,2,No,No
EMP04436,Charita Dar,Female,38,IT,Manager,MBA,8,63668.0,2017-11-07,Pune,2,Yes,No
EMP04437,Krishna Venkatesh,Female,29,Sales,Manager,M.Tech,12,82574.0,2017-01-25,Hyderabad,1,No,No
EMP04438,Laksh Soni,Female,31,Sales,Team Lead,MCA,2,90473.0,2019-09-29,Pune,4,Yes,Yes
EMP04439,Aadi Minhas,Female,38,Sales,Team Lead,M.Tech,0,33015.0,2022-10-03,Bangalore,4,No,No
EMP04440,Nidhi Majumdar,Female,29,Finance,Senior Analyst,M.Tech,9,115081.0,2025-02-13,Hyderabad,1,Yes,No
EMP04441,Vedant Reddy,Male,34,Finance,Team Lead,M.Tech,13,51089.0,2022-02-01,Pune,5,Yes,No
EMP04442,Abhimanyu Ram,Male,46,HR,Analyst,B.Tech,8,53744.0,2021-07-24,Pune,2,No,No
EMP04443,Dakshesh Gokhale,Female,41,IT,Manager,BCA,15,105563.0,2018-08-12,Pune,1,Yes,No
EMP04444,Ikshita Bhakta,Male,40,Marketing,Manager,B.Tech,20,42157.0,2023-04-21,Mumbai,1,Yes,Yes
EMP04445,Upadhriti Agarwal,Female,55,Marketing,Team Lead,MCA,16,88697.0,2018-12-06,Mumbai,1,Yes,No
EMP04446,Anirudh Dhar,Female,53,HR,Analyst,MCA,14,61118.0,2025-07-04,Chennai,5,No,Yes
EMP04447,Jacob Karan,Male,50,HR,Team Lead,MCA,19,30294.0,2019-09-25,Chennai,5,No,No
EMP04448,Dayita Sood,Male,56,IT,Senior Analyst,B.Tech,16,50261.0,2025-12-15,Mumbai,1,No,No
EMP04449,Harshil Shenoy,Female,24,Sales,Senior Analyst,M.Tech,3,80995.0,2023-07-26,Hyderabad,4,No,No
EMP04450,Ikshita Pillai,Female,57,Sales,Manager,B.Tech,10,46613.0,2017-07-18,Mumbai,1,Yes,No
EMP04451,Raksha Narasimhan,Male,48,HR,Analyst,BCA,17,55220.0,2023-06-16,Mumbai,1,No,No
EMP04452,Pushti Bandi,Male,55,Marketing,Analyst,BCA,17,36685.0,2023-01-25,Hyderabad,1,Yes,No
EMP04453,George Lala,Female,55,Sales,Manager,B.Tech,6,89777.0,2020-02-05,Hyderabad,1,Yes,No
EMP04454,Diya Sethi,Male,49,IT,Senior Analyst,B.Tech,14,59243.0,2021-03-20,Hyderabad,5,No,Yes
EMP04455,Onveer Ben,Female,39,Finance,Analyst,MCA,20,96326.0,2023-02-09,Bangalore,5,Yes,No
EMP04456,Baljiwan Devan,Male,32,Finance,Team Lead,B.Tech,0,61631.0,2020-07-29,Mumbai,4,Yes,No
EMP04457,Brinda Solanki,Male,46,Sales,Senior Analyst,M.Tech,17,61157.0,2019-09-06,Mumbai,5,No,No
EMP04458,Jai Mutti,Male,25,Sales,Senior Analyst,B.Tech,19,72441.0,2017-12-20,Hyderabad,3,No,No
EMP04459,Orinder Nazareth,Male,54,Marketing,Senior Analyst,MCA,16,57835.0,2026-02-26,Chennai,2,Yes,No
EMP04460,Sara Sani,Female,45,Finance,Senior Analyst,BCA,2,48505.0,2018-06-28,Hyderabad,5,No,No
EMP04461,Vasatika Sur,Male,41,IT,Analyst,MBA,8,144316.0,2023-08-03,Chennai,5,No,No
EMP04462,Laksh Sandal,Male,39,HR,Team Lead,MCA,20,32762.0,2024-10-22,Mumbai,1,Yes,No
EMP04463,Dalaja Thaman,Male,54,Marketing,Team Lead,MCA,19,42929.0,2020-08-22,Mumbai,3,No,No
EMP04464,Chameli Dey,Male,58,Sales,Senior Analyst,MBA,18,63746.0,2018-01-04,Hyderabad,5,No,Yes
EMP04465,Chaaya Vora,Female,33,Sales,Analyst,BCA,17,32899.0,2025-02-24,Mumbai,1,No,No
EMP04466,Zansi Roy,Female,40,Finance,Senior Analyst,MCA,0,55529.0,2016-12-01,Chennai,3,Yes,No
EMP04467,Zayan Tata,Female,48,Marketing,Analyst,M.Tech,4,56638.0,2017-12-18,Pune,4,Yes,No
EMP04468,Sudiksha Kari,Male,30,IT,Senior Analyst,MBA,3,94493.0,2017-12-26,Hyderabad,3,Yes,No
EMP04469,Teerth Lanka,Male,22,Sales,Senior Analyst,MCA,19,67413.0,2022-02-08,Bangalore,5,Yes,No
EMP04470,Ranbir Zachariah,Female,39,Finance,Manager,BCA,20,103782.0,2017-04-23,Mumbai,3,No,No
EMP04471,Omkaar Nayak,Female,40,Finance,Manager,MBA,5,82652.0,2018-06-17,Hyderabad,1,Yes,No
EMP04472,Upadhriti Khalsa,Male,28,Sales,Analyst,BCA,14,47305.0,2019-11-26,Chennai,2,No,No
EMP04473,Ryan Doshi,Female,30,Finance,Analyst,B.Tech,9,55551.0,2017-06-21,Hyderabad,2,Yes,No
EMP04474,Wazir Gaba,Female,37,Sales,Senior Analyst,MBA,18,92486.0,2023-09-18,Mumbai,2,No,No
EMP04475,Falguni Mahajan,Female,44,Finance,Senior Analyst,MCA,11,103893.0,2024-02-15,Mumbai,4,No,No
EMP04476,Vincent Dubey,Female,46,Finance,Team Lead,M.Tech,17,92197.0,2019-02-03,Chennai,5,Yes,Yes
EMP04477,Prisha Nanda,Male,24,Finance,Analyst,BCA,9,111866.0,2022-07-07,Hyderabad,3,No,No
EMP04478,Tanveer Bhargava,Male,37,Sales,Team Lead,MBA,12,64736.0,2016-10-04,Mumbai,5,No,No
EMP04479,Tanvi Chahal,Female,40,HR,Manager,BCA,18,47400.0,2025-11-28,Pune,1,No,No
EMP04480,Hema Goda,Female,35,Sales,Senior Analyst,MBA,1,73114.0,2019-03-27,Bangalore,4,No,No
EMP04481,Veda Murty,Female,29,IT,Senior Analyst,M.Tech,2,118494.0,2021-11-22,Chennai,3,No,No
EMP04482,Daksh Sarkar,Male,34,Sales,Senior Analyst,B.Tech,18,66622.0,2022-02-01,Pune,1,No,Yes
EMP04483,Triveni Johal,Male,46,Finance,Manager,MBA,2,55614.0,2020-08-28,Pune,2,No,No
EMP04484,Pallavi Kakar,Male,59,IT,Team Lead,M.Tech,8,121500.0,2023-05-27,Hyderabad,4,Yes,No
EMP04485,Quincy Choudhary,Female,52,Sales,Team Lead,M.Tech,7,84476.0,2020-08-31,Hyderabad,3,No,No
EMP04486,Harrison Dubey,Female,27,Finance,Manager,BCA,16,114889.0,2017-02-13,Mumbai,4,No,No
EMP04487,Alka Manne,Male,56,Finance,Team Lead,B.Tech,9,86469.0,2021-09-29,Bangalore,5,No,No
EMP04488,Kashish Sachar,Female,58,Sales,Analyst,BCA,5,38826.0,2017-08-28,Pune,2,Yes,No
EMP04489,Omaja Dhawan,Female,41,HR,Analyst,B.Tech,13,31300.0,2021-08-11,Mumbai,3,No,No
EMP04490,Tejas Lad,Female,49,Marketing,Team Lead,MCA,11,70242.0,2022-05-23,Mumbai,1,Yes,No
EMP04491,Damyanti Kar,Female,55,Finance,Senior Analyst,MBA,16,56857.0,2021-10-26,Hyderabad,1,Yes,No
EMP04492,Elijah Patil,Male,38,Sales,Team Lead,M.Tech,18,70245.0,2020-07-27,Hyderabad,2,Yes,Yes
EMP04493,Upkaar Bumb,Male,40,Sales,Team Lead,MCA,16,37313.0,2022-03-28,Chennai,1,Yes,No
EMP04494,Meera Manda,Male,43,Finance,Analyst,MCA,5,105978.0,2022-11-05,Mumbai,2,No,No
EMP04495,Kamala Vohra,Male,35,HR,Analyst,MBA,4,62493.0,2022-12-01,Pune,1,Yes,No
EMP04496,Alka Naik,Male,53,Marketing,Manager,B.Tech,2,37914.0,2020-05-20,Pune,3,Yes,No
EMP04497,Veer Sane,Male,46,HR,Senior Analyst,B.Tech,8,74546.0,2023-03-19,Pune,4,No,No
EMP04498,Harita Yogi,Female,24,IT,Senior Analyst,MCA,12,133665.0,2025-01-11,Hyderabad,1,No,No
EMP04499,Anita Kapur,Male,44,IT,Analyst,MBA,8,138868.0,2020-08-05,Hyderabad,2,No,No
EMP04500,Chandani Tella,Female,56,Marketing,Team Lead,B.Tech,11,37854.0,2021-06-20,Chennai,1,Yes,No
EMP04501,Arya Dhingra,Male,32,HR,Team Lead,BCA,10,48828.0,2021-08-15,Pune,3,Yes,No
EMP04502,Siya Mukhopadhyay,Male,23,IT,Analyst,MCA,12,60074.0,2022-04-30,Pune,5,Yes,No
EMP04503,Shravya Kamdar,Male,54,Finance,Manager,BCA,11,66643.0,2024-08-29,Pune,4,Yes,No
EMP04504,Yachana Tank,Female,37,HR,Team Lead,M.Tech,10,53985.0,2020-10-01,Mumbai,1,Yes,No
EMP04505,Joshua Chaudhary,Female,41,Marketing,Manager,M.Tech,8,48755.0,2022-01-01,Mumbai,1,Yes,No
EMP04506,Ira Basu,Male,34,Sales,Analyst,MBA,11,94006.0,2023-08-09,Mumbai,2,No,No
EMP04507,Hemang Boase,Female,51,Finance,Team Lead,BCA,0,82871.0,2023-09-20,Bangalore,4,No,Yes
EMP04508,Zaid Solanki,Female,44,IT,Team Lead,M.Tech,10,104050.0,2023-06-11,Mumbai,5,Yes,No
EMP04509,Faras Shah,Female,30,Finance,Senior Analyst,B.Tech,10,115111.0,2023-07-29,Hyderabad,3,Yes,No
EMP04510,Eiravati Rout,Female,37,IT,Analyst,M.Tech,8,81487.0,2021-11-29,Bangalore,1,No,Yes
EMP04511,Aarini Dey,Male,46,Marketing,Senior Analyst,MCA,15,89927.0,2019-09-26,Mumbai,1,Yes,No
EMP04512,Daksha Borde,Male,57,Sales,Manager,BCA,4,36476.0,2022-12-26,Hyderabad,2,Yes,No
EMP04513,Jonathan Padmanabhan,Male,39,HR,Analyst,B.Tech,17,56945.0,2018-07-01,Pune,3,No,No
EMP04514,Vinaya Gola,Male,32,HR,Team Lead,B.Tech,4,47121.0,2023-10-12,Bangalore,2,Yes,No
EMP04515,Benjamin Comar,Male,30,HR,Manager,M.Tech,1,30988.0,2023-08-17,Mumbai,2,Yes,Yes
EMP04516,Mekhala Nagy,Female,58,Sales,Analyst,B.Tech,7,73635.0,2019-12-13,Pune,2,Yes,Yes
EMP04517,Oeshi Ram,Female,48,Marketing,Senior Analyst,M.Tech,10,59945.0,2025-01-28,Pune,5,No,No
EMP04518,Omkaar Walla,Female,51,Finance,Team Lead,B.Tech,15,94263.0,2020-04-10,Chennai,1,No,No
EMP04519,Neel Tella,Female,24,IT,Analyst,MBA,17,74801.0,2025-02-17,Hyderabad,2,No,Yes
EMP04520,Balendra Prabhu,Male,43,IT,Manager,MBA,4,113590.0,2023-03-05,Hyderabad,4,Yes,No
EMP04521,Dhriti Rajan,Male,40,Finance,Team Lead,M.Tech,6,101272.0,2018-12-11,Mumbai,5,No,No
EMP04522,William Dyal,Male,41,Finance,Senior Analyst,M.Tech,14,70622.0,2025-06-15,Hyderabad,1,No,No
EMP04523,Chatresh Konda,Male,55,Finance,Senior Analyst,B.Tech,5,65968.0,2021-05-16,Mumbai,1,Yes,No
EMP04524,Ishita Bobal,Male,43,Marketing,Analyst,MBA,10,46573.0,2026-03-10,Hyderabad,4,Yes,No
EMP04525,Kabir Nanda,Male,39,Marketing,Team Lead,BCA,9,88621.0,2019-06-26,Hyderabad,3,No,No
EMP04526,Manthan Hayer,Female,45,HR,Manager,MBA,5,68683.0,2026-05-02,Bangalore,5,Yes,No
EMP04527,Sudiksha Dyal,Male,39,Marketing,Manager,B.Tech,7,80700.0,2026-02-04,Mumbai,2,Yes,No
EMP04528,Omkaar Sidhu,Male,43,Finance,Senior Analyst,B.Tech,8,59802.0,2020-04-27,Mumbai,4,No,No
EMP04529,Maya Balay,Male,43,Marketing,Senior Analyst,BCA,2,82930.0,2023-09-05,Mumbai,3,No,No
EMP04530,Rayaan Nath,Male,54,Marketing,Senior Analyst,MCA,15,58685.0,2019-02-24,Chennai,2,Yes,No
EMP04531,Yashica Mahal,Male,57,HR,Manager,BCA,6,30918.0,2021-10-16,Mumbai,4,No,Yes
EMP04532,Widisha Nayak,Female,51,Marketing,Team Lead,B.Tech,9,60809.0,2024-07-30,Mumbai,1,No,No
EMP04533,Qabil Badal,Female,45,Marketing,Analyst,M.Tech,7,83493.0,2018-10-08,Chennai,5,Yes,No
EMP04534,Pranav Hans,Male,43,HR,Senior Analyst,MCA,14,73292.0,2016-08-27,Pune,1,Yes,Yes
EMP04535,Vidhi Kuruvilla,Male,41,IT,Analyst,B.Tech,11,96541.0,2023-08-30,Chennai,4,No,No
EMP04536,Krishna Sinha,Female,25,Finance,Team Lead,M.Tech,20,111505.0,2019-10-12,Chennai,3,No,Yes
EMP04537,Zaid Hans,Female,32,IT,Team Lead,MCA,7,76264.0,2023-08-06,Hyderabad,2,Yes,No
EMP04538,Liam Ravi,Male,30,Finance,Manager,BCA,10,80475.0,2022-01-26,Pune,2,No,No
EMP04539,Arunima Barad,Male,39,IT,Senior Analyst,BCA,6,112712.0,2020-08-27,Bangalore,5,Yes,Yes
EMP04540,Chakradev Sinha,Male,45,Sales,Senior Analyst,BCA,13,99926.0,2019-09-18,Hyderabad,2,No,No
EMP04541,Avni Dhingra,Female,50,HR,Manager,BCA,12,48064.0,2023-12-03,Chennai,4,No,No
EMP04542,Shivani Borde,Male,24,Sales,Manager,BCA,9,51407.0,2021-04-14,Chennai,5,Yes,No
EMP04543,Saanvi Sharaf,Male,40,IT,Team Lead,M.Tech,2,146097.0,2024-04-23,Bangalore,3,No,Yes
EMP04544,Gaurika Ram,Male,29,Marketing,Manager,MCA,20,54484.0,2026-06-02,Mumbai,1,Yes,No
EMP04545,Gaurang Ratta,Male,50,Sales,Senior Analyst,B.Tech,8,39119.0,2026-05-14,Bangalore,3,Yes,No
EMP04546,Keya Mitra,Male,48,IT,Team Lead,BCA,9,124506.0,2022-01-02,Pune,1,Yes,No
EMP04547,Anthony Mannan,Female,35,IT,Analyst,BCA,1,110086.0,2025-08-27,Pune,3,Yes,Yes
EMP04548,Imaran Salvi,Female,57,HR,Team Lead,BCA,2,53883.0,2017-01-21,Chennai,4,Yes,No
EMP04549,Jagat Om,Female,29,Finance,Team Lead,M.Tech,14,91887.0,2026-02-04,Hyderabad,3,Yes,No
EMP04550,Harrison Bobal,Male,39,Sales,Senior Analyst,MBA,12,32755.0,2021-02-16,Chennai,1,Yes,No
EMP04551,Yashoda Tella,Male,28,IT,Team Lead,BCA,10,80190.0,2018-10-06,Bangalore,1,No,No
EMP04552,Gautami Hari,Female,34,HR,Team Lead,BCA,15,36305.0,2018-06-03,Bangalore,4,Yes,No
EMP04553,Manan Chaudry,Female,33,Finance,Team Lead,MCA,10,46365.0,2019-12-29,Hyderabad,1,Yes,No
EMP04554,Shravya Chowdhury,Male,31,Finance,Analyst,MBA,6,110439.0,2026-04-08,Hyderabad,3,Yes,No
EMP04555,Ishanvi Sengupta,Male,41,Marketing,Analyst,M.Tech,20,55065.0,2017-02-28,Mumbai,4,Yes,No
EMP04556,Yutika Subramaniam,Female,36,Marketing,Senior Analyst,MBA,13,79187.0,2021-09-24,Bangalore,1,Yes,No
EMP04557,Pushti Soman,Male,59,Marketing,Analyst,MCA,20,75180.0,2021-05-21,Bangalore,1,Yes,No
EMP04558,Samesh Sharaf,Male,59,HR,Senior Analyst,B.Tech,19,59600.0,2021-02-14,Mumbai,5,No,No
EMP04559,Farhan Dave,Female,31,Sales,Team Lead,MCA,2,73965.0,2023-03-28,Hyderabad,3,No,No
EMP04560,Ikbal Memon,Male,52,IT,Senior Analyst,M.Tech,4,103107.0,2023-01-18,Chennai,5,No,No
EMP04561,Theodore Prakash,Male,24,Finance,Team Lead,BCA,8,116919.0,2022-01-30,Hyderabad,5,Yes,Yes
EMP04562,Agastya Suri,Female,53,Finance,Manager,MBA,4,80532.0,2023-09-18,Mumbai,5,Yes,No
EMP04563,Parth Sabharwal,Male,53,Finance,Analyst,M.Tech,14,105132.0,2019-04-26,Hyderabad,3,Yes,No
EMP04564,Kashish Sunder,Female,27,Marketing,Senior Analyst,B.Tech,19,86929.0,2021-02-18,Bangalore,3,No,No
EMP04565,Lila Baral,Male,49,Marketing,Manager,BCA,5,38588.0,2017-10-11,Chennai,2,Yes,No
EMP04566,Meghana Nair,Female,29,IT,Senior Analyst,MBA,14,69795.0,2024-03-08,Chennai,1,No,No
EMP04567,Yochana Mody,Male,23,Marketing,Team Lead,BCA,13,85848.0,2017-12-04,Hyderabad,5,Yes,No
EMP04568,Anay Wason,Female,47,Marketing,Manager,B.Tech,5,78141.0,2025-08-22,Chennai,1,No,No
EMP04569,Bhavini Viswanathan,Female,24,HR,Manager,MBA,6,44322.0,2024-07-05,Chennai,4,No,No
EMP04570,Naksh Sanghvi,Male,24,IT,Team Lead,BCA,10,96428.0,2019-12-28,Mumbai,1,Yes,Yes
EMP04571,Robert Bandi,Female,25,IT,Analyst,MCA,13,132016.0,2020-01-13,Pune,4,No,No
EMP04572,Azad Krishna,Male,38,Sales,Senior Analyst,MBA,2,67738.0,2017-10-07,Bangalore,4,Yes,No
EMP04573,Abdul Om,Male,50,Sales,Manager,BCA,0,53600.0,2017-02-17,Mumbai,1,Yes,No
EMP04574,Christopher Narang,Female,22,Sales,Senior Analyst,B.Tech,19,57589.0,2025-04-26,Bangalore,4,No,No
EMP04575,Udyati Grewal,Female,49,Sales,Manager,MCA,18,42265.0,2020-07-04,Pune,1,Yes,No
EMP04576,Tejas Gour,Male,28,Sales,Team Lead,MBA,6,94711.0,2022-04-29,Pune,2,Yes,No
EMP04577,Raghav Chaudry,Male,57,Marketing,Manager,BCA,10,38436.0,2025-04-17,Hyderabad,5,Yes,No
EMP04578,Sathvik Nagarajan,Female,50,HR,Team Lead,MBA,13,62486.0,2020-03-07,Chennai,3,Yes,No
EMP04579,Matthew Chopra,Female,40,Sales,Senior Analyst,M.Tech,2,71350.0,2026-03-12,Hyderabad,4,Yes,No
EMP04580,Nitara Samra,Male,23,Marketing,Senior Analyst,MBA,3,46192.0,2025-09-29,Mumbai,1,Yes,Yes
EMP04581,Utkarsh Chaudhuri,Male,54,IT,Senior Analyst,B.Tech,0,82647.0,2022-11-30,Pune,1,No,No
EMP04582,Balveer Swamy,Female,44,IT,Manager,M.Tech,19,139831.0,2018-07-06,Mumbai,3,Yes,No
EMP04583,Abha Wali,Female,47,Finance,Team Lead,MCA,12,56058.0,2020-02-01,Pune,5,Yes,No
EMP04584,Forum Karnik,Female,26,Sales,Manager,B.Tech,7,67870.0,2023-09-18,Hyderabad,2,No,No
EMP04585,Naksh Kota,Female,39,Finance,Analyst,B.Tech,4,101561.0,2018-02-07,Chennai,1,Yes,No
EMP04586,Warda Doshi,Female,44,Marketing,Team Lead,M.Tech,20,54809.0,2020-03-13,Hyderabad,1,No,No
EMP04587,Vinaya Suresh,Female,58,Finance,Senior Analyst,B.Tech,17,111472.0,2023-01-01,Mumbai,4,No,No
EMP04588,Yashasvi Mani,Male,36,Sales,Team Lead,M.Tech,6,38308.0,2019-08-27,Chennai,4,Yes,No
EMP04589,Ridhi Rao,Male,50,Sales,Senior Analyst,MBA,9,63425.0,2021-09-19,Bangalore,5,Yes,No
EMP04590,Max Andra,Female,60,Marketing,Team Lead,MBA,10,63728.0,2018-06-09,Chennai,2,Yes,No
EMP04591,Vincent Gokhale,Male,22,Marketing,Senior Analyst,MCA,6,77855.0,2020-10-27,Mumbai,2,No,No
EMP04592,Harish Chahal,Female,47,Marketing,Analyst,MCA,10,45293.0,2017-10-28,Bangalore,2,Yes,No
EMP04593,Lopa Sekhon,Female,24,Finance,Analyst,BCA,15,97853.0,2024-05-06,Chennai,4,No,No
EMP04594,Inaya Sami,Male,41,Marketing,Senior Analyst,MCA,19,64214.0,2022-02-24,Chennai,3,Yes,No
EMP04595,Aadhya Venkatesh,Female,24,Marketing,Team Lead,MCA,6,71489.0,2023-11-05,Pune,1,Yes,No
EMP04596,Bakhshi Palla,Male,38,Marketing,Manager,MBA,17,61175.0,2021-07-14,Mumbai,1,Yes,No
EMP04597,Hiral Korpal,Male,30,Sales,Manager,MCA,9,99606.0,2025-07-21,Hyderabad,2,Yes,No
EMP04598,Lohit Barad,Male,52,IT,Analyst,MBA,11,136874.0,2023-05-30,Mumbai,1,Yes,No
EMP04599,Yachana Nath,Male,26,Sales,Team Lead,BCA,16,95036.0,2019-03-05,Mumbai,2,Yes,No
EMP04600,Aditya Borde,Male,60,Sales,Team Lead,MCA,10,39232.0,2023-09-16,Pune,1,Yes,Yes
EMP04601,Yashvi Chaudry,Female,53,HR,Team Lead,B.Tech,15,66704.0,2022-06-09,Pune,1,No,No
EMP04602,Oscar Deol,Male,34,Sales,Team Lead,BCA,7,98991.0,2024-02-09,Bangalore,4,No,No
EMP04603,Frado Badami,Male,42,Finance,Senior Analyst,MCA,14,88639.0,2026-03-05,Chennai,4,Yes,No
EMP04604,Hemal Hayre,Female,26,HR,Team Lead,B.Tech,12,59644.0,2022-01-09,Pune,4,No,No
EMP04605,Banjeet Pandit,Male,31,IT,Team Lead,MBA,11,62209.0,2018-01-28,Chennai,1,No,No
EMP04606,Harini Prabhu,Male,48,Marketing,Team Lead,M.Tech,5,80839.0,2020-02-17,Pune,1,No,No
EMP04607,Guneet Sachar,Female,53,Marketing,Manager,B.Tech,5,80572.0,2021-06-21,Bangalore,4,Yes,No
EMP04608,Dev Gandhi,Female,27,Sales,Manager,MCA,12,33864.0,2018-08-27,Bangalore,1,Yes,Yes
EMP04609,Agastya Koshy,Male,43,Marketing,Manager,B.Tech,4,56456.0,2020-06-23,Chennai,5,Yes,No
EMP04610,Vaishnavi Merchant,Female,38,Marketing,Analyst,B.Tech,15,66298.0,2025-10-08,Hyderabad,3,No,No
EMP04611,Diya Sridhar,Male,50,IT,Team Lead,BCA,9,95160.0,2025-03-26,Hyderabad,5,Yes,No
EMP04612,Nicholas Jaggi,Male,58,Finance,Senior Analyst,MBA,11,101562.0,2016-11-05,Chennai,3,No,No
EMP04613,Farhan Bains,Female,38,HR,Analyst,B.Tech,14,54237.0,2023-08-15,Pune,5,Yes,No
EMP04614,Keya Mohan,Female,37,Marketing,Manager,MCA,14,58674.0,2026-01-31,Hyderabad,2,Yes,No
EMP04615,Gaurav Dhingra,Female,38,Marketing,Manager,MBA,8,63707.0,2016-08-22,Pune,5,Yes,Yes
EMP04616,Hardik Kant,Female,46,Marketing,Senior Analyst,MBA,0,39460.0,2018-09-14,Bangalore,3,Yes,No
EMP04617,Vritti Gaba,Male,55,Marketing,Manager,BCA,17,56702.0,2018-05-09,Pune,5,Yes,No
EMP04618,Hemal Ganguly,Male,59,Sales,Manager,B.Tech,20,64932.0,2021-08-31,Mumbai,3,No,No
EMP04619,Peter Vyas,Female,56,Sales,Analyst,MCA,5,66739.0,2017-01-14,Chennai,5,No,Yes
EMP04620,Varenya Badal,Female,47,Marketing,Senior Analyst,MCA,17,76698.0,2023-08-14,Hyderabad,4,Yes,No
EMP04621,Vasatika Palla,Female,50,Sales,Manager,B.Tech,14,90994.0,2026-06-03,Chennai,5,Yes,Yes
EMP04622,Peter Ravel,Female,32,Sales,Analyst,MBA,13,46068.0,2025-01-19,Hyderabad,4,No,No
EMP04623,Siya Sahni,Female,34,IT,Analyst,MCA,7,147262.0,2022-11-17,Bangalore,2,Yes,No
EMP04624,Mason Gala,Male,49,Marketing,Senior Analyst,MCA,3,61070.0,2024-03-12,Chennai,5,No,No
EMP04625,Anay Gara,Male,54,Finance,Senior Analyst,B.Tech,12,67582.0,2025-06-28,Pune,4,Yes,No
EMP04626,Arin Dubey,Female,50,HR,Analyst,MBA,8,62377.0,2023-08-13,Bangalore,4,No,No
EMP04627,Bhavna Taneja,Female,51,IT,Senior Analyst,MCA,20,85084.0,2024-11-13,Chennai,5,No,No
EMP04628,Hamsini Balasubramanian,Male,23,HR,Senior Analyst,MCA,6,50673.0,2025-09-16,Bangalore,2,No,No
EMP04629,Brijesh Lal,Female,52,HR,Analyst,BCA,8,52355.0,2020-06-22,Pune,3,Yes,No
EMP04630,Vihaan Krishna,Female,27,HR,Manager,BCA,2,66527.0,2025-10-30,Mumbai,1,No,No
EMP04631,Lucky Dixit,Female,60,IT,Senior Analyst,BCA,13,109796.0,2023-08-13,Hyderabad,1,No,No
EMP04632,Charles Kapadia,Male,47,Sales,Team Lead,B.Tech,10,61953.0,2022-02-18,Pune,3,Yes,No
EMP04633,Onkar Puri,Male,27,HR,Analyst,BCA,11,46044.0,2019-04-30,Hyderabad,3,No,No
EMP04634,Anamika Bains,Male,40,Finance,Team Lead,M.Tech,14,87926.0,2023-06-08,Chennai,4,Yes,No
EMP04635,Vaishnavi Gara,Male,45,HR,Manager,M.Tech,3,76064.0,2023-07-19,Hyderabad,3,Yes,No
EMP04636,Pooja Mohanty,Male,43,HR,Team Lead,MCA,1,34389.0,2025-07-30,Chennai,2,No,No
EMP04637,Hemang Jha,Male,49,Finance,Manager,B.Tech,19,111885.0,2019-06-16,Chennai,3,No,No
EMP04638,Harini Bhagat,Male,47,Sales,Senior Analyst,B.Tech,18,96552.0,2025-10-10,Chennai,4,Yes,No
EMP04639,Elijah Dey,Male,39,Marketing,Senior Analyst,M.Tech,4,76534.0,2019-10-09,Pune,2,Yes,Yes
EMP04640,Aarnav Sahni,Female,50,IT,Team Lead,B.Tech,2,130505.0,2017-09-09,Pune,1,No,No
EMP04641,Fiyaz Anand,Male,58,Marketing,Senior Analyst,M.Tech,15,70487.0,2024-11-27,Chennai,2,Yes,No
EMP04642,Chaitanya Sahni,Male,59,IT,Senior Analyst,M.Tech,4,52427.0,2016-11-29,Mumbai,1,Yes,No
EMP04643,Atharv Kari,Female,53,Sales,Manager,BCA,0,78175.0,2021-09-18,Chennai,5,Yes,No
EMP04644,Hamsini Bhasin,Male,41,Finance,Analyst,BCA,16,49513.0,2022-12-05,Pune,3,No,No
EMP04645,Rachit Karan,Male,29,Marketing,Team Lead,B.Tech,0,40193.0,2019-03-16,Hyderabad,4,Yes,No
EMP04646,Zashil Narayan,Male,28,Sales,Analyst,MCA,15,64339.0,2018-10-23,Pune,5,No,Yes
EMP04647,Rachita Dara,Male,58,Marketing,Analyst,MBA,20,83440.0,2016-11-26,Mumbai,1,No,No
EMP04648,Anay Ramachandran,Male,46,Marketing,Team Lead,BCA,1,74470.0,2019-07-07,Chennai,4,No,No
EMP04649,Abhimanyu Mallick,Female,58,Marketing,Team Lead,M.Tech,4,36184.0,2025-01-12,Hyderabad,4,Yes,No
EMP04650,Rohan Tata,Male,28,Marketing,Analyst,MCA,0,39884.0,2023-12-31,Hyderabad,4,Yes,No
EMP04651,Rachana Naidu,Female,45,Marketing,Senior Analyst,MCA,12,54135.0,2026-04-16,Mumbai,4,Yes,No
EMP04652,Ira Lad,Female,24,HR,Analyst,MCA,1,30195.0,2019-04-27,Hyderabad,3,Yes,No
EMP04653,Chakradhar Sangha,Female,49,IT,Senior Analyst,MCA,11,78893.0,2023-06-08,Mumbai,5,Yes,No
EMP04654,Sai Amble,Female,39,Sales,Team Lead,MCA,19,94940.0,2018-04-28,Pune,1,No,Yes
EMP04655,Nisha Kumer,Male,43,Marketing,Manager,MCA,6,45681.0,2020-01-04,Bangalore,1,Yes,No
EMP04656,Nicholas Mody,Male,54,Sales,Analyst,MBA,6,42864.0,2024-06-13,Chennai,4,No,No
EMP04657,Ekantika Thakkar,Male,26,IT,Team Lead,M.Tech,19,138880.0,2017-01-07,Chennai,5,Yes,No
EMP04658,Dalbir Babu,Male,24,Sales,Senior Analyst,MCA,6,64134.0,2024-11-21,Mumbai,3,No,Yes
EMP04659,Raghav Char,Male,34,Marketing,Manager,BCA,6,74894.0,2023-02-25,Hyderabad,4,No,No
EMP04660,Sai Warrior,Female,58,HR,Team Lead,M.Tech,2,40053.0,2022-03-23,Pune,2,Yes,Yes
EMP04661,Radhika Chaudhuri,Male,34,Finance,Team Lead,BCA,8,113223.0,2017-09-27,Mumbai,3,Yes,No
EMP04662,Gunbir Goda,Male,57,Sales,Analyst,B.Tech,0,71867.0,2021-12-03,Chennai,1,No,Yes
EMP04663,Kashvi Nazareth,Female,41,IT,Analyst,B.Tech,0,54876.0,2022-02-15,Hyderabad,3,Yes,No
EMP04664,Sanya Kata,Male,42,IT,Team Lead,B.Tech,18,87279.0,2017-02-21,Mumbai,4,Yes,No
EMP04665,Yutika Nagar,Female,28,Sales,Senior Analyst,M.Tech,11,86539.0,2017-10-31,Mumbai,4,Yes,Yes
EMP04666,Bishakha Kapur,Male,29,IT,Team Lead,B.Tech,1,130236.0,2018-10-12,Mumbai,3,Yes,No
EMP04667,Eesha Bansal,Female,54,Finance,Senior Analyst,B.Tech,13,59364.0,2025-12-21,Pune,1,No,No
EMP04668,Jai Chaudry,Male,29,Sales,Manager,MBA,4,83913.0,2025-05-16,Mumbai,3,Yes,No
EMP04669,Rehaan Kalita,Male,36,IT,Analyst,BCA,0,60094.0,2020-08-19,Chennai,4,No,Yes
EMP04670,Vedika Rastogi,Male,33,Sales,Senior Analyst,M.Tech,11,81143.0,2017-06-26,Hyderabad,4,No,No
EMP04671,Chaitaly Bora,Female,32,IT,Senior Analyst,M.Tech,9,81568.0,2016-08-27,Bangalore,4,No,No
EMP04672,Chakradev Gupta,Male,54,Marketing,Analyst,MCA,20,38655.0,2024-06-28,Mumbai,3,Yes,No
EMP04673,Lopa Jha,Male,49,Marketing,Senior Analyst,MBA,8,45604.0,2017-04-17,Hyderabad,3,No,No
EMP04674,Avni Misra,Female,33,Finance,Manager,MCA,5,56243.0,2021-06-06,Bangalore,1,No,Yes
EMP04675,Nirja Datta,Male,45,Marketing,Team Lead,MCA,2,57926.0,2023-11-01,Bangalore,5,No,No
EMP04676,Guneet Boase,Female,32,Marketing,Manager,MCA,11,82066.0,2026-01-22,Hyderabad,3,Yes,No
EMP04677,Jalsa Chana,Female,31,HR,Team Lead,M.Tech,3,61713.0,2016-12-22,Chennai,2,Yes,No
EMP04678,Waida Gaba,Female,33,HR,Manager,MCA,0,40152.0,2022-11-23,Bangalore,2,No,No
EMP04679,Sanaya Karpe,Female,55,HR,Analyst,B.Tech,1,50471.0,2019-12-23,Bangalore,3,No,No
EMP04680,Ladli Bhalla,Male,25,Finance,Senior Analyst,MCA,4,93873.0,2025-08-05,Bangalore,2,Yes,No
EMP04681,Gayathri Hayre,Female,49,IT,Team Lead,MCA,3,64827.0,2022-06-07,Hyderabad,1,No,No
EMP04682,Yochana Varghese,Male,45,HR,Team Lead,M.Tech,14,72086.0,2022-12-08,Hyderabad,2,No,No
EMP04683,Urvi Mohanty,Female,58,Finance,Manager,MBA,0,61631.0,2025-08-24,Mumbai,4,No,No
EMP04684,Dhriti Varghese,Female,41,HR,Analyst,BCA,11,56400.0,2023-02-06,Hyderabad,3,Yes,No
EMP04685,Ekanta Chatterjee,Female,50,Finance,Senior Analyst,MBA,13,83005.0,2019-03-15,Chennai,2,Yes,No
EMP04686,Vasana Chowdhury,Male,50,Marketing,Analyst,BCA,13,68163.0,2023-07-04,Mumbai,3,No,Yes
EMP04687,Rachit Viswanathan,Male,24,Sales,Analyst,BCA,1,76685.0,2024-07-27,Hyderabad,4,Yes,No
EMP04688,Girindra Patil,Female,58,Sales,Senior Analyst,B.Tech,4,46854.0,2022-07-22,Hyderabad,2,Yes,No
EMP04689,Harshil Nagar,Male,49,Sales,Manager,M.Tech,7,57812.0,2024-11-02,Chennai,3,No,Yes
EMP04690,Gautam Majumdar,Male,29,Finance,Team Lead,BCA,18,108774.0,2020-02-23,Bangalore,1,No,Yes
EMP04691,Anvi Saha,Male,34,Finance,Manager,BCA,17,104461.0,2018-08-15,Pune,3,No,No
EMP04692,Nathan Sibal,Male,47,IT,Senior Analyst,MCA,5,102735.0,2019-12-04,Pune,5,No,No
EMP04693,Idika Sane,Female,51,Finance,Manager,MCA,18,72065.0,2021-04-04,Bangalore,5,Yes,No
EMP04694,Reyansh Rattan,Male,53,Sales,Team Lead,MCA,20,90230.0,2020-09-21,Pune,1,Yes,No
EMP04695,Ekaja Dash,Female,32,HR,Team Lead,MCA,15,47068.0,2025-10-30,Hyderabad,4,Yes,No
EMP04696,Barkha Mukherjee,Female,41,Finance,Manager,MBA,12,101068.0,2022-10-25,Bangalore,1,Yes,No
EMP04697,Hema Bora,Female,50,Finance,Senior Analyst,MCA,2,113954.0,2022-01-03,Chennai,4,No,No
EMP04698,Neha Bassi,Female,45,Marketing,Senior Analyst,MBA,13,63714.0,2019-07-04,Hyderabad,2,Yes,No
EMP04699,Kamya Zachariah,Female,42,Marketing,Team Lead,BCA,16,41852.0,2018-07-01,Hyderabad,3,No,No
EMP04700,Warhi Varughese,Male,51,Sales,Analyst,MBA,10,87433.0,2020-05-24,Chennai,1,No,No
EMP04701,Vasana Konda,Male,26,Sales,Manager,B.Tech,10,57587.0,2026-01-20,Bangalore,3,Yes,Yes
EMP04702,Panini Ramanathan,Male,28,HR,Senior Analyst,M.Tech,15,41277.0,2024-04-16,Mumbai,3,No,No
EMP04703,Ubika Golla,Female,43,Finance,Senior Analyst,MCA,4,78860.0,2024-05-16,Bangalore,4,No,Yes
EMP04704,Indali Badal,Female,31,Sales,Manager,MCA,20,99702.0,2017-05-28,Hyderabad,3,Yes,No
EMP04705,Charan Sharaf,Male,31,Finance,Analyst,B.Tech,9,65244.0,2019-08-23,Hyderabad,1,No,No
EMP04706,Diya Raj,Female,24,IT,Manager,B.Tech,0,104839.0,2018-05-21,Chennai,3,Yes,No
EMP04707,Anvi Dugar,Female,48,IT,Analyst,M.Tech,3,144919.0,2019-03-08,Chennai,4,Yes,No
EMP04708,Adya Deshmukh,Male,32,Finance,Analyst,M.Tech,5,94012.0,2019-02-27,Pune,4,Yes,Yes
EMP04709,Vyanjana Ramachandran,Female,44,HR,Analyst,MBA,1,54542.0,2026-03-27,Mumbai,4,Yes,No
EMP04710,Oviya Balay,Female,30,Sales,Senior Analyst,MBA,17,98136.0,2019-08-23,Pune,5,No,No
EMP04711,Yatan Varghese,Male,32,IT,Analyst,M.Tech,3,147347.0,2022-04-02,Mumbai,4,No,Yes
EMP04712,Veda Mand,Female,31,Finance,Senior Analyst,B.Tech,1,83990.0,2018-06-08,Bangalore,3,Yes,Yes
EMP04713,Finn Buch,Female,59,Finance,Senior Analyst,M.Tech,10,61332.0,2025-12-12,Chennai,1,No,No
EMP04714,Azaan Korpal,Female,35,Marketing,Team Lead,B.Tech,13,58176.0,2017-01-18,Hyderabad,1,No,No
EMP04715,Rishi Raju,Male,51,IT,Manager,B.Tech,9,78441.0,2023-11-16,Hyderabad,2,No,Yes
EMP04716,Girish Bir,Male,47,Sales,Manager,MCA,19,73578.0,2021-05-18,Hyderabad,5,No,No
EMP04717,Gopal Chaudhry,Female,55,IT,Manager,B.Tech,2,113720.0,2025-10-05,Mumbai,5,Yes,No
EMP04718,Ira Raja,Male,44,IT,Senior Analyst,M.Tech,3,58354.0,2020-07-04,Hyderabad,2,Yes,No
EMP04719,Lajita Sarin,Female,43,Sales,Analyst,MCA,5,49391.0,2016-08-08,Pune,5,Yes,No
EMP04720,Bhanumati Kar,Female,39,Finance,Manager,M.Tech,20,76739.0,2025-01-27,Pune,4,Yes,No
EMP04721,Farhan Vyas,Female,45,Sales,Team Lead,MCA,3,52192.0,2021-08-23,Hyderabad,4,Yes,No
EMP04722,Vivaan Dhillon,Male,29,HR,Team Lead,MBA,18,67408.0,2019-04-21,Bangalore,4,Yes,No
EMP04723,Ansh Saini,Male,49,Sales,Team Lead,MCA,15,79814.0,2017-02-08,Pune,1,Yes,Yes
EMP04724,Yashvi Gaba,Male,32,Sales,Manager,MBA,6,94131.0,2017-07-29,Bangalore,3,Yes,No
EMP04725,Odika Anne,Male,37,HR,Manager,B.Tech,10,57102.0,2020-01-20,Pune,4,No,No
EMP04726,Bina Shetty,Female,27,Sales,Analyst,M.Tech,12,31259.0,2025-05-01,Mumbai,1,No,No
EMP04727,Upasna Iyer,Male,47,Sales,Manager,M.Tech,12,60843.0,2024-03-16,Bangalore,1,Yes,Yes
EMP04728,Jhalak Rama,Female,60,Finance,Senior Analyst,MBA,16,89143.0,2020-10-13,Hyderabad,5,Yes,No
EMP04729,Zansi Tak,Male,30,Finance,Senior Analyst,MCA,19,83164.0,2025-02-06,Hyderabad,5,No,No
EMP04730,Baghyawati Gaba,Female,46,IT,Analyst,MBA,17,108075.0,2020-07-24,Chennai,3,No,No
EMP04731,Vasatika Garg,Female,55,HR,Senior Analyst,MBA,5,73901.0,2017-10-10,Chennai,1,No,No
EMP04732,Charles Balan,Female,25,Marketing,Senior Analyst,B.Tech,17,49174.0,2022-02-02,Chennai,5,Yes,No
EMP04733,Vrinda Nayak,Male,46,Finance,Manager,M.Tech,20,59730.0,2020-09-05,Chennai,4,Yes,No
EMP04734,Henry Zacharia,Female,43,Marketing,Senior Analyst,BCA,0,66544.0,2023-04-09,Bangalore,1,Yes,No
EMP04735,Chavvi Modi,Male,48,HR,Analyst,MCA,15,53894.0,2019-04-21,Chennai,1,Yes,Yes
EMP04736,Anusha Comar,Female,27,Marketing,Team Lead,B.Tech,1,50391.0,2020-05-11,Bangalore,2,No,No
EMP04737,Udarsh Viswanathan,Male,59,Sales,Senior Analyst,B.Tech,14,53140.0,2019-07-28,Chennai,5,No,No
EMP04738,Wyatt Nigam,Female,30,Marketing,Senior Analyst,B.Tech,10,52041.0,2025-10-20,Chennai,5,Yes,No
EMP04739,Upkaar Ramakrishnan,Male,54,HR,Analyst,M.Tech,9,31951.0,2021-05-24,Pune,5,Yes,No
EMP04740,Isha Mittal,Male,60,Finance,Analyst,MCA,2,110690.0,2018-07-19,Bangalore,5,Yes,Yes
EMP04741,Riya Nagy,Male,39,HR,Team Lead,MCA,12,77394.0,2018-10-07,Hyderabad,2,No,No
EMP04742,Vivaan Gandhi,Female,36,Sales,Senior Analyst,MBA,19,63946.0,2018-06-23,Hyderabad,2,Yes,Yes
EMP04743,Ati Chaudry,Female,25,IT,Analyst,MBA,10,95653.0,2023-11-26,Mumbai,5,Yes,No
EMP04744,Henry Tailor,Male,27,HR,Manager,MCA,18,59005.0,2018-06-27,Bangalore,4,Yes,No
EMP04745,Oliver Nazareth,Female,59,Marketing,Team Lead,BCA,12,46369.0,2023-08-24,Hyderabad,2,No,No
EMP04746,Dev Khurana,Female,31,Finance,Manager,MBA,0,89698.0,2025-10-21,Pune,4,Yes,No
EMP04747,Harrison Joshi,Male,22,IT,Manager,B.Tech,16,61235.0,2017-02-15,Hyderabad,5,Yes,No
EMP04748,Zaitra Kannan,Female,43,Marketing,Team Lead,BCA,2,70214.0,2025-01-04,Chennai,2,No,No
EMP04749,Harish Mitter,Male,46,Marketing,Manager,MBA,16,57296.0,2024-04-16,Pune,3,Yes,No
EMP04750,Indali Bala,Female,47,Marketing,Analyst,B.Tech,12,89050.0,2020-07-25,Hyderabad,2,No,No
EMP04751,Mitesh Anand,Female,37,Sales,Manager,BCA,9,75542.0,2019-07-09,Pune,2,No,No
EMP04752,Naveen Bahl,Female,31,HR,Manager,B.Tech,9,69786.0,2020-12-05,Bangalore,4,No,No
EMP04753,Mekhala Bumb,Male,28,Finance,Senior Analyst,MCA,8,80836.0,2023-10-10,Hyderabad,1,No,No
EMP04754,Ishanvi Bhat,Male,36,HR,Team Lead,MBA,16,36071.0,2018-05-11,Hyderabad,1,No,No
EMP04755,Sanaya Memon,Female,56,Sales,Senior Analyst,M.Tech,3,34096.0,2023-10-30,Pune,1,Yes,No
EMP04756,Tara Kashyap,Female,42,HR,Senior Analyst,MCA,5,61061.0,2025-07-14,Bangalore,2,No,No
EMP04757,Imaran Barad,Male,50,Finance,Analyst,M.Tech,6,83634.0,2023-07-21,Bangalore,4,Yes,No
EMP04758,Raagini Lad,Male,44,HR,Team Lead,B.Tech,11,47117.0,2020-09-24,Hyderabad,5,Yes,No
EMP04759,Isaac Patla,Female,56,Sales,Senior Analyst,B.Tech,9,44123.0,2017-03-11,Bangalore,4,Yes,No
EMP04760,Yashica Suresh,Female,43,Marketing,Analyst,B.Tech,20,73788.0,2022-04-06,Mumbai,3,No,No
EMP04761,Maya Bahl,Male,58,Finance,Analyst,MBA,3,117962.0,2021-01-15,Hyderabad,3,No,No
EMP04762,Widisha Tiwari,Female,42,Marketing,Senior Analyst,MBA,19,47810.0,2018-05-23,Pune,1,Yes,No
EMP04763,Hiral Varty,Male,48,HR,Manager,MCA,16,58417.0,2023-09-16,Chennai,1,No,No
EMP04764,Gaurangi Kaul,Male,36,IT,Manager,BCA,13,51421.0,2024-09-25,Chennai,2,No,No
EMP04765,Ekalinga Bose,Female,52,Finance,Analyst,MBA,2,61653.0,2024-02-23,Mumbai,3,Yes,No
EMP04766,Naveen Johal,Female,22,IT,Manager,M.Tech,5,64158.0,2020-03-15,Chennai,2,No,No
EMP04767,Raghav Talwar,Female,32,Finance,Senior Analyst,BCA,4,51897.0,2022-04-13,Mumbai,1,No,No
EMP04768,Yatin Yadav,Female,38,Finance,Manager,MCA,17,104279.0,2017-02-11,Bangalore,1,Yes,No
EMP04769,Rachita Mistry,Female,43,Sales,Team Lead,BCA,11,62343.0,2026-02-12,Pune,4,Yes,No
EMP04770,Chandran Pandit,Female,25,Finance,Senior Analyst,M.Tech,3,83661.0,2017-10-01,Chennai,2,No,No
EMP04771,Meghana Cheema,Female,59,Finance,Analyst,M.Tech,10,81876.0,2019-07-15,Pune,1,No,No
EMP04772,Upma Mallick,Female,47,HR,Senior Analyst,MBA,11,73258.0,2024-06-06,Bangalore,2,No,No
EMP04773,Dhruv Narula,Male,34,Sales,Analyst,B.Tech,5,96465.0,2025-11-05,Hyderabad,5,No,No
EMP04774,Ayaan Bhasin,Female,34,Finance,Team Lead,M.Tech,16,73335.0,2021-10-19,Pune,5,Yes,No
EMP04775,Ekaja Taneja,Male,54,Marketing,Team Lead,M.Tech,14,85804.0,2021-07-02,Chennai,5,Yes,No
EMP04776,Ekaja Sachar,Female,36,HR,Manager,MBA,10,76702.0,2026-03-13,Hyderabad,4,No,No
EMP04777,Chanakya Sheth,Female,29,HR,Manager,MCA,16,62592.0,2024-02-02,Hyderabad,3,No,Yes
EMP04778,Abhiram Pandya,Male,49,Sales,Team Lead,M.Tech,6,65303.0,2019-01-26,Hyderabad,5,No,No
EMP04779,Parth Guha,Male,60,Marketing,Manager,B.Tech,13,50431.0,2022-05-06,Mumbai,3,No,No
EMP04780,Samesh Mani,Female,36,Sales,Analyst,MCA,3,88546.0,2022-04-19,Mumbai,1,No,No
EMP04781,Abhiram Pau,Male,59,HR,Manager,MBA,2,53345.0,2021-06-28,Chennai,2,No,No
EMP04782,Chakrika Memon,Male,41,HR,Analyst,MCA,17,53640.0,2024-06-20,Hyderabad,4,No,No
EMP04783,Unnati Mohan,Female,49,IT,Manager,B.Tech,6,98258.0,2024-03-01,Bangalore,4,No,No
EMP04784,Ekta Sem,Male,59,Marketing,Analyst,MBA,19,67014.0,2022-11-23,Pune,1,No,No
EMP04785,Oeshi Sama,Male,39,IT,Manager,BCA,15,72227.0,2024-02-11,Pune,1,No,No
EMP04786,Oliver Mand,Male,58,IT,Senior Analyst,B.Tech,2,115408.0,2018-09-22,Bangalore,5,Yes,Yes
EMP04787,Niharika Rama,Male,33,Sales,Team Lead,BCA,2,57604.0,2021-11-04,Bangalore,1,No,No
EMP04788,Unnati Acharya,Male,44,Finance,Team Lead,MCA,8,103427.0,2023-02-25,Hyderabad,2,No,No
EMP04789,Yauvani Golla,Female,53,Marketing,Team Lead,MBA,6,80496.0,2018-03-27,Pune,3,No,No
EMP04790,Geetika Shan,Female,36,Marketing,Senior Analyst,B.Tech,9,53582.0,2026-05-02,Hyderabad,5,No,No
EMP04791,Laban Kaur,Male,35,Finance,Team Lead,M.Tech,10,53678.0,2024-07-08,Hyderabad,1,Yes,No
EMP04792,Wyatt Sura,Female,25,Sales,Manager,MCA,2,57322.0,2020-06-25,Pune,5,Yes,Yes
EMP04793,Finn Krishna,Male,40,HR,Analyst,MBA,11,71865.0,2018-06-29,Chennai,2,Yes,No
EMP04794,Varsha Loke,Male,51,Sales,Analyst,M.Tech,20,60634.0,2023-07-01,Hyderabad,1,Yes,No
EMP04795,Chakradev Wali,Female,34,IT,Senior Analyst,B.Tech,12,137888.0,2025-06-01,Bangalore,5,No,Yes
EMP04796,Bishakha Mahal,Male,23,Finance,Analyst,B.Tech,20,113292.0,2019-11-19,Hyderabad,5,Yes,No
EMP04797,Pahal Trivedi,Male,44,Finance,Manager,M.Tech,18,107869.0,2017-12-12,Pune,2,No,No
EMP04798,Eesha Yadav,Male,60,Finance,Senior Analyst,MCA,9,80446.0,2020-01-04,Pune,4,Yes,No
EMP04799,Chakrika Keer,Female,32,Marketing,Team Lead,BCA,12,51319.0,2024-12-11,Hyderabad,2,No,No
EMP04800,Teerth Bhatnagar,Female,44,Marketing,Analyst,MCA,4,38773.0,2026-06-13,Pune,1,Yes,No
EMP04801,Andrew Deshmukh,Female,52,Marketing,Senior Analyst,M.Tech,20,36544.0,2022-12-16,Chennai,5,Yes,No
EMP04802,Leena Chaudhary,Male,23,Marketing,Manager,MBA,10,50437.0,2024-01-02,Hyderabad,2,Yes,No
EMP04803,Ridhi Loyal,Female,35,Marketing,Team Lead,M.Tech,5,64140.0,2019-10-14,Bangalore,2,No,No
EMP04804,Anvi Mandal,Male,37,Marketing,Team Lead,M.Tech,12,60638.0,2020-12-29,Pune,3,Yes,No
EMP04805,Vrishti Apte,Male,45,IT,Team Lead,MCA,2,50211.0,2017-05-19,Pune,5,No,No
EMP04806,Reva Wason,Female,25,Finance,Team Lead,BCA,19,63507.0,2019-06-20,Mumbai,4,Yes,Yes
EMP04807,Vedant Pathak,Female,51,HR,Team Lead,M.Tech,4,41145.0,2026-01-30,Mumbai,1,Yes,No
EMP04808,Gopal Sur,Male,23,Sales,Senior Analyst,B.Tech,8,99418.0,2019-09-23,Bangalore,3,Yes,No
EMP04809,Frederick Chacko,Male,25,IT,Senior Analyst,M.Tech,7,133873.0,2025-09-09,Chennai,2,No,No
EMP04810,Urvashi Sur,Male,31,Finance,Manager,B.Tech,10,91818.0,2020-06-30,Chennai,1,Yes,No
EMP04811,Brijesh Mangal,Male,35,Finance,Analyst,B.Tech,19,100882.0,2026-02-22,Hyderabad,3,Yes,No
EMP04812,Pranav Wable,Male,29,Finance,Senior Analyst,MBA,12,101284.0,2020-01-14,Pune,4,Yes,No
EMP04813,Darpan Trivedi,Female,57,IT,Senior Analyst,M.Tech,6,78060.0,2023-01-28,Pune,4,No,No
EMP04814,Oviya Thaker,Male,60,Finance,Team Lead,M.Tech,5,53379.0,2025-06-04,Bangalore,5,No,No
EMP04815,Nitesh Mitter,Male,50,Sales,Manager,B.Tech,2,69131.0,2016-08-06,Chennai,5,Yes,No
EMP04816,Agastya Buch,Female,56,Sales,Manager,MCA,13,68287.0,2021-05-08,Chennai,4,No,No
EMP04817,Vincent Chadha,Female,53,Marketing,Analyst,MCA,11,78518.0,2023-05-04,Bangalore,5,No,No
EMP04818,Dipta Mann,Female,39,Sales,Team Lead,BCA,1,81945.0,2017-12-08,Bangalore,3,Yes,No
EMP04819,Jalsa Sama,Female,48,Sales,Manager,BCA,19,48002.0,2026-01-23,Pune,2,No,No
EMP04820,Chakrika Sahni,Male,56,Sales,Analyst,MCA,12,95472.0,2019-01-25,Chennai,4,Yes,No
EMP04821,Alexander Nayar,Male,54,Finance,Team Lead,BCA,7,111482.0,2021-03-06,Pune,1,No,No
EMP04822,Sai Gandhi,Male,23,HR,Senior Analyst,B.Tech,14,51642.0,2018-03-13,Pune,2,Yes,Yes
EMP04823,Chatura Kapadia,Female,38,HR,Manager,B.Tech,7,66770.0,2022-02-25,Chennai,4,Yes,Yes
EMP04824,Yatan Khanna,Female,59,Sales,Manager,BCA,3,68488.0,2022-04-10,Pune,1,Yes,No
EMP04825,Idika Bhalla,Male,56,Marketing,Team Lead,B.Tech,10,53074.0,2021-04-19,Hyderabad,3,No,No
EMP04826,Ira Maharaj,Male,49,Marketing,Team Lead,B.Tech,19,76111.0,2025-08-12,Pune,5,No,No
EMP04827,Darsh Srinivasan,Female,27,HR,Senior Analyst,BCA,4,66052.0,2020-03-01,Mumbai,1,Yes,No
EMP04828,Aradhana Kuruvilla,Female,37,Marketing,Analyst,BCA,2,67541.0,2024-03-09,Bangalore,3,No,No
EMP04829,Reva Gour,Male,25,HR,Team Lead,BCA,6,57763.0,2019-12-27,Pune,3,No,No
EMP04830,Anay Wali,Female,25,IT,Analyst,MCA,19,135774.0,2021-02-14,Mumbai,4,No,No
EMP04831,Chanakya Kar,Female,44,Marketing,Team Lead,B.Tech,6,52152.0,2024-07-01,Bangalore,1,No,No
EMP04832,Yug Shah,Female,27,HR,Senior Analyst,M.Tech,0,74296.0,2019-10-25,Chennai,3,No,No
EMP04833,Janya Seth,Female,33,Marketing,Team Lead,MCA,1,89601.0,2025-11-10,Bangalore,3,No,No
EMP04834,Idika Dara,Male,51,IT,Team Lead,MBA,10,65833.0,2019-06-15,Chennai,1,No,No
EMP04835,Oscar Bains,Female,27,Marketing,Manager,M.Tech,12,78081.0,2025-12-20,Pune,1,Yes,No
EMP04836,Charles Lanka,Female,57,Sales,Senior Analyst,MBA,3,52522.0,2019-10-24,Mumbai,3,No,No
EMP04837,Abeer Bansal,Female,51,Marketing,Analyst,MBA,11,70264.0,2026-02-12,Mumbai,5,Yes,No
EMP04838,Qushi Dayal,Male,45,HR,Manager,M.Tech,13,69259.0,2019-02-05,Pune,5,Yes,No
EMP04839,Mitesh Raman,Female,49,Finance,Analyst,BCA,0,113644.0,2017-02-07,Bangalore,2,Yes,No
EMP04840,Udyati Mani,Female,45,Sales,Manager,M.Tech,2,48023.0,2024-03-08,Bangalore,3,No,Yes
EMP04841,Eesha Mannan,Male,57,HR,Team Lead,MBA,8,69380.0,2018-06-07,Hyderabad,2,No,No
EMP04842,Ishanvi Sane,Female,59,Sales,Analyst,B.Tech,18,97097.0,2018-12-06,Mumbai,4,No,No
EMP04843,Samuel Nagi,Male,29,IT,Senior Analyst,B.Tech,3,123552.0,2016-11-27,Chennai,5,No,No
EMP04844,Samar Mody,Male,32,HR,Team Lead,BCA,6,43240.0,2023-09-12,Chennai,1,No,Yes
EMP04845,Bimala Sridhar,Female,37,IT,Senior Analyst,M.Tech,4,114182.0,2021-06-04,Chennai,5,Yes,No
EMP04846,Gayathri Tandon,Male,33,Marketing,Analyst,M.Tech,2,47581.0,2022-03-30,Hyderabad,2,Yes,No
EMP04847,Edhitha Soman,Male,42,Sales,Analyst,M.Tech,9,98034.0,2016-12-24,Chennai,5,Yes,No
EMP04848,Sudiksha Lall,Male,40,Finance,Senior Analyst,MCA,8,91302.0,2018-02-04,Mumbai,5,Yes,No
EMP04849,Osha Sunder,Male,30,IT,Team Lead,BCA,20,74428.0,2024-01-31,Chennai,1,Yes,No
EMP04850,Karan Chhabra,Male,28,Marketing,Senior Analyst,MBA,20,89340.0,2020-12-23,Chennai,3,Yes,No
EMP04851,Yash Dua,Male,43,Sales,Manager,M.Tech,1,59381.0,2018-04-08,Hyderabad,3,Yes,No
EMP04852,Farhan Chandran,Female,55,Finance,Analyst,B.Tech,7,74224.0,2025-12-24,Chennai,5,Yes,No
EMP04853,Nakul Kata,Female,31,HR,Manager,M.Tech,1,35354.0,2022-12-23,Chennai,5,No,No
EMP04854,Rajata Balasubramanian,Female,50,Sales,Analyst,BCA,12,53027.0,2017-10-07,Chennai,2,Yes,Yes
EMP04855,Shravya Deo,Female,22,Marketing,Manager,MBA,4,41931.0,2019-09-21,Chennai,3,No,No
EMP04856,Barkha Sheth,Male,29,HR,Senior Analyst,MCA,12,39985.0,2021-09-14,Bangalore,1,Yes,No
EMP04857,Ronith Chadha,Female,56,HR,Team Lead,BCA,8,46796.0,2021-02-17,Mumbai,2,Yes,No
EMP04858,Bhavna Thakur,Female,44,Marketing,Team Lead,M.Tech,9,68340.0,2017-12-03,Pune,5,No,No
EMP04859,Anay Rajagopalan,Male,25,HR,Team Lead,MBA,11,49316.0,2021-11-24,Pune,3,Yes,No
EMP04860,Kabir Saini,Female,59,IT,Analyst,MCA,14,97280.0,2017-09-04,Chennai,3,Yes,No
EMP04861,Triya Babu,Female,53,Sales,Team Lead,M.Tech,9,63894.0,2018-06-19,Bangalore,3,No,No
EMP04862,Gautami Mutti,Female,41,HR,Manager,MCA,10,38823.0,2026-04-11,Bangalore,5,Yes,No
EMP04863,Osha Venkataraman,Female,57,IT,Team Lead,B.Tech,8,81225.0,2022-11-12,Bangalore,2,Yes,No
EMP04864,Qasim Dhingra,Female,43,HR,Team Lead,M.Tech,13,76065.0,2020-03-19,Hyderabad,5,Yes,No
EMP04865,Nimrat Narasimhan,Male,50,Finance,Analyst,MCA,15,108401.0,2024-04-04,Pune,2,Yes,No
EMP04866,Agastya Krishnan,Male,35,Sales,Senior Analyst,MCA,3,51517.0,2021-11-17,Bangalore,2,No,No
EMP04867,Hemani Banik,Female,31,Finance,Analyst,MBA,4,68649.0,2019-08-21,Pune,1,No,No
EMP04868,Oni Dara,Male,49,Sales,Senior Analyst,B.Tech,6,92587.0,2017-03-05,Hyderabad,5,No,Yes
EMP04869,Wyatt Panchal,Male,28,Finance,Analyst,M.Tech,6,74637.0,2016-12-12,Pune,5,Yes,No
EMP04870,Tamanna Barad,Male,48,Finance,Senior Analyst,B.Tech,11,91711.0,2025-12-22,Bangalore,5,No,No
EMP04871,Vansha Chopra,Female,54,Sales,Analyst,M.Tech,3,37987.0,2022-08-05,Bangalore,1,No,No
EMP04872,Upadhriti Khurana,Male,40,HR,Senior Analyst,BCA,17,37871.0,2024-05-15,Chennai,3,Yes,No
EMP04873,Jhalak Doshi,Female,43,HR,Senior Analyst,MCA,18,78837.0,2022-02-20,Hyderabad,2,No,No
EMP04874,Laban Karnik,Female,30,Marketing,Analyst,MCA,14,81680.0,2024-12-14,Bangalore,5,Yes,Yes
EMP04875,Falguni Chandran,Male,24,HR,Analyst,M.Tech,9,39720.0,2018-07-03,Bangalore,4,Yes,No
EMP04876,Arin Kurian,Female,36,IT,Analyst,M.Tech,12,75259.0,2019-03-23,Chennai,2,No,No
EMP04877,Ria Ramachandran,Male,53,Sales,Analyst,B.Tech,15,95893.0,2020-04-04,Bangalore,2,No,No
EMP04878,Mahika Bail,Female,60,Finance,Analyst,BCA,19,115738.0,2018-05-05,Hyderabad,3,Yes,No
EMP04879,Girik Hari,Male,52,Marketing,Senior Analyst,MCA,16,89791.0,2019-11-03,Pune,5,No,No
EMP04880,Triya Sant,Male,44,HR,Senior Analyst,M.Tech,1,58878.0,2020-06-27,Hyderabad,1,Yes,No
EMP04881,Zaid Sarna,Female,28,Marketing,Manager,MBA,14,67309.0,2019-12-27,Pune,1,Yes,No
EMP04882,Radhika Dora,Female,23,Marketing,Senior Analyst,MBA,1,38449.0,2023-07-19,Chennai,4,Yes,No
EMP04883,Daksha Dua,Male,43,IT,Manager,MCA,4,79133.0,2020-05-18,Bangalore,1,Yes,Yes
EMP04884,Yadavi Aggarwal,Female,52,IT,Team Lead,B.Tech,6,100585.0,2017-07-31,Mumbai,4,Yes,No
EMP04885,Rayaan Sami,Male,56,Marketing,Team Lead,MCA,8,87295.0,2024-05-05,Mumbai,1,No,No
EMP04886,Zayan Lad,Male,56,HR,Senior Analyst,B.Tech,1,41557.0,2023-07-30,Chennai,2,No,No
EMP04887,Anirudh Ganesh,Male,35,HR,Analyst,BCA,10,37419.0,2018-04-24,Hyderabad,4,Yes,Yes
EMP04888,Jairaj Mand,Female,51,HR,Team Lead,M.Tech,14,31614.0,2021-01-30,Hyderabad,3,Yes,No
EMP04889,Ucchal Srinivasan,Female,43,HR,Team Lead,MBA,18,40467.0,2018-10-24,Chennai,2,Yes,No
EMP04890,Dalaja Pingle,Female,60,Finance,Analyst,B.Tech,19,57090.0,2019-12-06,Chennai,3,Yes,No
EMP04891,Abhiram Shere,Male,50,Sales,Senior Analyst,MCA,9,50782.0,2022-02-08,Chennai,4,No,No
EMP04892,Faris Pandya,Female,46,Finance,Analyst,MBA,4,66936.0,2026-01-13,Pune,4,Yes,No
EMP04893,Chaitaly Goyal,Male,40,Sales,Senior Analyst,BCA,11,73952.0,2024-07-12,Pune,5,No,No
EMP04894,Orinder Pandey,Female,56,Sales,Analyst,MBA,4,78001.0,2022-06-26,Pune,2,No,No
EMP04895,Ishani Rao,Male,34,IT,Team Lead,M.Tech,19,135852.0,2024-02-06,Mumbai,4,Yes,No
EMP04896,Tanish Bahl,Female,46,IT,Team Lead,B.Tech,3,106124.0,2020-02-11,Mumbai,5,No,Yes
EMP04897,Faraj Majumdar,Female,39,HR,Senior Analyst,MCA,2,36282.0,2022-11-13,Bangalore,1,No,No
EMP04898,Balvan Soni,Female,25,IT,Manager,M.Tech,8,78006.0,2016-10-17,Bangalore,5,Yes,No
EMP04899,Darsh Krishnan,Male,49,Sales,Team Lead,MCA,16,78395.0,2018-06-30,Pune,5,No,No
EMP04900,Kala Dalal,Female,38,Sales,Senior Analyst,MCA,19,88844.0,2024-12-16,Pune,2,Yes,No
EMP04901,Yashawini Murthy,Female,42,Sales,Manager,M.Tech,6,80409.0,2023-03-29,Pune,5,No,No
EMP04902,Gaurang Deol,Female,55,Marketing,Manager,MBA,10,39045.0,2019-04-14,Hyderabad,3,Yes,No
EMP04903,Lakshit Minhas,Male,56,IT,Manager,MBA,16,64023.0,2024-10-29,Mumbai,5,No,No
EMP04904,Indira Dada,Male,32,Sales,Team Lead,MBA,3,44092.0,2017-10-26,Chennai,1,Yes,No
EMP04905,Balveer Aurora,Male,23,Finance,Analyst,B.Tech,10,67423.0,2017-02-24,Mumbai,3,No,No
EMP04906,Prisha Mohan,Female,44,HR,Manager,BCA,10,34832.0,2025-12-27,Pune,2,Yes,No
EMP04907,Manthan Mahal,Male,36,IT,Analyst,BCA,18,144152.0,2023-02-13,Pune,3,No,No
EMP04908,Aarini Agrawal,Female,26,Sales,Analyst,B.Tech,3,93227.0,2024-12-04,Chennai,4,No,Yes
EMP04909,Ekaja Sant,Male,31,Marketing,Team Lead,BCA,0,60402.0,2018-11-18,Bangalore,1,No,No
EMP04910,Shravya Tara,Female,23,IT,Manager,BCA,6,54438.0,2018-05-03,Mumbai,3,No,No
EMP04911,Chaaya Borah,Female,36,Finance,Manager,B.Tech,18,52480.0,2021-11-17,Bangalore,4,Yes,No
EMP04912,Rayaan Pau,Female,25,Finance,Analyst,BCA,11,67202.0,2018-06-27,Bangalore,4,No,No
EMP04913,Gayathri Chawla,Female,25,Finance,Analyst,M.Tech,9,51755.0,2024-08-30,Hyderabad,2,No,Yes
EMP04914,Vidhi Dutt,Female,28,Finance,Analyst,M.Tech,12,54351.0,2022-06-28,Pune,2,No,No
EMP04915,Vincent Parikh,Male,28,IT,Analyst,B.Tech,0,115487.0,2025-01-16,Hyderabad,2,Yes,Yes
EMP04916,Ekbal Nath,Male,42,HR,Analyst,BCA,12,66674.0,2022-12-17,Bangalore,1,Yes,No
EMP04917,Arin Rout,Male,22,Finance,Manager,MBA,18,70681.0,2023-03-06,Chennai,5,No,No
EMP04918,Eshana Malhotra,Female,27,IT,Analyst,MBA,1,64402.0,2026-01-19,Hyderabad,2,Yes,No
EMP04919,Jason Rege,Female,30,HR,Team Lead,M.Tech,11,37344.0,2019-03-05,Chennai,1,No,No
EMP04920,Vyanjana More,Female,23,Finance,Senior Analyst,MCA,4,59227.0,2023-10-06,Pune,3,No,Yes
EMP04921,Tristan Kakar,Female,32,Sales,Analyst,M.Tech,10,34722.0,2020-09-16,Hyderabad,3,No,No
EMP04922,Yasti Deol,Female,43,Marketing,Analyst,B.Tech,1,56714.0,2022-07-26,Pune,2,No,No
EMP04923,Dev Bava,Female,33,HR,Senior Analyst,BCA,13,44107.0,2019-09-04,Chennai,3,No,No
EMP04924,Jagvi Upadhyay,Male,31,Marketing,Analyst,B.Tech,14,67619.0,2016-10-17,Bangalore,4,Yes,No
EMP04925,Amara Ratta,Male,28,HR,Manager,MBA,19,71784.0,2024-01-09,Chennai,4,No,No
EMP04926,Krishna Bhavsar,Female,57,Sales,Analyst,MBA,16,51917.0,2026-07-26,Hyderabad,5,Yes,Yes
EMP04927,Urishilla Sehgal,Male,59,IT,Manager,MBA,9,130234.0,2017-10-19,Chennai,4,No,No
EMP04928,Madhav Chandran,Male,60,HR,Manager,MCA,18,54795.0,2024-03-12,Mumbai,5,Yes,Yes
EMP04929,Ekapad Basu,Female,41,IT,Team Lead,MCA,8,143686.0,2023-01-12,Pune,5,No,No
EMP04930,Madhav Lalla,Male,37,Sales,Manager,BCA,13,75111.0,2021-12-10,Pune,2,No,No
EMP04931,Girish Dugal,Male,33,HR,Manager,B.Tech,14,62898.0,2023-12-28,Hyderabad,2,No,No
EMP04932,Upma Chandra,Female,30,Finance,Manager,MCA,13,86997.0,2023-08-06,Mumbai,3,No,No
EMP04933,Gayathri Rai,Male,23,Sales,Analyst,B.Tech,10,66062.0,2025-11-15,Bangalore,3,Yes,No
EMP04934,Rushil Balakrishnan,Female,44,Finance,Senior Analyst,M.Tech,13,87776.0,2022-10-23,Mumbai,2,Yes,No
EMP04935,Ekani Rai,Female,37,HR,Senior Analyst,MCA,7,50031.0,2018-11-12,Chennai,4,Yes,No
EMP04936,Baljiwan Karnik,Female,45,HR,Manager,MCA,16,69234.0,2025-02-25,Pune,5,Yes,No
EMP04937,Oni Barman,Male,29,IT,Senior Analyst,B.Tech,7,141729.0,2017-07-18,Chennai,4,Yes,No
EMP04938,Atharv Ramaswamy,Female,22,Marketing,Analyst,MCA,2,58948.0,2017-08-20,Bangalore,1,Yes,No
EMP04939,Samuel Basak,Male,35,Sales,Analyst,MCA,16,44149.0,2019-01-12,Hyderabad,5,No,No
EMP04940,Sachi Samra,Female,47,HR,Team Lead,BCA,17,34804.0,2016-09-30,Mumbai,1,No,No
EMP04941,Manya Vala,Female,23,HR,Team Lead,MBA,19,59392.0,2019-02-07,Mumbai,2,Yes,No
EMP04942,Abhiram Thakkar,Male,25,Sales,Analyst,M.Tech,2,35042.0,2017-12-02,Pune,3,Yes,No
EMP04943,Oeshi Suri,Male,30,IT,Analyst,MBA,1,68237.0,2021-05-04,Pune,4,No,No
EMP04944,Widisha Kakar,Male,57,HR,Analyst,M.Tech,14,72155.0,2021-11-06,Hyderabad,4,Yes,No
EMP04945,Daniel Sem,Male,28,HR,Analyst,MCA,12,59180.0,2019-01-17,Hyderabad,1,Yes,No
EMP04946,Pavani Kamdar,Female,27,Finance,Team Lead,BCA,10,74973.0,2021-09-30,Pune,2,No,No
EMP04947,Hiral Raj,Female,38,Sales,Manager,BCA,4,58932.0,2021-04-29,Pune,2,Yes,Yes
EMP04948,Benjamin Krish,Male,56,Marketing,Team Lead,MCA,2,62068.0,2022-11-12,Bangalore,3,No,No
EMP04949,Lohit Sankar,Female,53,Finance,Team Lead,B.Tech,8,77260.0,2024-04-10,Mumbai,5,No,No
EMP04950,Forum Thaker,Female,58,HR,Senior Analyst,B.Tech,20,50000.0,2025-11-30,Pune,3,No,No
EMP04951,Sara Goel,Male,22,Sales,Analyst,MCA,0,66643.0,2026-03-20,Mumbai,5,No,Yes
EMP04952,Kritika Morar,Female,50,IT,Team Lead,MCA,3,149754.0,2023-10-09,Pune,2,Yes,No
EMP04953,Pranit Borah,Male,49,Sales,Senior Analyst,B.Tech,14,79843.0,2017-08-24,Hyderabad,5,No,No
EMP04954,Advika Lad,Male,44,HR,Team Lead,B.Tech,0,32131.0,2026-08-01,Mumbai,3,Yes,No
EMP04955,Kiaan Wadhwa,Female,35,Sales,Analyst,B.Tech,12,57019.0,2023-04-04,Pune,2,No,No
EMP04956,Vasatika Vaidya,Male,36,Sales,Analyst,BCA,16,94159.0,2020-12-02,Bangalore,4,No,No
EMP04957,Aarnav Dalal,Female,57,IT,Senior Analyst,MBA,15,81144.0,2024-11-23,Hyderabad,3,Yes,No
EMP04958,Patrick Vasa,Female,41,IT,Senior Analyst,M.Tech,10,61343.0,2023-10-11,Chennai,5,No,No
EMP04959,Vedant Lad,Male,44,IT,Analyst,BCA,14,58970.0,2024-12-11,Pune,3,Yes,No
EMP04960,Manya Gour,Female,35,Sales,Manager,MCA,13,50846.0,2021-04-29,Hyderabad,2,Yes,No
EMP04961,Aarna Mahal,Male,57,Finance,Manager,M.Tech,2,65212.0,2024-05-21,Chennai,5,No,Yes
EMP04962,Fariq Oza,Female,36,HR,Manager,MBA,15,61549.0,2020-10-11,Hyderabad,1,No,No
EMP04963,Lakshit Chaudhuri,Male,30,Sales,Team Lead,MBA,1,80309.0,2026-05-17,Mumbai,3,No,No
EMP04964,Nathaniel Mitra,Male,35,Sales,Analyst,BCA,2,85098.0,2026-07-09,Bangalore,3,No,No
EMP04965,Bahadurjit Murthy,Male,46,Marketing,Senior Analyst,BCA,10,55458.0,2023-06-24,Mumbai,1,No,No
EMP04966,Aachal Goswami,Male,32,IT,Senior Analyst,MCA,7,148329.0,2021-09-23,Bangalore,5,No,No
EMP04967,Edhitha Bala,Female,44,HR,Manager,BCA,4,68973.0,2019-12-08,Hyderabad,1,No,No
EMP04968,Karan Lall,Male,40,HR,Team Lead,MCA,19,63787.0,2017-11-25,Pune,3,Yes,No
EMP04969,Gaurang Ramakrishnan,Female,50,IT,Manager,MBA,0,110844.0,2021-09-14,Pune,1,No,No
EMP04970,Bhavna Naik,Male,47,Finance,Senior Analyst,B.Tech,11,58143.0,2018-12-16,Hyderabad,3,Yes,No
EMP04971,Nisha Sant,Female,44,HR,Manager,M.Tech,13,42900.0,2025-07-13,Chennai,4,Yes,Yes
EMP04972,Zashil Shanker,Female,23,Finance,Manager,MBA,1,69489.0,2026-05-26,Chennai,4,Yes,No
EMP04973,Netra Bath,Female,31,Finance,Manager,BCA,18,91808.0,2022-07-29,Bangalore,4,No,Yes
EMP04974,Nathaniel Bora,Female,53,Sales,Team Lead,BCA,11,57418.0,2026-03-19,Pune,1,Yes,Yes
EMP04975,Christopher Char,Female,55,Sales,Team Lead,M.Tech,0,64078.0,2018-06-12,Hyderabad,3,No,Yes
EMP04976,Indrajit Kashyap,Male,22,IT,Manager,BCA,0,50700.0,2021-09-14,Chennai,2,Yes,No
EMP04977,David Krishnamurthy,Male,52,Marketing,Analyst,M.Tech,6,81591.0,2022-03-27,Bangalore,5,Yes,No
EMP04978,Suhani Johal,Male,28,Marketing,Manager,MCA,3,75000.0,2024-08-02,Bangalore,1,Yes,No
EMP04979,Yamini Kanda,Male,28,Finance,Analyst,M.Tech,11,104847.0,2019-06-14,Chennai,4,No,No
EMP04980,Dalaja Trivedi,Male,43,HR,Senior Analyst,M.Tech,4,56967.0,2025-05-16,Mumbai,2,Yes,No
EMP04981,Ucchal Bhardwaj,Female,49,Marketing,Team Lead,BCA,3,87166.0,2026-05-02,Chennai,4,Yes,No
EMP04982,Ikbal Morar,Female,40,IT,Senior Analyst,BCA,6,60937.0,2023-03-01,Hyderabad,3,Yes,No
EMP04983,Amruta Bedi,Female,43,Finance,Senior Analyst,MBA,13,68903.0,2017-05-29,Chennai,3,Yes,No
EMP04984,Tanish Dani,Female,43,IT,Analyst,MBA,16,66716.0,2016-10-16,Hyderabad,5,Yes,No
EMP04985,Pranit Srinivas,Female,38,Finance,Senior Analyst,MBA,5,106446.0,2019-04-17,Hyderabad,5,Yes,Yes
EMP04986,Nidhi Ravel,Female,23,HR,Senior Analyst,B.Tech,9,37961.0,2019-08-14,Pune,4,Yes,No
EMP04987,Wakeeta Amble,Female,42,Finance,Manager,MCA,9,99502.0,2020-08-05,Pune,4,No,No
EMP04988,Omkaar Khatri,Female,35,Sales,Senior Analyst,BCA,8,48665.0,2025-06-24,Hyderabad,3,No,Yes
EMP04989,Gaurang Bala,Female,24,Marketing,Team Lead,BCA,17,67086.0,2024-07-23,Hyderabad,1,No,No
EMP04990,Victor Garde,Female,45,IT,Analyst,M.Tech,6,90677.0,2019-12-15,Chennai,3,No,No
EMP04991,Girik Kunda,Male,56,Marketing,Manager,MCA,18,63103.0,2020-10-16,Pune,4,No,No
EMP04992,Ria Kanda,Female,37,IT,Senior Analyst,MCA,7,90360.0,2025-06-03,Bangalore,1,No,Yes
EMP04993,Ekavir Lad,Female,48,Sales,Manager,MCA,14,47739.0,2017-01-16,Chennai,2,Yes,No
EMP04994,Yadavi Mukhopadhyay,Male,35,Finance,Manager,MBA,15,51456.0,2016-08-31,Chennai,4,No,No
EMP04995,Tamanna Shetty,Female,34,Sales,Manager,BCA,3,34387.0,2017-10-28,Bangalore,5,Yes,No
EMP04996,Naksh Chawla,Female,24,IT,Senior Analyst,MCA,0,78552.0,2019-12-14,Mumbai,2,No,No
EMP04997,Robert Kadakia,Male,25,IT,Senior Analyst,BCA,15,75965.0,2023-04-18,Bangalore,4,No,No
EMP04998,Yashawini Murty,Male,54,Finance,Team Lead,MBA,9,102093.0,2016-09-14,Mumbai,5,No,No
EMP04999,Viraj Mittal,Female,44,Marketing,Manager,M.Tech,14,69468.0,2024-05-14,Pune,4,No,No
EMP05000,Nihal Hans,Male,51,IT,Team Lead,MBA,3,88308.0,2025-01-02,Bangalore,5,Yes,No
EMP05001,Abdul Sarraf,Female,28,Finance,Analyst,M.Tech,18,68189.0,2022-04-19,Hyderabad,2,No,No
EMP05002,Kala Memon,Female,56,Marketing,Team Lead,B.Tech,12,60721.0,2020-11-14,Bangalore,1,Yes,No
EMP05003,Vasana Sankar,Male,25,HR,Team Lead,B.Tech,12,51689.0,2019-03-03,Pune,1,Yes,Yes
EMP05004,Riya Wagle,Female,45,Sales,Analyst,B.Tech,5,35155.0,2018-02-17,Hyderabad,3,Yes,No
EMP05005,Pranit Kalita,Female,25,Marketing,Senior Analyst,M.Tech,9,74333.0,2019-09-20,Chennai,1,Yes,No
EMP05006,Maanas Seth,Male,59,Marketing,Manager,BCA,8,86547.0,2020-08-12,Pune,3,Yes,No
EMP05007,Anya Saxena,Male,31,Marketing,Manager,MBA,13,70569.0,2024-01-11,Chennai,4,Yes,No
EMP05008,Watika Handa,Female,47,IT,Analyst,MCA,20,75711.0,2020-09-11,Hyderabad,1,No,No
EMP05009,Rushil Kohli,Female,57,HR,Team Lead,B.Tech,16,71086.0,2023-04-03,Bangalore,2,Yes,No
EMP05010,Lekha Muni,Male,41,IT,Analyst,BCA,16,93485.0,2019-11-07,Hyderabad,3,Yes,No
EMP05011,Idika Bandi,Female,33,Finance,Senior Analyst,MBA,1,73170.0,2021-08-14,Hyderabad,2,Yes,No
EMP05012,Janaki Suri,Male,40,HR,Manager,BCA,9,71516.0,2021-05-02,Mumbai,5,No,No
EMP05013,Alexander Rastogi,Female,60,Finance,Team Lead,B.Tech,5,54811.0,2020-04-05,Mumbai,2,Yes,No
EMP05014,Widisha Sankar,Female,56,IT,Senior Analyst,BCA,3,114882.0,2020-07-11,Pune,1,No,No
EMP05015,Nidra Natt,Female,37,Sales,Analyst,B.Tech,0,94269.0,2025-01-25,Hyderabad,3,Yes,No
EMP05016,Caleb Lall,Female,42,Sales,Analyst,M.Tech,18,81050.0,2025-12-13,Chennai,4,Yes,No
EMP05017,Warhi Mital,Male,49,Finance,Team Lead,M.Tech,2,81221.0,2022-04-20,Chennai,5,No,No
EMP05018,Adya Padmanabhan,Female,51,HR,Analyst,MBA,6,58947.0,2019-02-10,Bangalore,2,Yes,No
EMP05019,Baljiwan Divan,Male,53,Marketing,Manager,MBA,18,72403.0,2017-10-30,Bangalore,4,Yes,No
EMP05020,Ekaja Ray,Female,32,IT,Team Lead,MCA,4,72447.0,2018-04-23,Pune,2,No,No
EMP05021,Yashica Agrawal,Male,36,Marketing,Manager,M.Tech,9,47842.0,2023-02-09,Bangalore,4,No,Yes
EMP05022,Quincy Manne,Male,56,Finance,Manager,M.Tech,10,118929.0,2020-10-01,Pune,5,No,No
EMP05023,Ubika Roy,Male,35,Sales,Senior Analyst,B.Tech,19,55350.0,2019-06-05,Chennai,5,No,No
EMP05024,Anita Mangal,Male,52,Marketing,Team Lead,MCA,15,36679.0,2024-01-26,Chennai,5,No,No
EMP05025,William Bakshi,Female,42,Sales,Senior Analyst,BCA,10,93453.0,2022-01-29,Mumbai,2,No,No
EMP05026,Yashoda Kulkarni,Male,36,Finance,Senior Analyst,B.Tech,9,71885.0,2024-02-24,Hyderabad,3,No,Yes
EMP05027,Turvi Tak,Male,48,Sales,Manager,MCA,0,63906.0,2023-11-20,Hyderabad,3,Yes,Yes
EMP05028,Pranav Sankar,Female,50,Marketing,Senior Analyst,BCA,8,89938.0,2025-11-02,Pune,5,Yes,No
EMP05029,Krish Ratti,Female,53,Finance,Manager,MBA,13,68241.0,2023-10-22,Bangalore,2,Yes,No
EMP05030,Alka Parmar,Male,25,Marketing,Senior Analyst,MCA,1,66541.0,2020-04-11,Pune,5,No,No
EMP05031,Ijaya Gupta,Male,60,Sales,Manager,M.Tech,3,90270.0,2019-10-06,Chennai,5,Yes,No
EMP05032,Pahal Mannan,Male,34,HR,Manager,MBA,19,43308.0,2021-11-07,Mumbai,5,Yes,No
EMP05033,Zansi Sharma,Male,44,Marketing,Analyst,MBA,12,69210.0,2019-06-25,Hyderabad,5,No,No
EMP05034,Yagnesh Murthy,Male,37,Marketing,Team Lead,BCA,3,59831.0,2019-08-02,Chennai,5,Yes,No
EMP05035,Onveer Keer,Female,30,Finance,Analyst,M.Tech,17,109289.0,2016-12-29,Mumbai,5,Yes,No
EMP05036,Harini Mittal,Female,23,Finance,Senior Analyst,B.Tech,16,78508.0,2025-08-24,Pune,2,No,No
EMP05037,Rajeshri Rajan,Male,48,IT,Manager,B.Tech,17,101722.0,2023-03-13,Mumbai,1,Yes,No
EMP05038,Ojasvi Bansal,Female,56,Finance,Manager,MBA,12,102719.0,2025-05-21,Hyderabad,5,No,No
EMP05039,Anthony Yadav,Male,44,IT,Manager,MCA,17,58861.0,2019-02-25,Chennai,5,Yes,No
EMP05040,Anthony Malhotra,Female,39,HR,Analyst,MBA,1,53694.0,2020-08-24,Hyderabad,3,Yes,No
EMP05041,Andrew Sura,Male,31,Finance,Team Lead,M.Tech,3,52252.0,2022-07-31,Chennai,4,Yes,No
EMP05042,Pooja Sundaram,Female,60,Finance,Analyst,M.Tech,11,59244.0,2026-06-19,Mumbai,4,No,No
EMP05043,Suhani Naik,Male,47,IT,Senior Analyst,MCA,6,68511.0,2018-03-11,Chennai,2,No,No
EMP05044,Vasudha Ram,Female,52,Finance,Senior Analyst,MBA,12,71724.0,2024-09-11,Mumbai,3,Yes,No
EMP05045,Gautami Sharaf,Female,36,IT,Team Lead,M.Tech,14,68333.0,2021-10-29,Bangalore,1,No,No
EMP05046,Jack Sinha,Female,42,Finance,Analyst,MCA,18,66108.0,2022-02-20,Bangalore,3,Yes,No
EMP05047,Vasana Nanda,Female,60,Sales,Manager,MCA,16,91232.0,2023-09-16,Pune,2,No,No
EMP05048,Girish Kaur,Female,28,Sales,Analyst,MBA,7,80030.0,2024-07-17,Chennai,5,No,No
EMP05049,Ijaya Kaur,Female,41,Finance,Manager,BCA,4,64595.0,2016-08-23,Pune,2,Yes,No
EMP05050,Fitan Comar,Male,51,IT,Team Lead,BCA,0,69367.0,2020-12-13,Chennai,4,No,No
EMP05051,Sai Mitter,Male,42,Finance,Analyst,MCA,18,76881.0,2020-11-15,Pune,2,No,No
EMP05052,Nidra Bahri,Male,31,Marketing,Analyst,MBA,0,42668.0,2017-08-22,Pune,1,Yes,No
EMP05053,Wriddhish Jhaveri,Male,44,IT,Team Lead,M.Tech,12,130198.0,2023-01-17,Pune,5,Yes,No
EMP05054,Nitesh Tandon,Female,42,Marketing,Team Lead,MBA,5,44414.0,2017-05-20,Pune,2,Yes,No
EMP05055,Hitesh Sem,Female,39,HR,Analyst,B.Tech,4,36285.0,2022-11-28,Mumbai,5,No,No
EMP05056,Saumya Buch,Male,35,IT,Analyst,B.Tech,14,102694.0,2026-08-06,Mumbai,1,No,No
EMP05057,Theodore Rama,Male,52,Finance,Analyst,MCA,18,87879.0,2017-01-17,Chennai,5,No,No
EMP05058,Wyatt Contractor,Male,48,IT,Analyst,BCA,0,106542.0,2018-08-26,Hyderabad,5,No,No
EMP05059,Triya Gala,Male,51,Sales,Senior Analyst,BCA,1,95862.0,2022-03-22,Chennai,5,Yes,No
EMP05060,Ekapad Babu,Male,56,Marketing,Manager,M.Tech,4,39538.0,2020-09-04,Mumbai,5,No,No
EMP05061,Dalbir Balan,Male,22,HR,Senior Analyst,M.Tech,16,67767.0,2023-07-05,Pune,1,No,No
EMP05062,Yashodhara Swaminathan,Female,46,HR,Analyst,M.Tech,2,62929.0,2022-10-11,Hyderabad,1,Yes,No
EMP05063,Yatin Bhasin,Female,55,HR,Manager,MCA,20,56764.0,2021-03-18,Pune,5,Yes,Yes
EMP05064,Aayush Barad,Male,56,Marketing,Manager,MCA,8,52848.0,2017-09-01,Pune,4,Yes,No
EMP05065,Owen Mallick,Male,45,Marketing,Team Lead,M.Tech,5,67740.0,2025-07-19,Chennai,3,No,No
EMP05066,Wyatt Agarwal,Male,23,IT,Analyst,MCA,10,102312.0,2024-01-15,Chennai,1,No,No
EMP05067,Finn Agate,Female,22,Sales,Analyst,B.Tech,20,81293.0,2019-08-27,Hyderabad,3,Yes,No
EMP05068,Qadim Mohanty,Female,25,Finance,Team Lead,BCA,12,94148.0,2022-03-28,Pune,5,Yes,No
EMP05069,Urvashi Rattan,Female,49,Marketing,Team Lead,MBA,11,77199.0,2026-04-20,Mumbai,5,Yes,No
EMP05070,Eesha Puri,Female,53,Finance,Team Lead,B.Tech,18,77591.0,2024-07-09,Chennai,2,Yes,No
EMP05071,Chameli Bora,Female,23,HR,Analyst,BCA,10,39988.0,2020-04-20,Hyderabad,4,No,Yes
EMP05072,Ekani Ravi,Female,33,Sales,Team Lead,B.Tech,15,39338.0,2023-09-03,Hyderabad,1,Yes,No
EMP05073,Forum Kala,Female,48,IT,Senior Analyst,B.Tech,20,126138.0,2023-05-05,Chennai,4,Yes,Yes
EMP05074,Kashish Gade,Male,22,Marketing,Senior Analyst,BCA,3,86300.0,2025-01-20,Pune,3,Yes,No
EMP05075,Ekavir Parmar,Male,35,HR,Team Lead,MBA,15,64996.0,2019-09-30,Hyderabad,2,Yes,No
EMP05076,Falan Pai,Female,48,Marketing,Team Lead,MBA,14,52319.0,2020-02-02,Mumbai,4,No,No
EMP05077,Nitara Sinha,Female,57,Marketing,Analyst,BCA,1,84015.0,2021-05-30,Bangalore,3,No,No
EMP05078,Bhanumati Borra,Female,25,HR,Analyst,MCA,17,37591.0,2020-04-15,Pune,2,No,No
EMP05079,Kai Sethi,Male,52,Finance,Manager,M.Tech,17,58963.0,2021-09-16,Pune,5,Yes,No
EMP05080,Siya Ahluwalia,Male,44,Sales,Analyst,MCA,16,98107.0,2026-04-13,Pune,4,No,No
EMP05081,Qabil Misra,Female,29,IT,Manager,BCA,19,136221.0,2019-10-11,Bangalore,1,No,No
EMP05082,Girindra Sehgal,Female,49,Sales,Team Lead,MCA,13,48546.0,2020-11-16,Pune,3,Yes,No
EMP05083,Vyanjana Pandey,Female,49,Finance,Manager,MCA,7,110224.0,2022-12-21,Mumbai,5,No,No
EMP05084,Sathvik Pai,Male,39,Marketing,Team Lead,B.Tech,19,37985.0,2018-05-18,Hyderabad,5,Yes,No
EMP05085,Oni Gala,Female,54,Finance,Team Lead,M.Tech,5,69189.0,2021-03-05,Bangalore,5,No,No
EMP05086,Caleb Mangal,Male,47,IT,Senior Analyst,MCA,9,100453.0,2024-10-18,Mumbai,1,No,No
EMP05087,Saanvi Gala,Male,34,HR,Analyst,B.Tech,6,35682.0,2020-01-02,Pune,4,Yes,No
EMP05088,Vinaya Nori,Female,52,IT,Senior Analyst,MCA,14,50631.0,2021-04-30,Pune,4,Yes,No
EMP05089,Amaira Subramanian,Male,52,Finance,Manager,BCA,5,68030.0,2021-08-23,Mumbai,4,Yes,No
EMP05090,Neelima Varghese,Female,34,HR,Analyst,B.Tech,11,64225.0,2016-12-07,Pune,4,No,No
EMP05091,Jagdish Choudhary,Female,23,IT,Manager,B.Tech,16,108645.0,2018-09-24,Mumbai,4,Yes,No
EMP05092,Lekha Baral,Female,44,Marketing,Manager,MCA,20,62516.0,2016-10-17,Chennai,4,Yes,No
EMP05093,Om Borde,Female,38,Finance,Senior Analyst,MCA,3,111425.0,2016-08-20,Bangalore,1,Yes,No
EMP05094,Yashica Hari,Male,59,Marketing,Senior Analyst,MCA,10,52085.0,2019-05-12,Bangalore,3,Yes,No
EMP05095,Dalaja Kaur,Female,22,Marketing,Analyst,MBA,13,50525.0,2022-12-26,Bangalore,4,Yes,No
EMP05096,Upadhriti Bava,Female,35,Finance,Senior Analyst,MBA,8,60375.0,2023-07-15,Pune,2,Yes,No
EMP05097,Lakshmi Dash,Female,49,IT,Analyst,MBA,11,99960.0,2022-02-11,Pune,1,No,No
EMP05098,Shivansh Pathak,Female,22,Finance,Analyst,B.Tech,7,69613.0,2017-06-01,Pune,1,No,No
EMP05099,Oliver Lad,Female,29,Marketing,Team Lead,MBA,2,36022.0,2025-02-15,Bangalore,3,No,No
EMP05100,Oliver Deol,Female,59,IT,Team Lead,MCA,9,126398.0,2026-04-22,Mumbai,2,No,No
EMP05101,Hritik Bandi,Female,33,HR,Manager,MBA,12,65982.0,2024-02-03,Bangalore,5,Yes,Yes
EMP05102,Zarna Kanda,Male,46,Marketing,Team Lead,M.Tech,8,50810.0,2019-10-25,Hyderabad,4,Yes,No
EMP05103,Michael Reddy,Male,51,HR,Analyst,MCA,20,31520.0,2017-01-13,Chennai,3,No,No
EMP05104,Manan Khosla,Male,46,Sales,Analyst,MCA,0,60946.0,2025-10-13,Pune,1,Yes,Yes
EMP05105,Robert Wable,Male,35,Marketing,Analyst,BCA,2,89960.0,2018-12-22,Hyderabad,4,No,No
EMP05106,Ikshita Nayak,Male,53,HR,Senior Analyst,MBA,4,59948.0,2023-10-12,Mumbai,3,Yes,No
EMP05107,Onkar Krishnan,Female,24,Sales,Team Lead,M.Tech,6,49155.0,2021-03-06,Bangalore,3,No,No
EMP05108,Aarini Mannan,Male,32,HR,Manager,MCA,11,43817.0,2019-04-18,Pune,5,Yes,No
EMP05109,Dayamai Atwal,Female,34,IT,Team Lead,MCA,11,77422.0,2024-01-13,Bangalore,2,No,No
EMP05110,Inaya Sabharwal,Female,25,Marketing,Manager,BCA,18,63465.0,2017-02-23,Bangalore,5,No,No
EMP05111,Udyati Desai,Female,27,HR,Team Lead,B.Tech,14,46728.0,2024-10-06,Bangalore,4,No,No
EMP05112,Peter Varughese,Male,34,IT,Manager,MCA,2,129693.0,2021-12-22,Chennai,3,Yes,No
EMP05113,David Ramachandran,Male,49,HR,Analyst,BCA,11,48909.0,2026-05-31,Chennai,2,Yes,No
EMP05114,Sneha Suri,Female,51,HR,Senior Analyst,M.Tech,6,64121.0,2021-03-28,Mumbai,3,No,No
EMP05115,Aashi Mangal,Male,52,Sales,Team Lead,MBA,17,51918.0,2021-07-14,Pune,2,No,Yes
EMP05116,Dominic Andra,Female,42,Marketing,Analyst,B.Tech,14,65043.0,2025-11-02,Mumbai,5,No,No
EMP05117,Yamini Bandi,Female,48,Finance,Manager,MCA,6,115263.0,2022-01-17,Chennai,1,Yes,No
EMP05118,Ishaan Dube,Male,37,IT,Senior Analyst,M.Tech,0,60259.0,2019-07-11,Chennai,3,Yes,No
EMP05119,Anjali Dhar,Male,43,Sales,Team Lead,MCA,5,39659.0,2022-12-31,Chennai,3,Yes,No
EMP05120,Ekantika Doshi,Male,45,Marketing,Senior Analyst,MCA,13,69101.0,2022-08-11,Pune,2,Yes,No
EMP05121,Ekaraj Grover,Female,33,Marketing,Analyst,MCA,6,57386.0,2025-04-13,Bangalore,4,Yes,No
EMP05122,Nitara Kalita,Male,49,Sales,Senior Analyst,MCA,12,85047.0,2021-05-22,Chennai,1,No,No
EMP05123,Andrew Baria,Male,56,Finance,Analyst,BCA,10,99423.0,2023-05-14,Bangalore,2,Yes,No
EMP05124,Ira Kakar,Male,59,HR,Team Lead,MCA,5,36723.0,2019-05-09,Bangalore,2,Yes,No
EMP05125,Avni Bora,Male,31,Finance,Team Lead,MCA,19,112112.0,2024-06-11,Bangalore,3,Yes,No
EMP05126,Balvan Dugar,Female,30,HR,Analyst,MCA,13,45117.0,2018-03-18,Pune,3,Yes,No
EMP05127,Ayaan Guha,Female,42,Finance,Analyst,M.Tech,3,89050.0,2025-06-06,Chennai,4,No,No
EMP05128,Gagan Bawa,Male,29,Finance,Team Lead,M.Tech,17,110541.0,2021-06-07,Bangalore,2,Yes,No
EMP05129,Quincy Viswanathan,Male,47,Finance,Senior Analyst,MCA,17,84126.0,2024-02-07,Pune,3,No,No
EMP05130,Vaishnavi Tak,Female,58,Marketing,Senior Analyst,BCA,1,48606.0,2022-03-08,Bangalore,3,No,No
EMP05131,Nicholas Dhingra,Male,57,IT,Analyst,MCA,18,109636.0,2025-03-18,Pune,3,No,No
EMP05132,Luke Raja,Female,32,HR,Manager,BCA,14,66646.0,2023-10-01,Hyderabad,2,No,No
EMP05133,Kashvi Sarma,Male,22,Finance,Manager,M.Tech,9,47870.0,2023-10-21,Mumbai,1,No,No
EMP05134,Hardik Sandhu,Female,58,IT,Manager,M.Tech,15,141208.0,2025-01-01,Mumbai,5,Yes,No
EMP05135,Christopher Barad,Male,58,Marketing,Team Lead,M.Tech,3,72322.0,2021-04-01,Chennai,3,No,No
EMP05136,Manthan Karnik,Male,60,IT,Analyst,BCA,5,80734.0,2025-07-28,Hyderabad,3,Yes,No
EMP05137,Radha Vig,Female,55,Sales,Manager,B.Tech,10,44821.0,2017-11-08,Chennai,2,No,No
EMP05138,Aishani Khosla,Male,30,HR,Manager,MBA,6,40867.0,2020-05-05,Chennai,5,No,No
EMP05139,Arya Chhabra,Female,35,Marketing,Analyst,BCA,11,88310.0,2018-01-11,Chennai,2,Yes,No
EMP05140,Radha Madan,Male,41,IT,Team Lead,MBA,12,96469.0,2021-01-25,Hyderabad,5,No,No
EMP05141,Girindra Patla,Female,44,Sales,Manager,MBA,9,56339.0,2025-12-15,Bangalore,1,Yes,Yes
EMP05142,Gautami Kale,Female,24,IT,Team Lead,M.Tech,4,110417.0,2025-04-30,Chennai,5,No,No
EMP05143,Sai Butala,Female,35,Marketing,Team Lead,B.Tech,6,56740.0,2026-04-25,Hyderabad,1,No,No
EMP05144,Naveen Kulkarni,Male,32,Marketing,Team Lead,M.Tech,8,85406.0,2024-11-13,Chennai,1,No,No
EMP05145,Yashasvi Kuruvilla,Male,57,HR,Analyst,MCA,20,79890.0,2018-06-06,Bangalore,5,Yes,Yes
EMP05146,Adweta Karnik,Female,22,Sales,Team Lead,BCA,3,69581.0,2018-10-30,Mumbai,3,Yes,No
EMP05147,Liam Sathe,Female,32,IT,Manager,B.Tech,7,138408.0,2016-10-28,Chennai,3,Yes,No
EMP05148,Bhavika Wason,Male,42,HR,Team Lead,B.Tech,5,56996.0,2024-05-14,Mumbai,2,No,No
EMP05149,Arjun Dayal,Female,30,Sales,Team Lead,BCA,6,82145.0,2019-01-25,Mumbai,1,No,Yes
EMP05150,Karan Pillay,Male,58,Sales,Manager,M.Tech,20,66234.0,2025-12-21,Pune,2,No,Yes
EMP05151,Yash Bhatt,Male,57,Finance,Analyst,B.Tech,16,68190.0,2019-08-01,Hyderabad,3,No,Yes
EMP05152,Gavin Yohannan,Male,60,Finance,Manager,BCA,3,79034.0,2022-04-25,Hyderabad,1,No,No
EMP05153,Yoshita Nigam,Male,44,Marketing,Analyst,MCA,0,74806.0,2018-05-22,Mumbai,1,Yes,No
EMP05154,Tara Pathak,Female,25,Finance,Senior Analyst,MCA,10,72947.0,2022-06-27,Hyderabad,2,No,No
EMP05155,Vamakshi Bassi,Male,41,Marketing,Senior Analyst,MBA,15,35111.0,2022-05-26,Chennai,3,No,No
EMP05156,Raksha Vaidya,Female,30,HR,Analyst,BCA,11,42996.0,2021-10-13,Pune,2,Yes,No
EMP05157,Shivani Koshy,Male,43,HR,Manager,M.Tech,0,30484.0,2021-11-11,Chennai,3,No,No
EMP05158,Nirja Korpal,Male,26,Sales,Analyst,MCA,2,55014.0,2022-03-31,Bangalore,5,No,No
EMP05159,Harish Mital,Female,32,Marketing,Senior Analyst,MBA,7,74989.0,2024-12-19,Chennai,2,Yes,No
EMP05160,Ojas Sankaran,Male,35,Sales,Team Lead,M.Tech,9,57822.0,2023-04-20,Bangalore,2,Yes,Yes
EMP05161,Theodore Din,Female,49,Sales,Manager,BCA,12,74907.0,2024-11-11,Hyderabad,4,No,Yes
EMP05162,Saksham Lala,Female,42,Finance,Senior Analyst,B.Tech,6,88083.0,2024-09-06,Mumbai,2,Yes,Yes
EMP05163,Ikbal Babu,Female,54,HR,Team Lead,B.Tech,10,75019.0,2019-10-17,Mumbai,4,Yes,No
EMP05164,Balendra Atwal,Female,51,Sales,Team Lead,M.Tech,19,83258.0,2024-09-21,Hyderabad,2,No,No
EMP05165,Alexander Vala,Male,46,HR,Team Lead,BCA,3,73845.0,2021-08-02,Chennai,3,Yes,No
EMP05166,Manya Sankar,Male,42,HR,Team Lead,BCA,6,75355.0,2023-09-20,Hyderabad,3,No,No
EMP05167,Wakeeta Palan,Female,43,Finance,Analyst,BCA,16,71787.0,2020-08-22,Chennai,2,Yes,Yes
EMP05168,Praneel Sethi,Female,58,Finance,Analyst,MCA,20,47743.0,2021-09-27,Bangalore,1,No,No
EMP05169,Balendra Radhakrishnan,Male,48,HR,Team Lead,B.Tech,12,69662.0,2020-10-05,Chennai,2,Yes,No
EMP05170,Urishilla Jayaraman,Female,34,HR,Manager,MBA,12,47137.0,2023-01-29,Chennai,5,No,No
EMP05171,Baghyawati Bera,Female,52,Marketing,Senior Analyst,MBA,13,66376.0,2025-11-16,Mumbai,5,No,No
EMP05172,Hitesh Golla,Male,36,HR,Senior Analyst,MBA,0,35832.0,2025-02-16,Mumbai,5,Yes,No
EMP05173,Januja Narula,Female,52,IT,Analyst,M.Tech,14,50152.0,2024-07-04,Mumbai,4,Yes,No
EMP05174,Arin Garg,Female,29,Sales,Team Lead,MBA,19,67108.0,2020-02-18,Pune,4,Yes,No
EMP05175,Jacob Hegde,Female,31,Finance,Manager,BCA,1,72375.0,2020-08-04,Chennai,5,Yes,No
EMP05176,Saksham Dugal,Female,26,HR,Team Lead,BCA,16,60042.0,2018-06-28,Bangalore,5,No,No
EMP05177,Indira Raja,Male,32,Finance,Team Lead,MBA,2,93314.0,2017-07-14,Mumbai,5,Yes,No
EMP05178,Manbir Mutti,Male,49,Marketing,Analyst,B.Tech,16,56953.0,2025-01-03,Bangalore,2,No,No
EMP05179,Fariq Sachar,Male,52,Finance,Senior Analyst,BCA,2,55269.0,2019-12-21,Hyderabad,2,No,No
EMP05180,Gaurav Bal,Male,30,Marketing,Senior Analyst,BCA,10,81021.0,2018-06-06,Chennai,2,Yes,No
EMP05181,Xiti Chad,Male,36,HR,Senior Analyst,M.Tech,1,43412.0,2022-11-08,Mumbai,5,No,No
EMP05182,Darika Krishnamurthy,Male,59,IT,Manager,MBA,3,141585.0,2018-01-28,Hyderabad,5,No,No
EMP05183,Abeer Kanda,Female,46,Marketing,Manager,M.Tech,5,63770.0,2017-08-24,Hyderabad,2,No,No
EMP05184,Madhav Bahl,Male,30,IT,Manager,MBA,20,122267.0,2017-12-01,Pune,1,No,No
EMP05185,Jairaj Behl,Female,39,Sales,Senior Analyst,BCA,8,96712.0,2020-05-30,Chennai,2,Yes,No
EMP05186,Raagini Pillai,Female,58,Finance,Analyst,M.Tech,16,53465.0,2022-11-08,Mumbai,4,Yes,No
EMP05187,Odika Reddy,Male,35,IT,Analyst,BCA,5,127354.0,2024-01-31,Mumbai,3,Yes,No
EMP05188,Tristan Swaminathan,Male,59,HR,Analyst,BCA,18,37840.0,2023-05-28,Chennai,5,No,No
EMP05189,Varenya Sama,Male,51,HR,Team Lead,M.Tech,6,31385.0,2023-04-22,Pune,1,No,No
EMP05190,Hamsini Tata,Male,58,Sales,Analyst,B.Tech,7,52388.0,2016-12-16,Mumbai,3,No,No
EMP05191,Fiyaz Malhotra,Male,48,IT,Senior Analyst,MCA,13,61333.0,2021-04-28,Bangalore,5,No,No
EMP05192,Omkaar Sura,Male,37,IT,Analyst,B.Tech,20,135418.0,2020-03-21,Chennai,1,No,No
EMP05193,Urvi Srinivasan,Female,48,Finance,Senior Analyst,B.Tech,9,55021.0,2021-08-17,Chennai,3,No,Yes
EMP05194,Benjamin Nagy,Male,55,IT,Team Lead,BCA,10,66859.0,2021-09-16,Chennai,2,No,No
EMP05195,Ayush Das,Male,48,Finance,Team Lead,MCA,16,54603.0,2026-05-06,Chennai,4,No,No
EMP05196,Arjun Sama,Male,28,Finance,Analyst,B.Tech,3,69912.0,2021-02-28,Mumbai,1,No,No
EMP05197,Vasatika Morar,Male,57,Marketing,Team Lead,M.Tech,10,79901.0,2017-04-25,Bangalore,1,Yes,No
EMP05198,Sarthak Swaminathan,Male,45,IT,Senior Analyst,MCA,9,100329.0,2020-10-12,Mumbai,4,Yes,Yes
EMP05199,Eiravati Choudhary,Female,25,Marketing,Analyst,B.Tech,18,35966.0,2025-08-02,Hyderabad,3,No,Yes
EMP05200,Ryan Nori,Female,47,HR,Analyst,B.Tech,2,56156.0,2023-10-16,Chennai,1,No,No
EMP05201,Bhavika Shah,Female,51,Marketing,Manager,BCA,18,46801.0,2025-11-12,Mumbai,1,Yes,No
EMP05202,Aarush Guha,Female,24,Marketing,Team Lead,BCA,7,55130.0,2019-05-08,Bangalore,3,No,No
EMP05203,Ekani Bala,Male,55,HR,Senior Analyst,BCA,0,71096.0,2017-01-29,Hyderabad,1,Yes,No
EMP05204,Amara Bhandari,Male,41,Sales,Senior Analyst,BCA,16,52636.0,2017-06-12,Pune,3,No,No
EMP05205,Kamala Sehgal,Female,31,Finance,Team Lead,M.Tech,18,105875.0,2023-05-18,Chennai,2,No,No
EMP05206,Alexander Sen,Male,59,Marketing,Manager,MBA,0,84855.0,2022-11-22,Mumbai,5,Yes,Yes
EMP05207,Aayush Sethi,Female,28,HR,Team Lead,BCA,8,53573.0,2020-01-24,Bangalore,2,Yes,Yes
EMP05208,Abdul Bath,Female,26,HR,Manager,BCA,0,59051.0,2021-01-23,Chennai,1,No,No
EMP05209,Nilima Ray,Female,56,Finance,Senior Analyst,BCA,17,80079.0,2016-10-06,Mumbai,5,No,No
EMP05210,Oeshi Chahal,Male,54,HR,Analyst,M.Tech,16,50284.0,2021-04-13,Chennai,5,No,No
EMP05211,Advaith Sarna,Female,38,Marketing,Analyst,MCA,4,49832.0,2022-01-03,Pune,4,Yes,No
EMP05212,Dhriti Kant,Male,58,Sales,Manager,B.Tech,15,90451.0,2019-07-07,Chennai,2,Yes,Yes
EMP05213,Waida Sundaram,Female,59,Marketing,Team Lead,BCA,2,61749.0,2024-09-27,Chennai,2,Yes,Yes
EMP05214,Nisha Kaul,Male,46,IT,Manager,M.Tech,19,53745.0,2016-11-29,Chennai,2,No,Yes
EMP05215,Gunbir Sarraf,Female,57,HR,Senior Analyst,MCA,3,75715.0,2024-06-21,Mumbai,3,Yes,No
EMP05216,Hemangini Wali,Female,51,Sales,Analyst,B.Tech,15,35163.0,2026-08-01,Chennai,3,No,No
EMP05217,Chanchal Banik,Female,42,Sales,Manager,MBA,12,66472.0,2018-08-19,Chennai,4,Yes,Yes
EMP05218,Raghav Ravel,Male,30,Sales,Analyst,MBA,14,44696.0,2025-03-28,Bangalore,1,Yes,No
EMP05219,Samuel Anne,Male,45,Sales,Manager,MBA,20,99005.0,2022-03-16,Mumbai,2,No,No
EMP05220,Yutika Chahal,Male,44,HR,Manager,MBA,11,77280.0,2025-08-01,Bangalore,3,Yes,No
EMP05221,Dhriti Kibe,Female,56,HR,Analyst,M.Tech,6,52755.0,2018-10-01,Chennai,1,No,No
EMP05222,Timothy Rajan,Female,35,Marketing,Team Lead,B.Tech,6,84272.0,2019-07-27,Hyderabad,5,No,Yes
EMP05223,Luke Walla,Male,22,Marketing,Analyst,B.Tech,11,49214.0,2017-10-18,Hyderabad,5,Yes,No
EMP05224,Ekanta Bora,Male,37,IT,Manager,MBA,18,51794.0,2020-08-07,Pune,5,No,No
EMP05225,Kevin Edwin,Male,43,Marketing,Manager,MCA,0,41949.0,2026-05-04,Bangalore,2,No,No
EMP05226,Gunbir Chaudhari,Male,42,Finance,Analyst,B.Tech,17,109021.0,2023-04-27,Chennai,5,Yes,Yes
EMP05227,Meghana Deep,Male,60,Sales,Analyst,M.Tech,12,55284.0,2024-09-20,Hyderabad,5,No,No
EMP05228,Robert Rastogi,Female,59,Sales,Manager,BCA,16,54600.0,2021-03-20,Chennai,2,No,No
EMP05229,Adya Bhatti,Female,42,Finance,Senior Analyst,M.Tech,15,53712.0,2022-07-13,Chennai,5,No,No
EMP05230,Daksh Sama,Female,56,HR,Manager,M.Tech,12,70814.0,2026-03-08,Mumbai,1,No,Yes
EMP05231,Jacob Kamdar,Male,50,IT,Manager,BCA,4,83793.0,2023-08-15,Pune,1,No,No
EMP05232,Umang Kala,Male,38,Sales,Team Lead,M.Tech,10,35366.0,2022-04-03,Bangalore,5,No,No
EMP05233,Zayan Dhaliwal,Male,36,Finance,Analyst,M.Tech,16,93234.0,2020-08-09,Hyderabad,5,No,No
EMP05234,Aarnav Kadakia,Male,41,IT,Senior Analyst,BCA,14,86487.0,2016-08-26,Bangalore,2,No,No
EMP05235,Mohini Chawla,Male,56,Marketing,Analyst,MCA,17,55293.0,2025-07-03,Bangalore,3,No,No
EMP05236,Dipta Naidu,Male,44,HR,Manager,B.Tech,9,61113.0,2019-04-04,Hyderabad,4,Yes,No
EMP05237,Girik Krishnan,Male,37,Finance,Team Lead,MCA,7,75487.0,2020-07-09,Pune,3,No,Yes
EMP05238,Mohini Lala,Male,26,Marketing,Analyst,M.Tech,9,87657.0,2024-03-06,Pune,3,No,No
EMP05239,Gabriel Cheema,Male,25,Marketing,Manager,M.Tech,13,41666.0,2025-06-06,Bangalore,5,Yes,No
EMP05240,Aayush Sarin,Female,47,Marketing,Manager,MBA,19,77009.0,2022-03-13,Bangalore,4,Yes,No
EMP05241,Liam Chahal,Male,35,Marketing,Team Lead,MBA,18,59394.0,2022-05-22,Hyderabad,3,No,No
EMP05242,Ishanvi Dube,Male,31,Finance,Analyst,MCA,4,54038.0,2016-11-08,Chennai,5,No,Yes
EMP05243,Atharv Ramaswamy,Female,41,Sales,Team Lead,BCA,0,33141.0,2024-06-14,Pune,4,No,No
EMP05244,Lopa Nayar,Male,53,HR,Team Lead,MBA,1,54534.0,2023-07-06,Hyderabad,2,Yes,No
EMP05245,Henry Manda,Male,57,HR,Senior Analyst,M.Tech,3,59556.0,2022-10-14,Bangalore,3,Yes,No
EMP05246,Gagan Manne,Female,47,Finance,Analyst,MBA,0,60404.0,2022-12-22,Hyderabad,1,Yes,No
EMP05247,Wishi Mall,Male,31,HR,Senior Analyst,MBA,8,64040.0,2024-02-05,Chennai,3,No,No
EMP05248,Zinal Shanker,Female,56,Finance,Team Lead,B.Tech,15,80517.0,2017-04-28,Hyderabad,3,Yes,No
EMP05249,Rohan Modi,Male,53,Sales,Manager,MCA,16,67082.0,2025-11-04,Chennai,3,No,Yes
EMP05250,Yagnesh Saha,Female,57,Sales,Team Lead,MBA,16,74402.0,2019-09-11,Pune,3,Yes,No
EMP05251,Ekta Dewan,Male,38,Marketing,Manager,M.Tech,5,53155.0,2018-10-23,Hyderabad,5,No,No
EMP05252,Jyoti Kala,Female,35,IT,Team Lead,BCA,12,95334.0,2023-01-24,Bangalore,5,No,No
EMP05253,Odika Sidhu,Male,39,Finance,Team Lead,M.Tech,16,96551.0,2025-08-27,Chennai,4,No,No
EMP05254,Udarsh Balasubramanian,Female,26,Sales,Analyst,B.Tech,14,83423.0,2019-01-30,Bangalore,5,No,No
EMP05255,Upasna Kalita,Female,25,HR,Manager,M.Tech,15,61880.0,2023-03-20,Mumbai,5,No,No
EMP05256,Caleb Mammen,Female,23,Finance,Team Lead,MBA,9,67900.0,2019-06-19,Mumbai,3,No,No
EMP05257,Hardik Bhatt,Female,48,HR,Team Lead,BCA,4,34566.0,2018-12-07,Mumbai,4,No,No
EMP05258,Mason Raghavan,Male,40,IT,Analyst,B.Tech,11,80502.0,2017-10-30,Mumbai,2,No,Yes
EMP05259,Kamala Taneja,Female,54,Marketing,Manager,MCA,1,69841.0,2019-05-24,Bangalore,3,No,No
EMP05260,Anmol Basu,Female,58,Finance,Senior Analyst,M.Tech,1,58432.0,2025-12-15,Chennai,4,Yes,No
EMP05261,Fitan Taneja,Male,33,IT,Manager,MCA,10,98443.0,2020-01-21,Bangalore,2,No,No
EMP05262,Amara Tank,Female,53,Finance,Manager,B.Tech,11,88889.0,2016-11-16,Pune,1,No,No
EMP05263,Anthony Mangat,Male,32,Marketing,Manager,BCA,7,44147.0,2019-05-09,Bangalore,2,Yes,Yes
EMP05264,Ekaja Krish,Female,60,Marketing,Analyst,BCA,1,38923.0,2020-02-09,Mumbai,3,No,No
EMP05265,Kamya Tripathi,Female,37,Sales,Team Lead,B.Tech,10,77174.0,2023-11-21,Hyderabad,5,Yes,No
EMP05266,Ekta Saraf,Male,57,HR,Senior Analyst,MBA,19,34475.0,2018-06-19,Chennai,5,No,No
EMP05267,Chakradhar Mitra,Male,55,Marketing,Team Lead,MBA,16,51316.0,2021-05-14,Mumbai,5,No,No
EMP05268,Fitan Dass,Female,42,HR,Team Lead,MCA,4,67855.0,2024-06-12,Chennai,2,No,No
EMP05269,Adya Krishnamurthy,Male,38,IT,Team Lead,MBA,20,74845.0,2026-02-27,Mumbai,5,No,No
EMP05270,Aahana Pingle,Female,47,Sales,Analyst,M.Tech,18,33814.0,2019-05-29,Pune,4,Yes,No
EMP05271,Vihaan Kala,Female,40,IT,Manager,MCA,13,69273.0,2024-03-31,Mumbai,5,No,No
EMP05272,Vyanjana Oommen,Female,37,HR,Analyst,B.Tech,8,47557.0,2019-02-05,Mumbai,3,Yes,No
EMP05273,Upma Kaur,Male,58,IT,Analyst,M.Tech,18,72643.0,2017-03-06,Mumbai,1,Yes,No
EMP05274,Madhavi Mammen,Male,43,HR,Analyst,B.Tech,4,32494.0,2022-04-24,Mumbai,3,Yes,No
EMP05275,Qabil Divan,Female,40,HR,Analyst,MBA,12,63398.0,2025-05-11,Pune,2,Yes,No
EMP05276,Anvi Ganesh,Female,53,Finance,Manager,MCA,0,45160.0,2024-03-01,Bangalore,5,Yes,No
EMP05277,Damyanti Karnik,Female,23,IT,Manager,B.Tech,6,73056.0,2023-05-25,Pune,4,No,No
EMP05278,Xiti Sankar,Female,56,HR,Team Lead,MBA,5,57928.0,2019-04-14,Pune,2,Yes,No
EMP05279,Oscar Jhaveri,Male,56,IT,Team Lead,MCA,6,68393.0,2022-07-09,Hyderabad,4,No,No
EMP05280,Chanchal Cheema,Female,56,Finance,Senior Analyst,BCA,7,52225.0,2021-02-10,Mumbai,4,No,No
EMP05281,Jack Bhardwaj,Male,39,Sales,Senior Analyst,BCA,19,84993.0,2016-08-25,Hyderabad,1,Yes,No
EMP05282,Liam Kuruvilla,Male,32,Sales,Senior Analyst,BCA,11,95720.0,2022-08-14,Chennai,5,Yes,No
EMP05283,Simon Krishnan,Female,51,Sales,Analyst,MBA,3,46725.0,2016-09-29,Chennai,1,No,No
EMP05284,Oscar Saran,Female,38,Finance,Team Lead,MCA,19,69439.0,2019-02-05,Chennai,3,No,No
EMP05285,Meera Dara,Female,48,IT,Manager,B.Tech,3,80219.0,2026-02-24,Bangalore,1,Yes,No
EMP05286,Falan Lad,Female,60,Sales,Manager,B.Tech,5,80751.0,2021-05-03,Mumbai,3,No,No
EMP05287,Shivansh Suri,Male,22,Marketing,Analyst,B.Tech,9,59325.0,2022-05-06,Pune,5,No,No
EMP05288,Mason Nagar,Male,52,Marketing,Team Lead,BCA,15,43863.0,2018-01-06,Hyderabad,4,Yes,No
EMP05289,Isaac Verma,Male,22,Marketing,Senior Analyst,B.Tech,4,60484.0,2021-05-26,Mumbai,4,Yes,No
EMP05290,Ishwar Gala,Female,48,Marketing,Team Lead,M.Tech,17,37032.0,2023-05-25,Chennai,1,No,No
EMP05291,Yachana Deshmukh,Male,29,Marketing,Manager,MCA,10,72932.0,2021-05-28,Hyderabad,2,No,No
EMP05292,Andrew Sinha,Male,33,Finance,Analyst,BCA,4,69760.0,2018-12-10,Bangalore,5,No,No
EMP05293,Faras Bora,Male,33,IT,Senior Analyst,BCA,1,50540.0,2023-04-06,Pune,2,Yes,Yes
EMP05294,Chandresh Arya,Female,46,HR,Analyst,M.Tech,1,65506.0,2026-05-03,Mumbai,5,Yes,No
EMP05295,Nilima Choudhry,Female,29,Sales,Analyst,BCA,13,80196.0,2024-11-27,Pune,4,Yes,Yes
EMP05296,Adya Ramanathan,Male,29,Sales,Manager,B.Tech,14,76195.0,2018-06-27,Mumbai,1,No,No
EMP05297,Daksha Swamy,Female,51,Finance,Manager,BCA,10,52639.0,2025-05-27,Hyderabad,4,Yes,No
EMP05298,Amruta Kanda,Female,25,IT,Senior Analyst,MCA,13,52607.0,2023-09-17,Pune,1,No,No
EMP05299,Chanakya Gokhale,Male,44,HR,Senior Analyst,MCA,4,78627.0,2026-05-12,Bangalore,4,No,No
EMP05300,Nandini Dubey,Female,46,Sales,Manager,MBA,13,69292.0,2026-01-04,Pune,4,Yes,No
EMP05301,Girindra Doctor,Male,22,Sales,Analyst,BCA,5,96194.0,2021-05-01,Hyderabad,4,No,No
EMP05302,Sneha Saxena,Male,23,HR,Manager,B.Tech,14,63461.0,2025-10-07,Mumbai,2,Yes,No
EMP05303,Eta Sabharwal,Male,36,HR,Manager,MBA,4,51306.0,2020-02-28,Hyderabad,2,Yes,No
EMP05304,Chandani Zacharia,Female,39,HR,Analyst,MBA,8,51594.0,2018-03-31,Chennai,4,No,Yes
EMP05305,Riya Apte,Female,27,Finance,Analyst,BCA,17,100252.0,2018-07-30,Bangalore,1,No,No
EMP05306,Ekansh Kara,Female,32,Marketing,Team Lead,MBA,2,43033.0,2025-07-23,Mumbai,2,Yes,No
EMP05307,Benjamin Pall,Male,40,HR,Analyst,B.Tech,9,63305.0,2022-05-12,Chennai,5,No,No
EMP05308,Wridesh Mangal,Female,44,HR,Analyst,BCA,2,50973.0,2025-08-14,Mumbai,4,No,No
EMP05309,Unnati Bora,Male,29,Finance,Senior Analyst,M.Tech,10,105414.0,2021-01-25,Hyderabad,2,No,No
EMP05310,Nandini Kale,Female,56,IT,Team Lead,BCA,17,86814.0,2018-01-02,Bangalore,2,Yes,No
EMP05311,Ekbal Bose,Female,28,HR,Team Lead,B.Tech,16,54043.0,2017-11-04,Mumbai,2,Yes,No
EMP05312,Saksham Nanda,Male,52,Finance,Manager,B.Tech,8,87359.0,2025-09-24,Hyderabad,4,Yes,No
EMP05313,Kala Barad,Female,24,IT,Team Lead,MCA,1,105343.0,2021-06-19,Mumbai,4,Yes,No
EMP05314,Mohammed Sekhon,Male,56,HR,Senior Analyst,MBA,15,67853.0,2026-05-22,Hyderabad,4,No,No
EMP05315,Balhaar Bail,Male,41,Sales,Analyst,M.Tech,13,30034.0,2016-11-27,Chennai,5,No,No
EMP05316,Atharv Narasimhan,Male,27,IT,Senior Analyst,M.Tech,19,97109.0,2018-06-21,Mumbai,2,Yes,No
EMP05317,Lajita Bail,Female,36,IT,Team Lead,M.Tech,15,91053.0,2021-06-20,Hyderabad,1,No,No
EMP05318,Daksh Kumer,Male,29,Sales,Team Lead,M.Tech,7,55978.0,2022-08-13,Hyderabad,5,No,No
EMP05319,Damyanti Narula,Male,52,Marketing,Team Lead,MBA,3,68817.0,2024-08-15,Mumbai,4,Yes,No
EMP05320,Aashi Loyal,Female,39,Sales,Senior Analyst,B.Tech,10,66026.0,2017-04-20,Bangalore,4,Yes,No
EMP05321,Falan Chandra,Male,22,Sales,Senior Analyst,MCA,10,99298.0,2017-05-26,Mumbai,1,No,No
EMP05322,Sarthak Kothari,Female,28,Sales,Analyst,M.Tech,12,62192.0,2016-10-09,Mumbai,3,Yes,No
EMP05323,Jhalak Nanda,Male,50,Sales,Senior Analyst,MBA,17,61456.0,2017-08-23,Chennai,5,Yes,No
EMP05324,Tanveer Raja,Male,30,Sales,Analyst,M.Tech,1,95103.0,2025-04-28,Bangalore,4,No,No
EMP05325,Sudiksha Swaminathan,Male,22,IT,Senior Analyst,MCA,15,109233.0,2024-02-21,Bangalore,2,Yes,No
EMP05326,Warhi Karpe,Female,42,Finance,Manager,MCA,7,102246.0,2024-06-30,Bangalore,4,Yes,Yes
EMP05327,Aarush Shah,Male,25,Marketing,Analyst,BCA,8,76866.0,2024-09-09,Bangalore,2,Yes,No
EMP05328,Balhaar Tailor,Female,57,IT,Analyst,MCA,20,72087.0,2019-12-17,Bangalore,1,Yes,No
EMP05329,Shivansh Mahajan,Female,57,HR,Analyst,M.Tech,20,67402.0,2025-11-08,Hyderabad,4,No,No
EMP05330,Frado Krishnan,Female,48,HR,Team Lead,MCA,8,48912.0,2024-07-19,Chennai,1,No,No
EMP05331,Ekta Saini,Male,35,Finance,Manager,MCA,17,57931.0,2019-10-26,Mumbai,4,No,No
EMP05332,Bahadurjit Dayal,Female,29,Finance,Senior Analyst,M.Tech,1,58666.0,2016-09-24,Bangalore,5,Yes,No
EMP05333,Forum Sarma,Female,44,HR,Manager,BCA,16,38605.0,2026-05-04,Mumbai,4,No,No
EMP05334,Harrison Sani,Female,59,Marketing,Analyst,MBA,2,43887.0,2026-01-06,Mumbai,5,Yes,No
EMP05335,Anamika Lala,Female,46,Finance,Team Lead,MBA,14,48514.0,2024-02-28,Pune,5,No,No
EMP05336,Samaksh Soni,Female,60,Sales,Manager,MBA,19,88971.0,2017-12-13,Chennai,4,Yes,No
EMP05337,Urishilla Sachar,Female,24,Marketing,Manager,M.Tech,0,37571.0,2021-09-19,Hyderabad,2,Yes,No
EMP05338,Bakhshi Singhal,Female,51,Finance,Team Lead,BCA,7,74357.0,2026-06-13,Hyderabad,4,No,No
EMP05339,Charles Dhingra,Female,25,Marketing,Manager,B.Tech,16,61498.0,2019-04-01,Mumbai,3,No,No
EMP05340,Warjas Banerjee,Female,35,Finance,Senior Analyst,BCA,0,92107.0,2020-01-15,Hyderabad,2,Yes,No
EMP05341,Laban Nayar,Male,54,Sales,Analyst,B.Tech,16,87516.0,2021-11-29,Hyderabad,5,No,No
EMP05342,Veda Vyas,Male,25,Sales,Senior Analyst,MBA,15,82212.0,2017-09-22,Bangalore,4,Yes,No
EMP05343,Wakeeta Garde,Male,44,Marketing,Team Lead,B.Tech,0,62356.0,2019-12-05,Pune,3,Yes,No
EMP05344,Aarav Sule,Female,22,Marketing,Team Lead,M.Tech,15,55334.0,2019-08-14,Chennai,4,Yes,No
EMP05345,Tamanna Sundaram,Female,55,IT,Team Lead,M.Tech,14,148890.0,2026-08-03,Chennai,2,No,No
EMP05346,Ansh Chahal,Male,38,HR,Analyst,MBA,13,54488.0,2026-06-18,Hyderabad,4,No,No
EMP05347,Jonathan Sathe,Female,32,HR,Manager,BCA,8,30710.0,2018-12-20,Bangalore,2,Yes,No
EMP05348,Kritika Puri,Male,26,IT,Analyst,M.Tech,11,102184.0,2022-02-16,Chennai,1,No,No
EMP05349,Chandani Soman,Male,24,IT,Manager,BCA,0,85096.0,2019-03-05,Mumbai,5,Yes,No
EMP05350,Lila Bali,Female,24,HR,Team Lead,BCA,5,35162.0,2023-11-12,Hyderabad,3,No,No
EMP05351,Raghav Natt,Female,27,IT,Manager,MCA,20,61780.0,2018-09-01,Bangalore,3,No,No
EMP05352,Hemal Chakrabarti,Male,37,Sales,Senior Analyst,MCA,11,69325.0,2020-12-28,Pune,5,Yes,No
EMP05353,Banjeet Kant,Female,47,Finance,Senior Analyst,BCA,9,56419.0,2023-06-26,Hyderabad,4,Yes,No
EMP05354,Tanveer Kapoor,Female,43,HR,Analyst,BCA,16,57005.0,2021-02-12,Chennai,3,No,No
EMP05355,Anamika Dave,Female,22,HR,Analyst,M.Tech,10,41754.0,2020-07-19,Bangalore,4,No,No
EMP05356,Abhimanyu Naidu,Female,49,HR,Manager,MBA,12,47016.0,2026-04-27,Chennai,5,Yes,No
EMP05357,Ekta Pall,Female,31,HR,Team Lead,MCA,8,34227.0,2022-05-23,Mumbai,4,No,No
EMP05358,Yuvraj Wadhwa,Male,44,Marketing,Analyst,M.Tech,2,79897.0,2019-02-16,Bangalore,3,Yes,No
EMP05359,Aishani Lata,Female,35,Sales,Senior Analyst,M.Tech,2,98253.0,2019-03-21,Pune,4,No,No
EMP05360,Jeremiah Jhaveri,Male,25,IT,Analyst,MCA,6,68976.0,2023-03-01,Mumbai,5,Yes,No
EMP05361,Balendra Krishnan,Male,55,HR,Team Lead,MBA,13,48367.0,2021-09-19,Bangalore,5,Yes,No
EMP05362,Tamanna Kanda,Male,60,Marketing,Analyst,MBA,5,77409.0,2021-12-30,Hyderabad,2,Yes,Yes
EMP05363,Qabil Balakrishnan,Male,30,HR,Manager,MCA,12,38328.0,2025-08-14,Chennai,1,Yes,No
EMP05364,Jack Wali,Male,30,Marketing,Senior Analyst,BCA,5,81418.0,2024-07-26,Bangalore,4,Yes,No
EMP05365,Veda Koshy,Male,39,HR,Team Lead,BCA,17,37384.0,2025-10-27,Chennai,4,Yes,No
EMP05366,Dakshesh Kale,Female,22,Finance,Manager,M.Tech,14,97426.0,2018-11-24,Bangalore,1,No,No
EMP05367,Nitara Tripathi,Female,58,HR,Analyst,B.Tech,19,39786.0,2022-06-23,Hyderabad,3,Yes,No
EMP05368,Gabriel Chakrabarti,Male,56,IT,Manager,B.Tech,11,82405.0,2018-10-01,Pune,3,Yes,No
EMP05369,Mugdha Dutta,Female,53,Sales,Analyst,MBA,0,63251.0,2024-09-11,Mumbai,2,Yes,Yes
EMP05370,Aashi Subramanian,Female,46,IT,Senior Analyst,BCA,17,135265.0,2024-01-30,Chennai,2,No,No
EMP05371,Jonathan Lad,Female,40,HR,Manager,B.Tech,19,61995.0,2018-06-07,Hyderabad,2,Yes,Yes
EMP05372,Baghyawati Patla,Female,34,HR,Manager,M.Tech,4,46528.0,2024-02-03,Hyderabad,4,Yes,No
EMP05373,Frederick Morar,Female,30,HR,Manager,M.Tech,10,46474.0,2016-11-07,Pune,4,No,No
EMP05374,Aditya Sandal,Female,27,Marketing,Manager,MBA,0,53187.0,2019-10-25,Pune,2,No,No
EMP05375,Ranbir Bhat,Female,24,Sales,Manager,MCA,2,30458.0,2021-10-22,Hyderabad,3,Yes,No
EMP05376,Amrita Rau,Female,41,HR,Team Lead,M.Tech,18,46169.0,2019-12-15,Hyderabad,3,No,No
EMP05377,Vincent Chauhan,Male,57,IT,Manager,MBA,18,126969.0,2018-02-07,Pune,3,No,No
EMP05378,Sara Anne,Female,23,HR,Manager,MBA,17,37922.0,2021-08-14,Hyderabad,3,Yes,No
EMP05379,Samar Edwin,Female,34,IT,Manager,MBA,13,72713.0,2023-04-01,Bangalore,3,No,No
EMP05380,Neel Andra,Female,59,Marketing,Senior Analyst,MBA,15,45814.0,2023-09-12,Bangalore,3,Yes,No
EMP05381,Ati Jaggi,Female,57,Marketing,Senior Analyst,BCA,7,35380.0,2021-09-17,Mumbai,1,Yes,No
EMP05382,Wahab Dhawan,Male,60,IT,Senior Analyst,B.Tech,15,134065.0,2024-07-25,Bangalore,5,Yes,No
EMP05383,Yauvani Andra,Female,31,Sales,Senior Analyst,MCA,5,45075.0,2022-05-22,Pune,4,Yes,Yes
EMP05384,Girish Lata,Male,59,HR,Analyst,B.Tech,1,77825.0,2023-04-14,Pune,1,Yes,No
EMP05385,George Sarraf,Male,45,IT,Manager,M.Tech,5,72200.0,2019-09-07,Mumbai,5,Yes,No
EMP05386,Vasana Chhabra,Male,49,Sales,Analyst,B.Tech,19,62852.0,2019-07-06,Hyderabad,2,No,No
EMP05387,Theodore Kohli,Female,52,IT,Analyst,BCA,17,50582.0,2019-11-17,Hyderabad,4,Yes,No
EMP05388,Bhavini Thaman,Female,56,Finance,Team Lead,B.Tech,3,90502.0,2017-02-07,Pune,4,Yes,Yes
EMP05389,Krisha Palla,Female,58,Marketing,Senior Analyst,BCA,16,71833.0,2022-03-09,Mumbai,3,Yes,No
EMP05390,Aradhana Divan,Female,46,Sales,Analyst,BCA,2,54482.0,2017-10-16,Mumbai,5,No,Yes
EMP05391,Ikbal Balakrishnan,Male,50,Sales,Analyst,MCA,18,66786.0,2019-07-18,Mumbai,1,Yes,No
EMP05392,Yashodhara Sengupta,Male,52,Finance,Senior Analyst,MCA,9,110643.0,2025-02-03,Mumbai,1,Yes,No
EMP05393,Isha Yogi,Female,55,HR,Senior Analyst,MCA,10,69465.0,2023-01-12,Hyderabad,2,No,No
EMP05394,Niharika Sant,Female,41,Marketing,Senior Analyst,M.Tech,13,76203.0,2019-08-02,Pune,5,No,No
EMP05395,Deepa Misra,Female,25,Finance,Analyst,MBA,2,84586.0,2018-11-18,Bangalore,5,Yes,No
EMP05396,Ekaja Bora,Female,36,IT,Team Lead,M.Tech,7,98038.0,2026-03-16,Hyderabad,1,No,No
EMP05397,Brijesh Nadig,Female,27,HR,Team Lead,MCA,6,47413.0,2023-02-15,Mumbai,5,No,Yes
EMP05398,Deepa Dhar,Female,36,Finance,Manager,BCA,7,59446.0,2020-09-22,Chennai,1,Yes,No
EMP05399,Yachana Lad,Male,29,Sales,Team Lead,M.Tech,9,49107.0,2019-08-15,Pune,5,Yes,No
EMP05400,Barkha Bedi,Female,59,Marketing,Team Lead,BCA,4,82527.0,2017-01-16,Chennai,2,Yes,No
EMP05401,Edhitha Chopra,Male,39,Finance,Senior Analyst,BCA,20,96116.0,2022-01-28,Hyderabad,4,No,No
EMP05402,Anita Bains,Male,29,IT,Analyst,BCA,0,141743.0,2020-12-29,Chennai,2,Yes,Yes
EMP05403,Robert Halder,Female,44,HR,Team Lead,M.Tech,8,47785.0,2020-07-08,Pune,1,Yes,No
EMP05404,Hemangini Mammen,Female,42,Marketing,Analyst,MBA,15,67806.0,2018-11-25,Mumbai,1,No,No
EMP05405,Garima Mistry,Male,35,Sales,Team Lead,MCA,7,82521.0,2018-05-15,Mumbai,3,Yes,No
EMP05406,Pratyush Halder,Male,60,IT,Analyst,BCA,9,130873.0,2025-02-03,Bangalore,4,No,No
EMP05407,Frederick Krishnamurthy,Male,34,Finance,Senior Analyst,BCA,19,115901.0,2021-01-18,Chennai,4,Yes,Yes
EMP05408,Saumya Golla,Male,25,Finance,Manager,MCA,12,82756.0,2023-07-17,Bangalore,3,Yes,Yes
EMP05409,Nihal Pall,Male,46,Finance,Manager,BCA,8,47697.0,2020-02-04,Bangalore,5,Yes,No
EMP05410,Jagvi Wagle,Male,42,Finance,Senior Analyst,BCA,19,94262.0,2020-04-23,Mumbai,4,No,No
EMP05411,Chandani Saran,Female,44,HR,Senior Analyst,M.Tech,15,48959.0,2026-05-03,Hyderabad,1,No,No
EMP05412,Zaitra Sengupta,Male,38,Finance,Manager,M.Tech,12,88550.0,2017-01-15,Bangalore,2,No,No
EMP05413,Baljiwan Sandhu,Male,52,Marketing,Manager,B.Tech,17,68683.0,2021-11-24,Hyderabad,1,Yes,No
EMP05414,Ekbal Hayre,Male,23,Marketing,Manager,M.Tech,14,37609.0,2023-07-28,Bangalore,4,No,No
EMP05415,Harish Nigam,Female,55,HR,Analyst,BCA,7,77078.0,2020-02-25,Mumbai,1,Yes,No
EMP05416,Gautam Doctor,Female,28,Finance,Analyst,MBA,14,99869.0,2023-04-07,Mumbai,3,No,Yes
EMP05417,Unni Sood,Male,25,HR,Team Lead,B.Tech,8,55495.0,2020-10-20,Pune,5,No,No
EMP05418,Ira Patel,Female,38,Finance,Team Lead,MCA,10,110136.0,2022-09-25,Mumbai,3,No,Yes
EMP05419,Raghav Nori,Male,38,Marketing,Analyst,BCA,11,40749.0,2023-05-27,Pune,1,Yes,No
EMP05420,Xiti Behl,Female,32,Sales,Team Lead,B.Tech,9,69413.0,2023-03-09,Bangalore,4,No,No
EMP05421,Atharv Majumdar,Male,59,HR,Analyst,MBA,17,70305.0,2017-01-12,Chennai,4,No,No
EMP05422,Sai Mutti,Female,33,Finance,Analyst,B.Tech,11,64889.0,2026-03-05,Bangalore,3,No,No
EMP05423,Anusha Pant,Female,57,Marketing,Analyst,BCA,18,67363.0,2019-10-04,Hyderabad,3,No,Yes
EMP05424,Alka Karan,Female,36,IT,Team Lead,BCA,15,107365.0,2021-02-12,Mumbai,4,Yes,No
EMP05425,Ranbir Mistry,Female,29,IT,Manager,MBA,18,68226.0,2020-04-26,Hyderabad,2,Yes,No
EMP05426,Maanav Pant,Female,50,Sales,Senior Analyst,MBA,5,84987.0,2021-09-12,Pune,3,Yes,Yes
EMP05427,Leena Karnik,Female,38,HR,Senior Analyst,MBA,4,58482.0,2017-08-07,Bangalore,1,Yes,Yes
EMP05428,Yashvi Sankar,Male,25,HR,Analyst,B.Tech,6,72343.0,2018-03-11,Pune,2,Yes,No
EMP05429,Amol Kota,Male,51,Sales,Analyst,M.Tech,12,91740.0,2019-12-16,Pune,2,Yes,No
EMP05430,Leena Gandhi,Male,42,IT,Manager,B.Tech,2,94580.0,2019-04-27,Mumbai,4,No,No
EMP05431,Arya Guha,Male,37,HR,Manager,MCA,3,63361.0,2018-02-12,Mumbai,2,Yes,No
EMP05432,Gaurav Sabharwal,Female,26,Sales,Manager,MBA,4,84389.0,2022-10-08,Hyderabad,5,Yes,No
EMP05433,Aahana Oza,Female,57,IT,Analyst,MBA,6,67376.0,2026-05-01,Bangalore,1,Yes,No
EMP05434,Faris Bail,Male,30,IT,Team Lead,BCA,10,94068.0,2019-12-24,Hyderabad,1,Yes,No
EMP05435,Nidhi Chopra,Male,52,HR,Analyst,M.Tech,9,30997.0,2024-07-17,Pune,3,No,No
EMP05436,Falguni Varkey,Female,31,Sales,Team Lead,B.Tech,15,87275.0,2017-02-02,Chennai,4,Yes,No
EMP05437,Frado Vyas,Male,36,IT,Team Lead,MCA,15,66101.0,2022-08-19,Chennai,3,Yes,No
EMP05438,Bina Mane,Male,35,Finance,Analyst,BCA,10,94889.0,2023-12-30,Hyderabad,2,No,No
EMP05439,Gabriel Lalla,Female,27,HR,Manager,MBA,4,45136.0,2022-09-02,Pune,2,Yes,No
EMP05440,Anirudh Ben,Female,32,HR,Analyst,BCA,11,35536.0,2017-06-08,Bangalore,3,Yes,No
EMP05441,Ishanvi Mishra,Male,59,Marketing,Senior Analyst,BCA,5,63962.0,2026-07-06,Chennai,4,No,No
EMP05442,Gavin Dutta,Male,27,Sales,Manager,B.Tech,4,36221.0,2020-08-26,Bangalore,1,Yes,No
EMP05443,Nilima Gola,Female,47,IT,Analyst,BCA,19,65037.0,2024-03-10,Pune,2,Yes,Yes
EMP05444,Ati Sheth,Female,56,Sales,Manager,MCA,18,74618.0,2022-05-10,Bangalore,1,Yes,No
EMP05445,Nachiket Sathe,Male,30,Marketing,Manager,M.Tech,19,58482.0,2021-07-18,Hyderabad,5,Yes,No
EMP05446,Hemangini Sharaf,Male,33,Marketing,Team Lead,MCA,0,45913.0,2020-03-10,Mumbai,5,Yes,No
EMP05447,Ekaja Kala,Female,47,Finance,Team Lead,MCA,13,102109.0,2019-03-28,Hyderabad,5,No,No
EMP05448,Ekavir Raval,Female,49,Marketing,Senior Analyst,BCA,5,71315.0,2019-10-30,Hyderabad,3,No,No
EMP05449,Noah Sawhney,Male,26,HR,Manager,BCA,8,59725.0,2020-12-05,Mumbai,3,No,No
EMP05450,Bimala Kota,Male,35,Marketing,Team Lead,MCA,3,71570.0,2017-05-26,Mumbai,3,No,No
EMP05451,Tara Rattan,Female,47,Finance,Team Lead,MCA,9,115237.0,2022-10-17,Pune,1,No,No
EMP05452,Tejas Bhalla,Male,59,HR,Analyst,MCA,3,71243.0,2018-02-11,Hyderabad,4,Yes,No
EMP05453,Frederick Chand,Male,39,Finance,Senior Analyst,M.Tech,2,73759.0,2024-11-23,Hyderabad,4,No,No
EMP05454,Logan Sundaram,Male,35,Sales,Team Lead,MCA,12,45107.0,2016-12-13,Pune,3,Yes,No
EMP05455,Andrew Balan,Female,33,Sales,Analyst,MBA,18,44652.0,2022-05-08,Chennai,4,Yes,No
EMP05456,Qarin Sankaran,Male,37,IT,Senior Analyst,MCA,19,138655.0,2022-11-02,Chennai,5,No,No
EMP05457,Anya Sha,Male,58,HR,Analyst,M.Tech,1,76820.0,2020-11-06,Bangalore,5,Yes,No
EMP05458,Edhitha Atwal,Male,54,Marketing,Senior Analyst,MCA,5,68881.0,2020-09-02,Bangalore,4,Yes,No
EMP05459,Diya Chaudhary,Female,43,Marketing,Analyst,MCA,16,54882.0,2019-12-09,Bangalore,4,Yes,No
EMP05460,Chakradhar Edwin,Male,51,Sales,Team Lead,MBA,3,41356.0,2021-11-12,Chennai,2,Yes,No
EMP05461,Vidhi Jayaraman,Male,41,Finance,Senior Analyst,M.Tech,12,66241.0,2025-01-25,Bangalore,3,No,No
EMP05462,Vedika Sani,Female,59,Sales,Manager,MCA,13,75994.0,2019-11-29,Hyderabad,1,Yes,Yes
EMP05463,Kabir Sinha,Male,56,Sales,Team Lead,MCA,8,80453.0,2016-09-29,Pune,3,No,No
EMP05464,Xiti Varty,Male,26,IT,Team Lead,M.Tech,2,66398.0,2016-11-06,Bangalore,2,Yes,No
EMP05465,Hamsini Pall,Male,25,HR,Senior Analyst,BCA,1,53454.0,2021-08-29,Mumbai,2,Yes,No
EMP05466,Tanveer Balakrishnan,Female,26,HR,Manager,MBA,1,40808.0,2026-02-15,Chennai,5,No,No
EMP05467,Yug Sankar,Male,57,IT,Senior Analyst,MBA,12,119533.0,2021-11-09,Chennai,4,No,No
EMP05468,Caleb Sethi,Female,53,IT,Senior Analyst,MCA,0,137324.0,2018-05-30,Pune,5,No,Yes
EMP05469,Akshay Dalal,Female,59,HR,Analyst,BCA,11,73629.0,2024-11-11,Hyderabad,1,Yes,No
EMP05470,Vivaan Chad,Male,43,Sales,Senior Analyst,MCA,10,54759.0,2019-07-20,Hyderabad,4,No,Yes
EMP05471,Mahika Rajan,Female,52,Finance,Team Lead,MBA,13,74183.0,2025-04-23,Pune,3,Yes,No
EMP05472,Amrita Cherian,Male,33,HR,Analyst,BCA,20,35656.0,2022-03-27,Mumbai,3,No,No
EMP05473,Oni Edwin,Female,45,Finance,Team Lead,B.Tech,5,47465.0,2019-06-22,Hyderabad,1,No,No
EMP05474,Pahal Sibal,Male,31,Marketing,Manager,M.Tech,10,89150.0,2020-10-13,Pune,3,Yes,No
EMP05475,Nathaniel Sundaram,Male,51,Sales,Senior Analyst,B.Tech,16,57335.0,2024-08-22,Mumbai,5,No,No
EMP05476,Bhanumati Bala,Male,56,Marketing,Manager,MBA,18,48061.0,2022-01-18,Mumbai,5,Yes,No
EMP05477,Amruta Borra,Female,33,IT,Team Lead,MCA,0,102417.0,2022-10-22,Pune,2,Yes,No
EMP05478,Tanish Dora,Female,28,Sales,Team Lead,BCA,5,57696.0,2023-03-12,Chennai,2,No,No
EMP05479,Alexander Varughese,Female,30,IT,Analyst,BCA,14,133621.0,2022-01-01,Pune,1,Yes,No
EMP05480,Dominic Rege,Female,58,Marketing,Senior Analyst,M.Tech,9,87684.0,2023-08-27,Chennai,4,Yes,No
EMP05481,George Menon,Male,44,IT,Analyst,MCA,8,116560.0,2017-11-26,Pune,2,No,No
EMP05482,Darika Choudhary,Male,41,Marketing,Analyst,MCA,14,69256.0,2026-07-01,Chennai,1,No,No
EMP05483,Jyoti Kulkarni,Female,53,IT,Team Lead,BCA,16,149246.0,2020-06-12,Pune,4,Yes,No
EMP05484,Qasim Chakrabarti,Male,51,HR,Analyst,BCA,18,37512.0,2021-03-29,Chennai,5,No,No
EMP05485,Kabir Sama,Female,37,IT,Senior Analyst,BCA,9,141589.0,2019-02-03,Mumbai,5,No,No
EMP05486,Agastya Raval,Female,58,Finance,Senior Analyst,M.Tech,20,58114.0,2025-07-04,Pune,2,No,No
EMP05487,Nachiket Ratti,Female,43,Finance,Senior Analyst,MBA,15,104863.0,2016-09-02,Pune,4,No,No
EMP05488,Vedika Raja,Male,50,Finance,Analyst,MBA,17,90027.0,2016-11-22,Pune,2,No,No
EMP05489,Xiti Gera,Female,55,IT,Team Lead,M.Tech,20,142524.0,2017-06-26,Pune,2,No,No
EMP05490,Abhiram Parikh,Female,41,IT,Manager,M.Tech,15,65423.0,2025-05-25,Hyderabad,3,No,No
EMP05491,Timothy Khare,Male,42,HR,Analyst,BCA,8,77978.0,2019-05-16,Bangalore,1,Yes,No
EMP05492,Sanaya Doctor,Male,39,HR,Analyst,MCA,17,64303.0,2024-07-20,Bangalore,1,Yes,No
EMP05493,Fitan Khosla,Female,41,IT,Manager,MCA,4,55956.0,2019-08-07,Mumbai,1,No,No
EMP05494,Urishilla Solanki,Female,30,Finance,Senior Analyst,M.Tech,18,102172.0,2019-05-07,Bangalore,2,Yes,Yes
EMP05495,Tamanna Kaul,Male,38,HR,Manager,BCA,8,51110.0,2023-11-30,Mumbai,1,No,No
EMP05496,Nitara Kala,Female,50,IT,Team Lead,B.Tech,18,73650.0,2026-04-03,Chennai,3,Yes,No
EMP05497,Upadhriti Behl,Female,25,Sales,Senior Analyst,MBA,8,53391.0,2024-12-12,Mumbai,1,No,No
EMP05498,Tristan Rastogi,Male,22,Sales,Manager,B.Tech,12,83174.0,2019-03-19,Mumbai,4,Yes,No
EMP05499,Inaya Kapadia,Female,23,HR,Manager,B.Tech,7,75926.0,2017-09-22,Hyderabad,3,No,No
EMP05500,Anmol Bumb,Male,57,Sales,Senior Analyst,M.Tech,7,87601.0,2020-04-15,Bangalore,2,No,No
EMP05501,Anay Luthra,Male,57,Finance,Team Lead,MCA,19,110747.0,2019-10-27,Bangalore,2,No,Yes
EMP05502,Devansh Kuruvilla,Female,57,Marketing,Team Lead,M.Tech,6,62518.0,2017-01-21,Pune,1,No,No
EMP05503,Yochana Sunder,Female,42,Finance,Analyst,MCA,19,52239.0,2026-04-30,Hyderabad,4,Yes,No
EMP05504,Abhiram Bhandari,Female,23,Finance,Senior Analyst,B.Tech,20,47345.0,2025-05-08,Mumbai,2,Yes,No
EMP05505,Girish Venkataraman,Female,56,IT,Analyst,MBA,0,139382.0,2020-04-12,Chennai,5,Yes,No
EMP05506,Aryan Narang,Male,22,Sales,Senior Analyst,B.Tech,13,71164.0,2019-12-16,Hyderabad,2,Yes,No
EMP05507,Ojasvi Gara,Male,35,HR,Team Lead,M.Tech,16,65887.0,2018-01-11,Hyderabad,2,Yes,No
EMP05508,Darika Majumdar,Female,38,HR,Senior Analyst,MCA,5,62432.0,2024-04-22,Bangalore,4,Yes,No
EMP05509,Yashodhara Bhardwaj,Male,38,Marketing,Team Lead,M.Tech,6,71450.0,2018-12-08,Hyderabad,2,Yes,No
EMP05510,Lekha Balakrishnan,Female,49,HR,Manager,BCA,4,41564.0,2018-07-18,Mumbai,5,No,No
EMP05511,Abhiram Thakkar,Female,34,IT,Senior Analyst,BCA,1,116626.0,2025-09-16,Hyderabad,2,No,No
EMP05512,Pratyush Dalal,Female,44,Sales,Team Lead,MCA,5,40575.0,2025-09-05,Chennai,2,Yes,No
EMP05513,Raghav Lanka,Female,38,Finance,Team Lead,B.Tech,0,51720.0,2020-12-25,Hyderabad,3,No,No
EMP05514,Waida Chadha,Female,25,HR,Senior Analyst,MBA,1,44311.0,2024-01-25,Pune,2,Yes,No
EMP05515,Tejas Joshi,Male,22,IT,Manager,MBA,1,102449.0,2026-07-26,Hyderabad,4,No,No
EMP05516,Inaya Dasgupta,Female,53,Finance,Analyst,MCA,11,111551.0,2017-11-27,Chennai,2,Yes,No
EMP05517,Simon Swamy,Female,59,HR,Analyst,B.Tech,10,44574.0,2020-12-07,Hyderabad,5,No,No
EMP05518,Libni Rajan,Female,51,IT,Manager,BCA,10,107254.0,2019-09-05,Mumbai,2,No,No
EMP05519,Vritti Narula,Male,51,Marketing,Manager,B.Tech,3,45052.0,2023-03-22,Pune,5,Yes,No
EMP05520,Vidhi Reddy,Female,30,Marketing,Manager,MCA,19,58145.0,2024-10-16,Chennai,1,No,No
EMP05521,Nikita Comar,Female,23,HR,Analyst,BCA,14,39910.0,2019-08-27,Chennai,3,No,Yes
EMP05522,Ayushman Shenoy,Female,52,Sales,Senior Analyst,MCA,12,89594.0,2022-12-10,Bangalore,1,No,No
EMP05523,Urvashi Dutta,Male,53,Finance,Analyst,MBA,9,83940.0,2023-07-02,Chennai,4,Yes,No
EMP05524,Daksh Nayar,Male,36,HR,Analyst,BCA,0,40859.0,2024-12-15,Mumbai,2,Yes,No
EMP05525,Idika Thakur,Male,42,Sales,Team Lead,BCA,3,99919.0,2020-02-27,Hyderabad,5,Yes,No
EMP05526,Forum Prakash,Male,34,IT,Team Lead,MCA,7,116788.0,2022-12-15,Hyderabad,1,Yes,No
EMP05527,Yamini Bera,Female,23,Finance,Team Lead,M.Tech,7,59330.0,2018-04-19,Mumbai,5,Yes,No
EMP05528,Nihal Vaidya,Female,36,Marketing,Senior Analyst,B.Tech,17,67678.0,2021-05-07,Mumbai,2,No,No
EMP05529,Girik Parsa,Male,58,Marketing,Manager,B.Tech,1,75759.0,2017-07-13,Mumbai,1,Yes,No
EMP05530,Gaurangi Parekh,Female,51,Finance,Manager,B.Tech,5,49093.0,2022-06-02,Bangalore,2,Yes,No
EMP05531,Vanya Bajaj,Female,56,Finance,Manager,MBA,18,53834.0,2024-01-25,Bangalore,4,No,No
EMP05532,Krishna Rao,Female,39,Marketing,Team Lead,M.Tech,17,84137.0,2020-07-14,Bangalore,1,No,No
EMP05533,Fariq Mohan,Male,50,IT,Senior Analyst,MCA,1,63866.0,2021-04-02,Pune,4,Yes,No
EMP05534,Vedant Aurora,Female,30,IT,Team Lead,M.Tech,3,116073.0,2019-03-09,Pune,2,Yes,No
EMP05535,Advay Lad,Female,33,IT,Manager,MCA,4,71150.0,2024-12-26,Hyderabad,1,No,No
EMP05536,Orinder Patla,Male,37,HR,Analyst,BCA,15,77821.0,2017-06-13,Pune,2,No,No
EMP05537,Idika Merchant,Male,56,IT,Senior Analyst,MBA,12,100293.0,2021-05-08,Chennai,4,No,No
EMP05538,Osha Panchal,Female,29,Marketing,Team Lead,MBA,14,43641.0,2023-02-23,Bangalore,3,Yes,No
EMP05539,Udyati Mallick,Female,40,Sales,Analyst,M.Tech,12,73432.0,2023-01-03,Chennai,5,Yes,No
EMP05540,Wyatt Tara,Female,28,Sales,Manager,MCA,20,99988.0,2017-11-14,Chennai,2,Yes,No
EMP05541,Avi Khatri,Male,46,Marketing,Analyst,MCA,2,85022.0,2025-06-11,Hyderabad,5,Yes,No
EMP05542,Udarsh Nigam,Male,24,Marketing,Manager,MBA,2,40596.0,2018-12-12,Mumbai,2,Yes,No
EMP05543,Quincy Kapur,Female,38,Marketing,Analyst,M.Tech,5,83001.0,2023-12-05,Mumbai,4,Yes,No
EMP05544,Zashil Narayan,Male,34,HR,Senior Analyst,M.Tech,5,42187.0,2023-02-04,Hyderabad,2,No,No
EMP05545,Ekani Bhalla,Female,44,Sales,Team Lead,MCA,20,68154.0,2026-05-03,Chennai,2,No,No
EMP05546,Daksha Savant,Male,40,Marketing,Team Lead,MBA,15,81465.0,2019-10-20,Chennai,1,No,No
EMP05547,Daniel Banerjee,Female,50,Sales,Team Lead,B.Tech,0,83482.0,2024-02-05,Bangalore,4,Yes,No
EMP05548,Dakshesh Lad,Male,34,HR,Manager,MBA,15,58119.0,2021-08-03,Bangalore,5,Yes,No
EMP05549,Oliver Tata,Female,55,Sales,Manager,M.Tech,19,56778.0,2020-11-30,Bangalore,5,Yes,No
EMP05550,Dayamai Char,Male,32,HR,Manager,B.Tech,16,35026.0,2022-10-12,Pune,5,Yes,No
EMP05551,Siddharth Goswami,Male,46,Sales,Senior Analyst,B.Tech,13,92685.0,2022-10-22,Pune,1,Yes,Yes
EMP05552,Anirudh Sidhu,Female,40,HR,Senior Analyst,MBA,10,57478.0,2020-03-12,Hyderabad,5,Yes,No
EMP05553,Kala Gola,Male,32,Marketing,Team Lead,B.Tech,8,36839.0,2025-03-30,Bangalore,1,No,No
EMP05554,Theodore Kapoor,Male,56,HR,Senior Analyst,M.Tech,5,33051.0,2021-07-17,Bangalore,2,No,No
EMP05555,Sanya Sodhi,Female,51,Finance,Senior Analyst,BCA,19,97079.0,2016-10-21,Hyderabad,1,No,No
EMP05556,Oscar Rout,Male,52,HR,Team Lead,BCA,19,78872.0,2026-01-07,Hyderabad,4,No,No
EMP05557,Ladli Vyas,Male,60,Marketing,Manager,MBA,8,69763.0,2022-10-14,Mumbai,5,Yes,No
EMP05558,Reyansh Vala,Male,22,Marketing,Team Lead,M.Tech,9,88290.0,2018-12-04,Chennai,3,Yes,No
EMP05559,Hemangini Seth,Female,24,Marketing,Team Lead,MBA,10,40975.0,2024-06-02,Mumbai,3,No,No
EMP05560,Pallavi Mitter,Male,25,Marketing,Manager,MCA,6,80482.0,2018-11-21,Hyderabad,5,No,No
EMP05561,Charan Dube,Female,52,Marketing,Team Lead,BCA,19,66053.0,2022-06-01,Hyderabad,2,No,No
EMP05562,Mekhala Konda,Male,33,Marketing,Manager,B.Tech,7,82046.0,2018-08-16,Pune,3,No,No
EMP05563,Hritik Mall,Male,22,Marketing,Manager,M.Tech,11,55633.0,2020-04-17,Pune,5,Yes,No
EMP05564,Aarini Mann,Female,31,Sales,Senior Analyst,M.Tech,8,86091.0,2022-01-24,Chennai,4,No,No
EMP05565,Timothy Kannan,Female,42,Marketing,Analyst,MBA,6,71931.0,2025-03-24,Hyderabad,5,Yes,Yes
EMP05566,Agastya Bava,Female,41,Finance,Analyst,M.Tech,13,68726.0,2024-05-07,Mumbai,1,No,No
EMP05567,Wahab Om,Male,53,HR,Manager,MCA,14,77202.0,2025-10-09,Mumbai,1,Yes,No
EMP05568,Charvi Kota,Female,41,Finance,Team Lead,BCA,2,82448.0,2021-03-19,Hyderabad,5,Yes,No
EMP05569,Ladli Prabhu,Female,55,Marketing,Team Lead,M.Tech,11,60056.0,2023-08-13,Pune,1,No,No
EMP05570,Balendra Cheema,Male,42,Marketing,Manager,BCA,5,87944.0,2024-06-14,Hyderabad,2,Yes,No
EMP05571,Warhi Chana,Female,54,Sales,Manager,B.Tech,2,40748.0,2025-05-17,Chennai,5,Yes,No
EMP05572,Ekaraj Ganesan,Female,24,Marketing,Manager,BCA,1,57945.0,2022-05-27,Pune,2,No,No
EMP05573,Omya Das,Male,50,IT,Senior Analyst,MBA,15,99097.0,2024-01-25,Bangalore,1,No,No
EMP05574,Bina Sethi,Male,38,Sales,Manager,M.Tech,12,56343.0,2019-11-04,Chennai,1,Yes,No
EMP05575,Hiral Chanda,Female,45,Finance,Team Lead,M.Tech,10,51572.0,2020-10-19,Pune,2,No,No
EMP05576,Udant Chawla,Male,49,Marketing,Manager,M.Tech,19,78690.0,2019-05-04,Bangalore,5,No,No
EMP05577,Zarna Kala,Female,40,Sales,Team Lead,MBA,2,43747.0,2024-03-28,Hyderabad,2,Yes,No
EMP05578,Yauvani Toor,Female,40,Finance,Team Lead,MBA,20,104321.0,2019-04-30,Pune,4,No,No
EMP05579,Dakshesh Gulati,Female,43,IT,Senior Analyst,MCA,12,55198.0,2021-11-27,Mumbai,3,No,No
EMP05580,Girindra Halder,Female,41,Sales,Analyst,BCA,7,51840.0,2017-05-23,Pune,4,No,No
EMP05581,Nakul Gara,Male,44,HR,Manager,B.Tech,15,59749.0,2020-12-23,Chennai,4,Yes,Yes
EMP05582,Vasudha Chokshi,Female,59,Marketing,Senior Analyst,BCA,1,88885.0,2021-09-09,Bangalore,5,No,No
EMP05583,Dalbir Dash,Female,39,Sales,Manager,BCA,12,61216.0,2020-08-06,Chennai,4,No,No
EMP05584,Ekaja Vora,Female,43,Marketing,Senior Analyst,M.Tech,6,45528.0,2020-06-14,Mumbai,2,Yes,No
EMP05585,Samesh Baral,Male,31,HR,Team Lead,MCA,20,35826.0,2021-05-09,Mumbai,3,Yes,No
EMP05586,Nathaniel Varughese,Female,49,Marketing,Manager,MCA,20,46393.0,2021-02-25,Hyderabad,3,No,No
EMP05587,Chameli Choudhry,Male,58,Marketing,Analyst,BCA,14,80734.0,2018-04-22,Hyderabad,5,Yes,No
EMP05588,Yashasvi Mishra,Male,48,IT,Manager,MBA,1,52567.0,2025-08-31,Bangalore,4,Yes,No
EMP05589,Widisha Madan,Female,41,Marketing,Analyst,MBA,16,89066.0,2020-11-20,Hyderabad,4,No,No
EMP05590,Sai Boase,Female,32,Finance,Team Lead,BCA,11,45461.0,2023-04-09,Bangalore,2,Yes,No
EMP05591,Ryan Vora,Female,34,Marketing,Manager,MCA,3,58694.0,2022-03-30,Mumbai,2,No,No
EMP05592,Chakradhar Oak,Female,29,IT,Manager,B.Tech,18,110817.0,2020-06-20,Pune,2,Yes,No
EMP05593,Naksh More,Male,52,HR,Analyst,BCA,16,31630.0,2018-02-15,Chennai,4,No,No
EMP05594,Devansh Buch,Female,57,Sales,Manager,MCA,12,32585.0,2020-01-22,Mumbai,1,No,No
EMP05595,Ikbal Joshi,Male,28,Sales,Senior Analyst,B.Tech,0,89738.0,2026-03-03,Hyderabad,1,No,No
EMP05596,Wyatt Gandhi,Male,28,HR,Manager,MCA,8,69226.0,2022-05-26,Bangalore,1,Yes,No
EMP05597,Yashasvi Aurora,Female,39,Finance,Manager,MBA,11,58708.0,2022-07-01,Mumbai,5,Yes,No
EMP05598,Oscar Dewan,Male,30,HR,Manager,M.Tech,19,77063.0,2019-02-11,Chennai,1,Yes,No
EMP05599,Wridesh Vaidya,Female,35,Marketing,Team Lead,MCA,9,80599.0,2022-03-04,Pune,1,Yes,No
EMP05600,Yochana Prasad,Male,38,HR,Team Lead,B.Tech,2,73103.0,2020-05-30,Pune,2,No,No
EMP05601,Vansha Master,Male,58,Marketing,Manager,MCA,11,50507.0,2026-02-04,Pune,5,No,No
EMP05602,Veer Mishra,Female,45,IT,Analyst,MCA,10,131730.0,2021-01-02,Pune,2,Yes,No
EMP05603,Bahadurjit Wason,Male,54,IT,Manager,BCA,4,54925.0,2022-07-12,Chennai,1,Yes,No
EMP05604,Zayan Chad,Male,31,Finance,Analyst,BCA,0,82753.0,2025-10-02,Bangalore,3,No,No
EMP05605,Ucchal Upadhyay,Male,27,Marketing,Analyst,BCA,15,74895.0,2026-04-25,Mumbai,3,No,No
EMP05606,Pranit Agrawal,Female,49,Sales,Manager,B.Tech,9,52976.0,2022-10-23,Hyderabad,2,Yes,No
EMP05607,Indira Magar,Female,27,Sales,Analyst,MCA,8,67121.0,2026-03-04,Chennai,4,Yes,No
EMP05608,Zaitra Goswami,Female,58,Marketing,Analyst,MBA,4,75635.0,2022-06-20,Bangalore,4,No,No
EMP05609,Ayaan Bath,Male,43,Marketing,Senior Analyst,M.Tech,20,67274.0,2016-08-29,Mumbai,3,Yes,No
EMP05610,Laban Yohannan,Female,52,Finance,Analyst,BCA,11,63185.0,2023-12-28,Pune,5,Yes,Yes
EMP05611,Chakradhar Johal,Male,32,IT,Team Lead,MCA,14,101214.0,2017-08-08,Hyderabad,5,Yes,No
EMP05612,Gaurang Bhatti,Male,47,Finance,Senior Analyst,B.Tech,9,73310.0,2025-03-27,Pune,1,No,No
EMP05613,Jackson Purohit,Male,30,HR,Senior Analyst,BCA,9,64700.0,2026-06-04,Bangalore,3,No,No
EMP05614,Neelima Dara,Male,37,Sales,Analyst,M.Tech,13,93274.0,2023-05-14,Pune,3,Yes,No
EMP05615,Aarnav Wagle,Male,59,Marketing,Manager,BCA,10,80556.0,2025-07-16,Bangalore,1,Yes,No
EMP05616,Fariq Dass,Female,24,Sales,Analyst,M.Tech,8,58361.0,2024-04-05,Mumbai,2,No,No
EMP05617,Gabriel Hayre,Male,55,IT,Manager,MBA,18,103592.0,2020-01-10,Mumbai,3,No,No
EMP05618,Gayathri Chaudhary,Male,32,Sales,Team Lead,B.Tech,10,98343.0,2021-08-06,Chennai,4,No,No
EMP05619,Samaksh Sarna,Female,40,Marketing,Team Lead,B.Tech,11,65642.0,2018-12-22,Mumbai,2,No,No
EMP05620,Adya Deol,Male,31,Finance,Team Lead,B.Tech,10,48022.0,2018-01-12,Chennai,4,No,Yes
EMP05621,Suhani Sahni,Male,27,Marketing,Manager,MBA,8,44018.0,2025-09-12,Bangalore,5,No,No
EMP05622,Upma Taneja,Female,60,HR,Manager,BCA,6,63371.0,2024-03-18,Pune,2,Yes,No
EMP05623,Yashasvi Rajagopal,Female,36,HR,Analyst,B.Tech,10,59919.0,2025-12-23,Pune,1,No,No
EMP05624,Zaitra Zachariah,Male,46,Marketing,Senior Analyst,B.Tech,7,68904.0,2018-10-21,Bangalore,4,No,No
EMP05625,Benjamin Kapoor,Male,41,Sales,Manager,MBA,6,58585.0,2022-01-17,Chennai,2,Yes,No
EMP05626,Kiaan Mann,Male,51,Finance,Manager,MCA,10,115295.0,2023-12-15,Pune,4,Yes,No
EMP05627,Alka Sachdeva,Male,37,Sales,Manager,M.Tech,20,94137.0,2019-07-23,Pune,5,Yes,No
EMP05628,Chandani Setty,Male,58,Sales,Senior Analyst,MBA,20,70889.0,2023-05-21,Mumbai,4,No,No
EMP05629,Joshua Rajan,Male,42,IT,Manager,BCA,19,52764.0,2022-09-30,Bangalore,3,No,No
EMP05630,Veer Bhardwaj,Female,60,Sales,Analyst,M.Tech,3,35684.0,2024-07-29,Mumbai,4,No,No
EMP05631,Logan Mittal,Male,26,IT,Manager,BCA,2,98788.0,2023-04-12,Mumbai,4,Yes,No
EMP05632,Simon Solanki,Male,48,Marketing,Senior Analyst,BCA,14,35513.0,2023-03-07,Pune,4,Yes,No
EMP05633,Raksha Sane,Female,26,Sales,Analyst,MBA,5,37898.0,2020-05-06,Mumbai,4,No,No
EMP05634,Yashawini Gola,Female,31,Marketing,Manager,M.Tech,0,57498.0,2020-02-19,Hyderabad,1,No,No
EMP05635,Banjeet Chaudhari,Male,33,Finance,Manager,BCA,2,45160.0,2022-09-25,Bangalore,4,Yes,No
EMP05636,Darsh Bora,Male,29,HR,Senior Analyst,B.Tech,10,59600.0,2026-08-03,Bangalore,2,No,No
EMP05637,Nidhi Tripathi,Male,42,Marketing,Manager,MCA,19,71941.0,2026-01-01,Hyderabad,1,No,No
EMP05638,Chanchal Bora,Female,47,HR,Senior Analyst,BCA,2,78308.0,2017-11-15,Bangalore,5,No,Yes
EMP05639,Prisha Bandi,Female,56,Finance,Senior Analyst,MCA,0,53733.0,2019-12-26,Bangalore,3,No,No
EMP05640,Anmol Nayak,Male,36,Sales,Analyst,B.Tech,11,54845.0,2020-04-18,Pune,3,No,Yes
EMP05641,Yagnesh Cheema,Female,28,IT,Senior Analyst,MCA,18,126044.0,2022-11-08,Bangalore,3,No,No
EMP05642,Dayita Narayan,Female,29,IT,Manager,B.Tech,14,103971.0,2019-02-22,Mumbai,3,Yes,No
EMP05643,Pratyush Suri,Female,43,Finance,Senior Analyst,M.Tech,17,59502.0,2022-10-07,Pune,5,Yes,No
EMP05644,Tara Malhotra,Female,56,Finance,Team Lead,MCA,4,47954.0,2016-10-20,Mumbai,3,No,No
EMP05645,Jackson Mallick,Male,50,Marketing,Manager,MBA,9,38550.0,2023-01-08,Bangalore,2,Yes,No
EMP05646,Quincy Wable,Female,30,Marketing,Team Lead,B.Tech,1,62758.0,2019-05-07,Chennai,5,Yes,No
EMP05647,Quincy Keer,Male,59,Sales,Analyst,MBA,8,65521.0,2016-12-05,Chennai,4,No,No
EMP05648,Kai Majumdar,Male,22,HR,Manager,B.Tech,2,78009.0,2018-01-22,Pune,3,Yes,No
EMP05649,Ansh Dani,Female,32,Finance,Team Lead,MBA,3,47541.0,2023-03-17,Pune,3,Yes,No
EMP05650,Ikshita Kapur,Female,58,HR,Manager,B.Tech,14,45617.0,2023-10-12,Pune,5,No,No
EMP05651,Falan Sem,Male,32,Marketing,Senior Analyst,MCA,19,68403.0,2016-09-23,Hyderabad,3,Yes,No
EMP05652,Viraj Hari,Female,47,HR,Analyst,B.Tech,5,59313.0,2025-06-13,Hyderabad,5,No,No
EMP05653,Gaurangi Natarajan,Male,43,Finance,Manager,MBA,3,73799.0,2022-08-01,Pune,2,Yes,No
EMP05654,Diya Chakraborty,Male,24,HR,Analyst,MCA,2,74747.0,2018-03-06,Bangalore,2,Yes,No
EMP05655,Ishita Rattan,Female,35,Sales,Team Lead,MCA,4,36191.0,2022-08-02,Hyderabad,3,Yes,Yes
EMP05656,Yasti Bandi,Female,37,IT,Senior Analyst,MBA,4,62710.0,2023-11-20,Chennai,4,No,No
EMP05657,Omisha More,Female,26,HR,Manager,M.Tech,13,52205.0,2025-11-28,Pune,1,Yes,No
EMP05658,Hardik Tella,Male,32,Sales,Manager,MBA,9,71313.0,2021-06-13,Chennai,2,No,No
EMP05659,Yauvani Sane,Male,56,Sales,Senior Analyst,BCA,18,70843.0,2019-05-19,Mumbai,5,No,No
EMP05660,Chandran Handa,Male,41,IT,Senior Analyst,M.Tech,12,104890.0,2024-05-29,Bangalore,5,Yes,No
EMP05661,Januja Sem,Female,54,IT,Senior Analyst,MCA,10,84025.0,2022-09-22,Mumbai,4,No,No
EMP05662,Abeer Srinivasan,Male,26,IT,Team Lead,BCA,11,138783.0,2020-07-06,Chennai,3,No,No
EMP05663,Veda De,Male,49,Finance,Manager,MCA,12,91316.0,2020-02-06,Mumbai,1,No,Yes
EMP05664,Triya Chauhan,Male,38,Sales,Team Lead,MBA,7,75669.0,2020-08-15,Hyderabad,5,Yes,Yes
EMP05665,Ekanta Dave,Female,43,HR,Analyst,MCA,9,73693.0,2018-05-15,Mumbai,2,Yes,No
EMP05666,Gayathri Magar,Female,53,HR,Manager,BCA,1,68923.0,2016-11-20,Pune,5,No,No
EMP05667,Robert Handa,Female,27,Finance,Senior Analyst,MCA,13,92714.0,2017-06-26,Mumbai,5,Yes,No
EMP05668,Ria Sarma,Female,53,HR,Manager,M.Tech,9,46924.0,2021-12-13,Hyderabad,5,Yes,Yes
EMP05669,Samaksh Sundaram,Male,52,Sales,Senior Analyst,MCA,5,43228.0,2021-07-30,Hyderabad,5,Yes,No
EMP05670,Omaja Zacharia,Male,47,Marketing,Manager,MBA,7,40507.0,2019-05-05,Pune,3,No,No
EMP05671,Dayamai Karan,Female,34,Marketing,Senior Analyst,BCA,13,89640.0,2018-02-06,Chennai,1,Yes,No
EMP05672,Zehaan Sur,Male,57,IT,Senior Analyst,MBA,12,130889.0,2020-07-12,Mumbai,4,Yes,No
EMP05673,Zarna Nagi,Male,43,Marketing,Senior Analyst,M.Tech,14,79991.0,2024-10-16,Mumbai,4,No,Yes
EMP05674,Patrick Batra,Male,59,IT,Team Lead,M.Tech,11,148504.0,2018-12-14,Mumbai,3,Yes,No
EMP05675,Chaitaly Tak,Male,41,IT,Senior Analyst,B.Tech,15,87834.0,2016-11-03,Chennai,3,Yes,No
EMP05676,Champak Vora,Male,55,Sales,Team Lead,M.Tech,11,40731.0,2025-10-22,Mumbai,2,No,No
EMP05677,Eesha Khanna,Male,44,IT,Manager,MCA,17,65108.0,2023-03-25,Hyderabad,1,Yes,Yes
EMP05678,Girindra Rai,Male,38,IT,Manager,BCA,0,90814.0,2018-10-25,Bangalore,2,No,No
EMP05679,Dayamai Basak,Female,36,Sales,Analyst,MCA,20,89974.0,2026-02-07,Bangalore,5,Yes,No
EMP05680,Akshay Bera,Male,39,IT,Senior Analyst,M.Tech,17,106992.0,2017-12-01,Pune,4,Yes,No
EMP05681,Kabir Bose,Female,39,HR,Senior Analyst,M.Tech,10,48264.0,2016-09-28,Hyderabad,2,No,No
EMP05682,Rachit Vaidya,Female,47,Marketing,Analyst,M.Tech,16,53343.0,2024-10-12,Chennai,3,No,No
EMP05683,Kala Garde,Female,58,IT,Manager,BCA,5,60548.0,2018-03-15,Pune,5,Yes,No
EMP05684,Champak Dasgupta,Male,36,Finance,Team Lead,B.Tech,1,96363.0,2020-08-19,Chennai,3,Yes,No
EMP05685,Ishanvi Arya,Female,25,Finance,Team Lead,MBA,2,59533.0,2026-02-04,Bangalore,4,Yes,No
EMP05686,Aarav Tiwari,Female,41,Marketing,Manager,BCA,16,53362.0,2020-01-01,Bangalore,5,No,No
EMP05687,Yashvi Modi,Female,54,Sales,Senior Analyst,M.Tech,13,45448.0,2021-02-08,Pune,4,Yes,No
EMP05688,Kashvi Minhas,Female,51,IT,Manager,M.Tech,13,105406.0,2019-02-11,Mumbai,3,Yes,No
EMP05689,Onveer Krishna,Female,35,HR,Senior Analyst,BCA,9,70508.0,2019-11-16,Hyderabad,4,Yes,No
EMP05690,Harini Karan,Female,23,Marketing,Senior Analyst,M.Tech,18,71906.0,2023-11-24,Chennai,1,No,No
EMP05691,Chanchal Pradhan,Male,47,Finance,Senior Analyst,MBA,20,82407.0,2017-10-06,Mumbai,1,Yes,No
EMP05692,Nandini Gade,Female,42,Finance,Analyst,MBA,2,106250.0,2020-12-22,Pune,4,Yes,Yes
EMP05693,Jagdish Bawa,Female,41,HR,Team Lead,MBA,1,46471.0,2017-12-14,Pune,4,No,No
EMP05694,Ayushman Prakash,Female,34,HR,Analyst,B.Tech,12,79099.0,2020-04-29,Mumbai,2,Yes,No
EMP05695,Sudiksha Rege,Male,28,HR,Analyst,B.Tech,6,33808.0,2023-12-17,Chennai,5,Yes,No
EMP05696,Veer Prashad,Male,53,IT,Analyst,BCA,9,134236.0,2020-06-22,Hyderabad,2,Yes,No
EMP05697,Jeevika Deol,Female,44,Sales,Analyst,BCA,14,58537.0,2019-12-24,Hyderabad,5,Yes,No
EMP05698,Edhitha Konda,Male,26,Marketing,Senior Analyst,B.Tech,19,43505.0,2026-07-14,Chennai,1,No,No
EMP05699,Radhika Nigam,Female,25,Sales,Manager,MCA,15,65012.0,2025-09-04,Mumbai,1,Yes,No
EMP05700,Zinal Amble,Male,48,HR,Manager,MCA,19,40185.0,2019-03-25,Mumbai,2,Yes,No
EMP05701,Maanav Comar,Male,23,Finance,Senior Analyst,B.Tech,17,74394.0,2019-09-15,Mumbai,2,Yes,Yes
EMP05702,Kashish Mutti,Female,26,Finance,Team Lead,BCA,14,71047.0,2025-07-02,Pune,4,No,No
EMP05703,Victor Yadav,Female,27,IT,Team Lead,M.Tech,19,87820.0,2017-10-30,Bangalore,5,Yes,No
EMP05704,Qushi Sheth,Female,31,IT,Senior Analyst,B.Tech,0,102165.0,2019-09-11,Hyderabad,1,No,No
EMP05705,Unnati Peri,Female,55,Marketing,Senior Analyst,B.Tech,18,81662.0,2022-08-02,Bangalore,1,Yes,No
EMP05706,Urvi Kakar,Male,22,Marketing,Manager,B.Tech,19,86997.0,2020-07-21,Hyderabad,2,Yes,No
EMP05707,Frederick Mann,Male,27,Finance,Team Lead,MCA,9,102647.0,2023-02-14,Bangalore,1,Yes,No
EMP05708,Shaurya Sem,Male,53,Sales,Team Lead,B.Tech,8,62816.0,2024-11-14,Pune,5,No,Yes
EMP05709,Chakradhar Rao,Female,52,IT,Manager,BCA,15,115689.0,2024-01-06,Hyderabad,2,Yes,No
EMP05710,Dalaja Dutt,Male,45,Marketing,Manager,BCA,20,47439.0,2023-03-15,Mumbai,1,Yes,Yes
EMP05711,Champak Sha,Female,58,Sales,Senior Analyst,B.Tech,20,61460.0,2020-07-02,Pune,1,Yes,No
EMP05712,Upkaar Gera,Female,60,HR,Manager,B.Tech,9,39459.0,2023-10-27,Bangalore,1,No,No
EMP05713,Saanvi Nair,Male,57,HR,Manager,MBA,13,66723.0,2024-09-15,Chennai,5,No,No
EMP05714,Benjamin Rama,Female,33,IT,Manager,B.Tech,15,106051.0,2020-01-24,Bangalore,3,Yes,No
EMP05715,Lakshit Chawla,Male,25,Marketing,Analyst,MCA,15,59049.0,2023-04-07,Bangalore,1,Yes,No
EMP05716,Sudiksha Sha,Male,35,Marketing,Analyst,MBA,4,57550.0,2018-09-15,Pune,1,Yes,No
EMP05717,Vincent Gera,Female,29,Finance,Team Lead,B.Tech,13,118077.0,2019-03-31,Mumbai,5,Yes,No
EMP05718,Omya Sura,Male,45,IT,Team Lead,MBA,9,129807.0,2026-05-28,Mumbai,1,No,No
EMP05719,Triya Butala,Female,27,IT,Manager,BCA,16,89396.0,2025-06-25,Pune,2,Yes,No
EMP05720,Meghana Gill,Female,57,Sales,Manager,MCA,15,57614.0,2019-12-20,Hyderabad,4,Yes,No
EMP05721,Jonathan Patil,Female,40,HR,Analyst,B.Tech,5,79045.0,2024-06-22,Hyderabad,2,No,No
EMP05722,Dipta Sinha,Male,25,Marketing,Senior Analyst,MBA,20,38571.0,2019-03-02,Chennai,1,Yes,No
EMP05723,Zaitra Merchant,Male,34,HR,Team Lead,BCA,7,44059.0,2016-12-21,Chennai,2,No,No
EMP05724,Chandani Dugar,Male,54,Sales,Senior Analyst,B.Tech,2,78498.0,2025-06-24,Mumbai,4,Yes,No
EMP05725,Bakhshi Prasad,Male,43,Sales,Team Lead,B.Tech,3,79878.0,2019-09-11,Pune,5,Yes,Yes
EMP05726,Mohini Nayak,Female,42,Marketing,Manager,MCA,18,44911.0,2023-10-03,Chennai,3,Yes,No
EMP05727,Ucchal Hans,Male,35,HR,Analyst,MCA,7,33699.0,2020-04-05,Mumbai,1,Yes,No
EMP05728,Samar Sinha,Male,49,Sales,Senior Analyst,M.Tech,16,75850.0,2017-12-23,Hyderabad,3,Yes,No
EMP05729,Dipta Shere,Female,37,Marketing,Manager,B.Tech,19,53087.0,2026-07-15,Hyderabad,2,Yes,No
EMP05730,Nimrat Dhar,Female,44,HR,Team Lead,MBA,19,43414.0,2022-01-30,Mumbai,3,Yes,No
EMP05731,Harini Singhal,Male,45,HR,Senior Analyst,M.Tech,4,30639.0,2018-09-10,Pune,4,Yes,No
EMP05732,Girindra Pall,Male,39,Finance,Manager,MCA,19,93440.0,2022-08-11,Bangalore,5,Yes,Yes
EMP05733,Dipta Patla,Male,32,Sales,Analyst,BCA,19,43030.0,2020-12-13,Pune,1,No,No
EMP05734,Bhavya Parikh,Male,50,Marketing,Manager,BCA,16,49799.0,2022-12-12,Chennai,1,Yes,No
EMP05735,Hitesh Palan,Male,29,IT,Manager,B.Tech,17,145050.0,2021-08-24,Pune,5,No,No
EMP05736,Rachit Agrawal,Male,37,HR,Manager,MCA,5,36247.0,2016-09-03,Hyderabad,1,No,No
EMP05737,Rachita Loke,Male,32,Sales,Team Lead,BCA,4,79234.0,2019-11-03,Bangalore,1,Yes,Yes
EMP05738,Anvi Chacko,Female,56,Sales,Analyst,M.Tech,18,55863.0,2019-09-05,Hyderabad,3,Yes,No
EMP05739,Yash Mane,Female,22,IT,Manager,MCA,5,69055.0,2025-10-06,Chennai,5,No,No
EMP05740,Yamini Warrior,Male,32,HR,Manager,MCA,7,52702.0,2018-02-05,Hyderabad,1,No,Yes
EMP05741,Janani Keer,Female,26,Marketing,Manager,B.Tech,4,69896.0,2016-10-21,Pune,3,No,No
EMP05742,Manan Verma,Female,34,Finance,Senior Analyst,BCA,20,69498.0,2023-04-01,Pune,3,Yes,No
EMP05743,Nitara Sodhi,Female,44,Sales,Senior Analyst,B.Tech,20,90988.0,2017-01-06,Bangalore,3,Yes,Yes
EMP05744,Idika Mistry,Female,58,Sales,Senior Analyst,MBA,19,65710.0,2017-09-30,Mumbai,4,No,No
EMP05745,Alka Mall,Male,29,Sales,Team Lead,BCA,7,61332.0,2026-03-16,Hyderabad,5,Yes,No
EMP05746,Oeshi Misra,Male,36,HR,Analyst,BCA,0,33319.0,2024-11-25,Bangalore,3,Yes,No
EMP05747,Anmol Munshi,Female,56,Finance,Manager,B.Tech,11,93982.0,2024-08-12,Bangalore,4,Yes,No
EMP05748,Harita Narasimhan,Female,36,Sales,Analyst,MCA,16,70063.0,2019-02-09,Hyderabad,3,No,No
EMP05749,Widisha Mand,Male,36,Finance,Senior Analyst,M.Tech,10,91469.0,2025-09-12,Mumbai,5,Yes,Yes
EMP05750,Oviya Mutti,Male,59,Finance,Team Lead,M.Tech,2,75538.0,2022-04-13,Mumbai,1,No,No
EMP05751,Frederick Kar,Female,36,HR,Team Lead,MCA,4,61755.0,2017-04-11,Pune,2,No,No
EMP05752,Ojasvi Dube,Female,33,Finance,Analyst,B.Tech,16,99277.0,2023-01-10,Hyderabad,2,Yes,No
EMP05753,Leela Krish,Female,37,HR,Senior Analyst,MBA,4,61552.0,2020-09-04,Pune,1,Yes,Yes
EMP05754,Bina Pai,Male,38,Finance,Team Lead,M.Tech,11,89938.0,2022-08-17,Bangalore,2,Yes,No
EMP05755,Panini Rout,Female,39,HR,Analyst,MCA,3,31909.0,2017-04-14,Bangalore,3,Yes,No
EMP05756,Harini Singh,Male,53,Marketing,Team Lead,M.Tech,16,81556.0,2016-08-16,Bangalore,5,No,No
EMP05757,Dayamai Prabhu,Male,34,Sales,Senior Analyst,MCA,15,41944.0,2020-09-12,Bangalore,4,Yes,No
EMP05758,Upadhriti Ghosh,Male,44,IT,Team Lead,MBA,9,103622.0,2021-03-28,Hyderabad,2,No,Yes
EMP05759,Pahal Chada,Female,34,IT,Team Lead,M.Tech,5,92154.0,2025-11-29,Bangalore,3,Yes,No
EMP05760,Parth Mani,Male,50,Sales,Team Lead,M.Tech,14,89560.0,2020-05-25,Hyderabad,2,Yes,No
EMP05761,Ekbal Bhatnagar,Female,28,Marketing,Team Lead,BCA,13,62137.0,2021-03-17,Mumbai,1,Yes,No
EMP05762,Vamakshi Ganesh,Female,45,Finance,Manager,MCA,8,86563.0,2021-01-20,Mumbai,5,Yes,No
EMP05763,Chanchal Mandal,Male,36,Sales,Manager,B.Tech,0,93942.0,2019-06-16,Chennai,3,Yes,No
EMP05764,Bhavani Bassi,Male,40,Sales,Manager,B.Tech,7,94940.0,2026-01-31,Bangalore,4,Yes,Yes
EMP05765,Rajata Aggarwal,Male,38,IT,Senior Analyst,M.Tech,19,93075.0,2021-07-03,Chennai,2,Yes,No
EMP05766,Veer Kulkarni,Female,42,HR,Manager,MCA,2,33256.0,2022-02-20,Chennai,3,No,No
EMP05767,Eiravati Nath,Male,42,Marketing,Senior Analyst,BCA,6,60939.0,2025-02-07,Chennai,1,Yes,No
EMP05768,Alexander Guha,Female,39,Sales,Analyst,M.Tech,1,51887.0,2021-09-03,Hyderabad,5,Yes,No
EMP05769,Vaishnavi Ramanathan,Male,45,Sales,Senior Analyst,M.Tech,19,81268.0,2018-08-16,Pune,4,Yes,No
EMP05770,Michael Trivedi,Female,30,IT,Manager,MBA,10,88149.0,2019-04-21,Bangalore,5,Yes,No
EMP05771,Bakhshi Saini,Female,26,Finance,Analyst,MBA,15,53062.0,2024-03-26,Chennai,4,Yes,Yes
EMP05772,Gayathri Patel,Female,50,HR,Team Lead,M.Tech,4,37886.0,2024-09-13,Pune,1,No,No
EMP05773,Daksh Pai,Male,39,Sales,Team Lead,B.Tech,15,92802.0,2017-05-23,Hyderabad,4,No,No
EMP05774,Samesh Bhavsar,Female,30,Marketing,Manager,MBA,14,74203.0,2017-12-30,Hyderabad,3,Yes,No
EMP05775,Upkaar Pandit,Female,36,Marketing,Analyst,BCA,13,78156.0,2018-05-03,Chennai,5,Yes,No
EMP05776,Sai Sehgal,Male,52,HR,Manager,B.Tech,6,71913.0,2021-05-05,Pune,4,Yes,No
EMP05777,Wyatt Sane,Female,57,Marketing,Analyst,MBA,5,39866.0,2019-12-02,Hyderabad,4,No,No
EMP05778,Banjeet Sawhney,Male,25,Finance,Team Lead,M.Tech,7,88038.0,2021-08-03,Chennai,2,No,No
EMP05779,Mahika Dar,Male,24,Sales,Team Lead,MBA,13,98592.0,2017-03-08,Mumbai,3,No,No
EMP05780,Netra Bala,Female,28,Marketing,Manager,MBA,5,73365.0,2018-11-03,Hyderabad,5,Yes,No
EMP05781,Harshil Goyal,Male,58,Marketing,Manager,M.Tech,14,72581.0,2024-03-06,Chennai,2,No,No
EMP05782,Girindra Barman,Female,46,Finance,Senior Analyst,MCA,14,101056.0,2026-07-07,Hyderabad,4,Yes,No
EMP05783,Veda Grewal,Female,45,Finance,Team Lead,BCA,0,47420.0,2016-10-11,Pune,1,No,No
EMP05784,Timothy Minhas,Male,28,IT,Analyst,MBA,6,116894.0,2024-10-10,Pune,2,Yes,No
EMP05785,Anya Mall,Female,52,IT,Manager,BCA,20,111491.0,2021-02-03,Mumbai,2,No,No
EMP05786,Abhiram Sahni,Male,32,Finance,Analyst,B.Tech,2,99291.0,2023-04-14,Mumbai,1,Yes,No
EMP05787,Anthony Dora,Female,49,HR,Analyst,MBA,5,74527.0,2020-06-26,Pune,1,No,No
EMP05788,Upadhriti Chad,Male,47,Sales,Team Lead,MBA,17,86740.0,2024-04-09,Bangalore,3,Yes,No
EMP05789,Ranbir Sampath,Male,34,Marketing,Team Lead,BCA,16,48179.0,2022-12-19,Mumbai,5,Yes,No
EMP05790,Rehaan Bhavsar,Female,38,HR,Team Lead,MBA,12,69242.0,2022-07-04,Chennai,3,Yes,Yes
EMP05791,Gaurav Arora,Female,25,Finance,Manager,BCA,6,86301.0,2025-03-23,Pune,3,No,No
EMP05792,Tejas Kibe,Female,39,HR,Manager,MCA,1,79330.0,2026-02-06,Hyderabad,5,No,No
EMP05793,Kalpit Sani,Male,54,Finance,Analyst,MBA,19,77926.0,2022-06-23,Chennai,5,Yes,No
EMP05794,Ira Muni,Male,23,Finance,Analyst,MBA,7,60007.0,2020-02-16,Mumbai,4,No,No
EMP05795,Shivani Kadakia,Male,22,Finance,Analyst,B.Tech,12,51092.0,2024-03-09,Chennai,3,Yes,Yes
EMP05796,Nidhi Kadakia,Female,42,HR,Senior Analyst,B.Tech,16,40928.0,2021-09-01,Bangalore,5,No,No
EMP05797,Yatan Grover,Female,33,IT,Analyst,B.Tech,5,84068.0,2016-08-17,Bangalore,2,No,No
EMP05798,Devansh Wason,Male,27,Sales,Senior Analyst,M.Tech,20,33452.0,2020-08-17,Chennai,3,No,No
EMP05799,Vamakshi Rajagopalan,Male,50,Sales,Manager,MCA,5,73167.0,2019-10-03,Chennai,5,Yes,No
EMP05800,Keya Saha,Male,48,Finance,Senior Analyst,M.Tech,9,87411.0,2020-10-31,Mumbai,4,No,Yes
EMP05801,Dayita Chawla,Male,28,Finance,Team Lead,B.Tech,4,52783.0,2020-03-09,Bangalore,4,Yes,No
EMP05802,Chaitanya Munshi,Female,55,Sales,Team Lead,MBA,7,53244.0,2016-10-07,Bangalore,5,Yes,No
EMP05803,Pushti Datta,Male,36,Finance,Manager,BCA,19,116718.0,2023-12-29,Bangalore,3,No,No
EMP05804,Aradhana Khosla,Male,36,Marketing,Manager,MCA,1,67436.0,2019-07-17,Chennai,5,Yes,Yes
EMP05805,Anay Sahota,Female,56,Finance,Analyst,B.Tech,17,114183.0,2021-03-27,Mumbai,1,Yes,No
EMP05806,Eiravati Dalal,Female,43,Finance,Analyst,M.Tech,15,49873.0,2018-01-11,Mumbai,3,Yes,No
EMP05807,Chanakya Loke,Male,36,Sales,Manager,MBA,5,89182.0,2018-09-25,Hyderabad,2,Yes,No
EMP05808,Gaurangi Kalla,Male,32,IT,Manager,M.Tech,8,61848.0,2025-09-07,Pune,3,Yes,No
EMP05809,Tara Jani,Male,22,IT,Analyst,M.Tech,8,67472.0,2025-07-05,Chennai,3,No,No
EMP05810,Zaitra Dash,Female,55,HR,Analyst,M.Tech,6,44627.0,2020-03-27,Hyderabad,3,Yes,No
EMP05811,Inaya Nanda,Female,47,IT,Manager,MCA,2,87319.0,2016-11-28,Chennai,2,Yes,No
EMP05812,Oliver Sanghvi,Female,26,Sales,Manager,B.Tech,2,62808.0,2020-06-05,Bangalore,2,No,Yes
EMP05813,Vrinda Hora,Female,58,HR,Senior Analyst,MCA,4,37589.0,2025-06-14,Chennai,4,Yes,No
EMP05814,Rayaan Chaudhary,Male,24,Finance,Analyst,MCA,8,51358.0,2020-05-11,Chennai,5,No,No
EMP05815,Wyatt Sem,Female,25,IT,Manager,M.Tech,14,70453.0,2024-10-16,Chennai,3,No,No
EMP05816,Akshay Sunder,Male,28,IT,Team Lead,BCA,7,73862.0,2020-01-06,Mumbai,5,Yes,No
EMP05817,Amruta Desai,Male,31,HR,Analyst,B.Tech,19,63055.0,2021-01-18,Hyderabad,4,Yes,No
EMP05818,Mahika Lad,Female,23,Sales,Manager,B.Tech,10,35442.0,2023-12-16,Mumbai,3,Yes,No
EMP05819,Rehaan Mohan,Male,39,IT,Team Lead,BCA,13,68286.0,2017-03-21,Hyderabad,5,No,No
EMP05820,Sarthak Dugal,Male,56,IT,Team Lead,MCA,19,107884.0,2019-02-01,Mumbai,4,No,No
EMP05821,Mugdha Thakur,Male,31,Marketing,Manager,M.Tech,7,42829.0,2021-11-13,Chennai,2,No,No
EMP05822,Ishanvi Murthy,Female,47,Marketing,Analyst,B.Tech,14,88423.0,2020-11-19,Mumbai,1,No,No
EMP05823,Bakhshi Mammen,Male,29,Marketing,Analyst,BCA,11,55836.0,2025-07-12,Mumbai,3,Yes,No
EMP05824,Jai Soni,Female,52,IT,Team Lead,M.Tech,12,64407.0,2018-03-18,Chennai,1,Yes,No
EMP05825,Sara Kunda,Male,60,Sales,Senior Analyst,M.Tech,2,44869.0,2022-03-28,Mumbai,1,Yes,No
EMP05826,William Nazareth,Female,33,Sales,Team Lead,MBA,5,57843.0,2022-09-21,Mumbai,4,No,No
EMP05827,Libni Uppal,Female,42,Sales,Team Lead,M.Tech,9,76590.0,2025-01-03,Mumbai,3,Yes,Yes
EMP05828,Upma Badal,Female,54,Finance,Team Lead,M.Tech,18,51593.0,2025-02-21,Mumbai,3,No,No
EMP05829,Vedhika Choudhary,Female,59,IT,Analyst,M.Tech,12,55082.0,2026-07-15,Pune,5,No,No
EMP05830,Joshua Goyal,Male,58,IT,Analyst,B.Tech,11,139072.0,2022-07-11,Bangalore,4,No,No
EMP05831,Aadhya Bir,Male,43,Finance,Senior Analyst,BCA,6,51695.0,2024-10-30,Hyderabad,5,Yes,No
EMP05832,Umang Shroff,Female,50,HR,Analyst,MCA,6,55387.0,2018-10-27,Hyderabad,5,No,No
EMP05833,Chaitaly Cheema,Female,28,Marketing,Senior Analyst,MBA,4,58161.0,2020-06-08,Mumbai,1,Yes,No
EMP05834,Naveen Natt,Male,44,HR,Team Lead,BCA,11,44441.0,2019-08-13,Pune,1,No,No
EMP05835,Tamanna Seshadri,Male,30,HR,Analyst,BCA,15,48039.0,2018-09-18,Pune,3,No,No
EMP05836,Shravya Sanghvi,Male,31,Sales,Team Lead,MBA,20,97406.0,2016-09-12,Bangalore,1,Yes,No
EMP05837,Janani Sane,Female,28,Finance,Senior Analyst,MBA,17,57269.0,2016-12-23,Chennai,5,No,No
EMP05838,Aahana Varty,Female,28,HR,Team Lead,MBA,0,70621.0,2019-06-27,Bangalore,4,Yes,No
EMP05839,George Sagar,Male,33,Finance,Team Lead,BCA,5,52473.0,2018-07-06,Pune,3,Yes,No
EMP05840,Frederick Dave,Female,49,IT,Senior Analyst,MCA,5,59872.0,2025-03-16,Hyderabad,4,Yes,No
EMP05841,Niharika Kunda,Male,32,Sales,Analyst,MCA,10,77795.0,2023-01-09,Hyderabad,1,Yes,No
EMP05842,Amaira Nair,Female,51,Marketing,Manager,MCA,13,70136.0,2020-05-28,Chennai,3,No,No
EMP05843,Azad Master,Female,37,Marketing,Senior Analyst,B.Tech,16,85564.0,2020-07-07,Bangalore,5,No,No
EMP05844,Ekta Radhakrishnan,Female,34,Marketing,Analyst,M.Tech,3,61636.0,2020-02-28,Mumbai,5,Yes,No
EMP05845,Abha Magar,Female,46,Marketing,Analyst,M.Tech,15,88269.0,2019-04-16,Chennai,1,Yes,Yes
EMP05846,Udant Prakash,Female,51,Finance,Senior Analyst,BCA,7,61960.0,2026-02-07,Pune,4,No,No
EMP05847,Idika Mann,Male,37,HR,Senior Analyst,MCA,10,31888.0,2021-01-17,Hyderabad,5,No,No
EMP05848,Ekalinga Agrawal,Female,53,Marketing,Senior Analyst,B.Tech,13,76075.0,2023-09-30,Hyderabad,4,Yes,No
EMP05849,Qadim Mukhopadhyay,Male,37,Sales,Senior Analyst,B.Tech,18,51585.0,2018-09-16,Pune,1,No,No
EMP05850,Devansh Kale,Female,47,IT,Analyst,MCA,16,102808.0,2023-12-03,Chennai,5,Yes,No
EMP05851,Bachittar Sagar,Female,48,Finance,Team Lead,M.Tech,8,93616.0,2025-10-08,Hyderabad,4,Yes,Yes
EMP05852,Forum Dhaliwal,Male,55,Finance,Analyst,B.Tech,18,57421.0,2023-08-12,Pune,5,Yes,No
EMP05853,Chakradev Guha,Female,39,HR,Manager,MBA,10,55685.0,2024-11-29,Bangalore,3,No,No
EMP05854,Advaith Raju,Female,31,IT,Manager,MCA,9,69285.0,2019-11-30,Chennai,2,No,No
EMP05855,Sachi Chatterjee,Female,37,IT,Analyst,BCA,12,57183.0,2016-09-29,Chennai,2,No,No
EMP05856,Saumya Sharaf,Male,44,Finance,Senior Analyst,BCA,12,95720.0,2019-12-22,Hyderabad,5,No,No
EMP05857,Vinaya Mangat,Female,46,Marketing,Senior Analyst,MBA,6,65291.0,2021-05-12,Chennai,4,Yes,No
EMP05858,Jairaj Wadhwa,Female,26,Sales,Senior Analyst,M.Tech,5,63676.0,2019-03-07,Chennai,4,Yes,Yes
EMP05859,Faras Badami,Male,32,HR,Team Lead,M.Tech,16,39477.0,2018-10-09,Mumbai,5,No,No
EMP05860,Libni Kumar,Female,54,Finance,Analyst,M.Tech,19,119349.0,2019-10-30,Pune,1,No,No
EMP05861,Ira Kadakia,Female,47,Marketing,Analyst,BCA,3,46633.0,2020-05-06,Pune,1,No,No
EMP05862,Ansh Shroff,Female,54,Finance,Team Lead,M.Tech,6,63769.0,2025-03-02,Bangalore,1,No,No
EMP05863,Umang Dar,Female,44,HR,Manager,M.Tech,8,60156.0,2025-02-15,Hyderabad,5,No,Yes
EMP05864,Adweta Bhatnagar,Female,29,Sales,Team Lead,B.Tech,2,53902.0,2024-11-25,Mumbai,1,No,Yes
EMP05865,Falguni Trivedi,Female,22,Marketing,Analyst,MBA,13,84213.0,2018-06-25,Mumbai,4,Yes,No
EMP05866,Utkarsh Varughese,Female,30,IT,Manager,BCA,4,136954.0,2020-04-25,Chennai,3,Yes,No
EMP05867,Rajata Chahal,Female,46,Marketing,Senior Analyst,B.Tech,2,48659.0,2021-10-22,Pune,3,Yes,No
EMP05868,Mugdha Chakrabarti,Male,41,Sales,Team Lead,M.Tech,20,38895.0,2022-12-18,Mumbai,4,Yes,Yes
EMP05869,Isaiah Joshi,Female,30,Marketing,Team Lead,BCA,11,89979.0,2023-08-30,Pune,1,Yes,No
EMP05870,Luke Kari,Male,47,Sales,Manager,MBA,10,41489.0,2021-07-15,Bangalore,3,Yes,No
EMP05871,Adweta Rama,Female,35,Marketing,Analyst,MCA,10,72274.0,2026-08-06,Mumbai,5,Yes,No
EMP05872,Jyoti Gole,Male,32,HR,Analyst,BCA,4,54553.0,2019-05-07,Chennai,5,No,No
EMP05873,Zinal Mitter,Male,55,Finance,Analyst,MCA,1,66064.0,2019-08-03,Mumbai,5,No,No
EMP05874,Gopal Srivastava,Female,57,Sales,Analyst,MCA,13,42385.0,2018-02-21,Pune,5,Yes,No
EMP05875,Patrick Kalla,Male,36,Finance,Manager,MBA,2,54036.0,2020-05-06,Pune,3,Yes,No
EMP05876,Dhriti Borde,Male,40,Sales,Senior Analyst,MBA,14,66959.0,2019-11-26,Chennai,5,No,No
EMP05877,Tripti Swamy,Male,28,Sales,Team Lead,MCA,12,86917.0,2016-12-02,Chennai,5,Yes,No
EMP05878,Aahana Setty,Male,45,Finance,Manager,M.Tech,0,95186.0,2016-11-14,Chennai,4,No,No
EMP05879,Quincy Buch,Male,46,IT,Analyst,MCA,2,111735.0,2017-08-13,Chennai,2,Yes,No
EMP05880,Lila Mani,Male,51,Finance,Manager,B.Tech,9,115938.0,2021-01-03,Chennai,2,Yes,No
EMP05881,Vidhi Arora,Female,47,IT,Team Lead,B.Tech,18,130505.0,2023-09-02,Bangalore,4,No,No
EMP05882,Warda Nagar,Female,34,Sales,Manager,M.Tech,20,81322.0,2024-05-30,Pune,3,Yes,No
EMP05883,Mohini Subramaniam,Female,28,Marketing,Team Lead,MCA,0,78767.0,2017-07-22,Chennai,5,No,No
EMP05884,Devansh Wable,Male,43,Sales,Manager,MBA,14,55821.0,2026-01-01,Mumbai,5,No,No
EMP05885,Vyanjana Sarkar,Female,27,HR,Senior Analyst,BCA,16,35270.0,2021-07-31,Hyderabad,2,Yes,No
EMP05886,Maanav Padmanabhan,Male,47,Finance,Team Lead,M.Tech,12,73261.0,2017-11-30,Chennai,2,No,No
EMP05887,Alexander Rana,Female,45,Finance,Manager,MCA,16,105794.0,2023-02-04,Chennai,1,Yes,No
EMP05888,Zehaan Biswas,Female,28,Finance,Manager,MCA,11,74751.0,2022-07-04,Bangalore,1,No,No
EMP05889,Christopher Das,Female,39,Sales,Analyst,MBA,13,58593.0,2019-06-04,Bangalore,2,Yes,No
EMP05890,Ekavir Mohanty,Male,49,IT,Manager,M.Tech,18,63277.0,2024-01-04,Chennai,4,Yes,No
EMP05891,Chanakya Mann,Male,46,Finance,Senior Analyst,MBA,16,76313.0,2024-02-29,Hyderabad,1,No,No
EMP05892,Urvi Grewal,Male,30,Marketing,Analyst,BCA,5,54961.0,2019-03-09,Chennai,4,No,No
EMP05893,Lajita Singh,Female,49,HR,Analyst,MCA,13,60059.0,2019-11-21,Chennai,1,Yes,No
EMP05894,Nakul Ganesan,Female,44,HR,Team Lead,BCA,19,65587.0,2021-06-07,Chennai,3,No,No
EMP05895,Thomas Bahl,Male,22,IT,Manager,MBA,15,139893.0,2017-10-15,Pune,2,No,No
EMP05896,Frado Tank,Female,52,HR,Manager,M.Tech,1,32068.0,2026-05-12,Pune,5,Yes,No
EMP05897,Januja Ramakrishnan,Male,23,HR,Manager,MCA,4,38257.0,2022-07-21,Mumbai,4,No,No
EMP05898,Leela Vyas,Male,25,Sales,Analyst,M.Tech,20,45118.0,2019-08-13,Bangalore,2,No,No
EMP05899,Rajata Hayre,Female,33,HR,Analyst,MBA,0,77015.0,2017-08-19,Bangalore,3,No,No
EMP05900,Advika Garg,Male,57,Finance,Analyst,MBA,16,106945.0,2023-07-26,Mumbai,4,Yes,No
EMP05901,Kevin Karpe,Male,37,IT,Analyst,MCA,2,106853.0,2020-06-13,Chennai,3,Yes,No
EMP05902,Tara Sani,Male,48,Finance,Manager,MCA,11,115697.0,2022-12-09,Mumbai,1,Yes,Yes
EMP05903,Parth Sathe,Male,24,Finance,Manager,BCA,13,66455.0,2021-09-01,Bangalore,2,Yes,No
EMP05904,Nidra Shenoy,Male,58,HR,Manager,B.Tech,0,76471.0,2021-01-06,Mumbai,5,No,No
EMP05905,Upasna Thakkar,Male,39,Finance,Manager,BCA,17,70451.0,2023-11-28,Mumbai,2,No,No
EMP05906,Rudra Barad,Female,58,Finance,Team Lead,B.Tech,9,47031.0,2025-04-25,Pune,3,No,No
EMP05907,Yamini Natarajan,Female,27,IT,Manager,B.Tech,14,98361.0,2023-04-06,Bangalore,2,Yes,No
EMP05908,Mason Puri,Male,29,HR,Manager,MBA,18,41834.0,2023-07-16,Bangalore,1,Yes,No
EMP05909,Chandani Choudhary,Male,57,HR,Manager,B.Tech,3,55694.0,2023-05-06,Chennai,4,Yes,No
EMP05910,Chatresh Saxena,Male,25,Sales,Analyst,MCA,2,45006.0,2017-05-10,Pune,5,Yes,No
EMP05911,Harshil Chahal,Male,60,Finance,Senior Analyst,BCA,15,69461.0,2022-10-07,Pune,2,Yes,No
EMP05912,Quincy Toor,Female,32,IT,Manager,B.Tech,17,97925.0,2025-10-17,Bangalore,1,No,No
EMP05913,Guneet Savant,Male,33,Finance,Team Lead,BCA,11,98887.0,2024-04-28,Hyderabad,5,No,No
EMP05914,Harish Nagy,Female,29,Sales,Analyst,BCA,0,62555.0,2023-07-08,Mumbai,3,Yes,No
EMP05915,Anika Deep,Female,38,HR,Team Lead,BCA,5,47340.0,2018-07-15,Chennai,4,Yes,No
EMP05916,Deepa Bakshi,Male,25,Sales,Manager,MBA,18,53170.0,2017-11-03,Pune,5,No,No
EMP05917,Chatura Sagar,Male,44,IT,Team Lead,M.Tech,17,74657.0,2021-02-09,Bangalore,3,Yes,No
EMP05918,Alexander Agrawal,Male,39,HR,Team Lead,MBA,2,37495.0,2024-01-06,Bangalore,3,Yes,No
EMP05919,Ronith Bal,Male,57,Marketing,Manager,BCA,5,38634.0,2024-12-20,Chennai,5,Yes,No
EMP05920,Arya Mutti,Male,55,Marketing,Team Lead,MBA,15,42273.0,2020-03-26,Hyderabad,2,No,No
EMP05921,Fiyaz Krish,Female,25,HR,Senior Analyst,MBA,1,75282.0,2025-12-25,Pune,5,No,No
EMP05922,Aarav Vohra,Female,33,Marketing,Manager,M.Tech,5,55704.0,2023-11-29,Hyderabad,5,Yes,No
EMP05923,Saumya Chakrabarti,Male,50,Sales,Senior Analyst,BCA,13,39431.0,2022-03-29,Hyderabad,4,Yes,No
EMP05924,Kavya Rana,Female,27,HR,Manager,MBA,13,77446.0,2025-11-16,Hyderabad,4,Yes,Yes
EMP05925,Saumya Soni,Male,32,HR,Manager,B.Tech,4,77881.0,2018-10-24,Bangalore,1,Yes,No
EMP05926,Yadavi Iyengar,Male,59,IT,Analyst,MCA,17,77066.0,2022-02-21,Hyderabad,1,Yes,No
EMP05927,Vritti Ramesh,Male,27,Marketing,Analyst,M.Tech,8,39357.0,2022-01-08,Mumbai,2,Yes,No
EMP05928,Xiti Narayan,Female,31,IT,Manager,B.Tech,15,80305.0,2021-11-20,Mumbai,4,No,Yes
EMP05929,Shravya Doshi,Male,36,IT,Manager,MBA,6,148066.0,2019-04-25,Mumbai,1,Yes,Yes
EMP05930,Qushi Gara,Female,40,IT,Senior Analyst,MBA,15,138349.0,2019-09-30,Chennai,1,No,No
EMP05931,Vasana Kuruvilla,Male,34,Marketing,Team Lead,MCA,11,44776.0,2017-02-03,Bangalore,2,Yes,No
EMP05932,Damini Bajwa,Female,29,Finance,Team Lead,MCA,20,79229.0,2021-08-07,Pune,2,Yes,No
EMP05933,Radhika Soman,Female,57,HR,Team Lead,MCA,8,46745.0,2017-09-19,Bangalore,1,Yes,Yes
EMP05934,Xavier Karan,Female,39,IT,Team Lead,B.Tech,14,62583.0,2018-08-17,Bangalore,3,No,No
EMP05935,Mohini Sarraf,Female,30,Sales,Team Lead,MCA,12,31456.0,2020-09-19,Chennai,4,No,No
EMP05936,Anthony Rout,Male,50,Sales,Manager,M.Tech,7,97033.0,2021-04-16,Hyderabad,3,Yes,No
EMP05937,Qushi Deo,Male,22,HR,Analyst,MBA,8,60905.0,2022-06-17,Hyderabad,1,No,No
EMP05938,Lavanya Sama,Male,27,Sales,Manager,M.Tech,9,85234.0,2025-08-16,Bangalore,3,Yes,No
EMP05939,Wriddhish Purohit,Male,53,Finance,Analyst,MCA,9,60056.0,2019-12-19,Pune,3,Yes,No
EMP05940,Siya Bhandari,Male,37,Marketing,Analyst,MBA,12,53913.0,2021-08-08,Chennai,1,Yes,No
EMP05941,Ekavir Bhatia,Female,32,IT,Team Lead,B.Tech,15,135619.0,2019-10-05,Pune,4,No,No
EMP05942,Vamakshi Patla,Female,53,IT,Senior Analyst,M.Tech,19,78574.0,2025-06-26,Bangalore,5,No,Yes
EMP05943,Falguni Shenoy,Male,32,Sales,Team Lead,B.Tech,6,74588.0,2019-05-25,Pune,5,No,No
EMP05944,Rachita Saxena,Female,60,IT,Team Lead,MCA,7,75004.0,2023-06-04,Hyderabad,2,Yes,No
EMP05945,Anvi Narayanan,Female,44,HR,Analyst,MBA,8,57216.0,2017-04-07,Mumbai,4,Yes,No
EMP05946,Vedant Deol,Male,41,Finance,Senior Analyst,M.Tech,15,108165.0,2018-01-16,Chennai,1,No,No
EMP05947,Utkarsh Rai,Female,42,HR,Manager,MCA,14,37283.0,2021-08-14,Pune,3,Yes,No
EMP05948,Arunima Acharya,Male,39,Marketing,Manager,MBA,5,69141.0,2023-02-21,Mumbai,4,No,No
EMP05949,Rayaan Hans,Female,55,Sales,Team Lead,B.Tech,8,70136.0,2021-02-09,Pune,2,Yes,Yes
EMP05950,Zehaan Borde,Male,57,Marketing,Analyst,BCA,6,61010.0,2022-02-01,Bangalore,5,No,No
EMP05951,Hemang Rajagopalan,Male,23,HR,Senior Analyst,BCA,3,72651.0,2026-07-17,Bangalore,3,No,No
EMP05952,Ethan Kapoor,Female,29,Sales,Manager,BCA,14,51545.0,2024-07-31,Bangalore,5,No,No
EMP05953,Max Pathak,Male,49,IT,Team Lead,BCA,18,64160.0,2022-01-11,Chennai,5,No,No
EMP05954,Gavin Suri,Male,54,Marketing,Team Lead,BCA,1,86247.0,2023-11-25,Pune,4,No,No
EMP05955,Chakradhar Mukherjee,Male,54,HR,Team Lead,M.Tech,11,32347.0,2023-05-10,Chennai,3,Yes,No
EMP05956,Lucky Venkataraman,Female,44,Finance,Manager,B.Tech,7,68926.0,2021-04-18,Hyderabad,4,No,No
EMP05957,Bakhshi Sundaram,Male,53,IT,Senior Analyst,BCA,5,79237.0,2025-01-12,Bangalore,5,Yes,No
EMP05958,Alka Anand,Female,26,Marketing,Analyst,B.Tech,18,39548.0,2021-12-28,Chennai,1,Yes,No
EMP05959,Finn Narula,Female,58,Sales,Manager,BCA,20,98280.0,2020-05-15,Pune,4,Yes,Yes
EMP05960,Saanvi Bandi,Female,58,HR,Manager,MBA,6,32307.0,2019-12-14,Mumbai,5,No,No
EMP05961,Yashawini Parekh,Female,39,Sales,Team Lead,M.Tech,6,64223.0,2023-08-12,Hyderabad,5,No,No
EMP05962,Balvan Koshy,Female,35,Sales,Senior Analyst,B.Tech,12,56975.0,2019-08-31,Bangalore,1,Yes,No
EMP05963,Aditya Kannan,Female,31,IT,Senior Analyst,MCA,8,109809.0,2016-08-18,Hyderabad,3,Yes,Yes
EMP05964,Qarin Tripathi,Male,59,IT,Team Lead,BCA,3,66481.0,2023-03-23,Bangalore,1,Yes,No
EMP05965,Jonathan Choudhry,Female,54,HR,Analyst,M.Tech,18,52541.0,2023-12-01,Chennai,3,Yes,No
EMP05966,Zansi Borra,Female,37,Sales,Manager,BCA,12,75605.0,2022-02-03,Chennai,1,No,No
EMP05967,Vaishnavi Khare,Female,45,HR,Analyst,MCA,20,73228.0,2022-06-02,Hyderabad,3,Yes,No
EMP05968,Yadavi Nagarajan,Male,30,Sales,Senior Analyst,M.Tech,11,64438.0,2017-09-23,Pune,4,No,No
EMP05969,Dominic Kar,Female,58,Finance,Analyst,M.Tech,1,52391.0,2019-04-25,Bangalore,2,No,No
EMP05970,William Bhagat,Male,45,IT,Analyst,MCA,19,79679.0,2019-04-02,Bangalore,5,No,No
EMP05971,Ria Chhabra,Female,43,Marketing,Manager,BCA,9,38717.0,2019-11-16,Mumbai,3,No,Yes
EMP05972,Jeremiah Acharya,Female,46,Marketing,Manager,MBA,11,52749.0,2022-10-08,Pune,3,No,No
EMP05973,Rachit Hayer,Male,27,IT,Team Lead,B.Tech,5,82232.0,2022-03-06,Hyderabad,5,Yes,No
EMP05974,Zayan Parsa,Female,49,Sales,Senior Analyst,M.Tech,0,41732.0,2020-02-29,Pune,2,Yes,No
EMP05975,Rishi Bakshi,Male,33,IT,Analyst,M.Tech,4,147708.0,2024-10-16,Pune,2,No,No
EMP05976,Om Ranganathan,Male,41,HR,Analyst,M.Tech,5,31602.0,2021-07-06,Mumbai,3,No,No
EMP05977,Pranit Dora,Male,37,Finance,Manager,B.Tech,16,107211.0,2025-02-12,Hyderabad,1,No,No
EMP05978,Chatresh Dhar,Male,46,HR,Analyst,M.Tech,10,62310.0,2017-05-10,Chennai,4,No,Yes
EMP05979,Balveer Maharaj,Female,35,Marketing,Team Lead,B.Tech,15,68686.0,2022-07-22,Pune,5,No,No
EMP05980,Jai Nagarajan,Female,29,HR,Team Lead,MCA,10,51208.0,2017-07-22,Bangalore,3,Yes,No
EMP05981,Girik Aggarwal,Female,30,Finance,Team Lead,B.Tech,1,82870.0,2021-10-11,Bangalore,5,No,No
EMP05982,Advaith Dube,Female,29,Marketing,Team Lead,MCA,12,82881.0,2022-11-26,Hyderabad,3,Yes,Yes
EMP05983,Naveen Venkataraman,Female,43,Marketing,Manager,M.Tech,12,72944.0,2021-10-06,Bangalore,1,No,No
EMP05984,Sai Trivedi,Female,34,Sales,Team Lead,M.Tech,0,99360.0,2019-03-28,Pune,3,No,No
EMP05985,Benjamin Din,Male,60,Sales,Manager,MCA,0,72024.0,2021-07-05,Hyderabad,4,Yes,No
EMP05986,Atharv Sur,Male,60,Sales,Team Lead,MBA,15,83858.0,2021-02-15,Mumbai,2,No,No
EMP05987,Yashica Chhabra,Male,39,IT,Team Lead,BCA,11,62814.0,2020-03-02,Hyderabad,4,No,No
EMP05988,Pranav Nagar,Male,39,Sales,Senior Analyst,M.Tech,8,94274.0,2024-05-02,Pune,1,Yes,No
EMP05989,Warda Bumb,Male,41,HR,Analyst,B.Tech,13,67737.0,2022-09-29,Bangalore,1,Yes,No
EMP05990,Yashoda Mandal,Male,40,Sales,Manager,BCA,11,69070.0,2022-03-31,Chennai,3,Yes,No
EMP05991,Amol Ghosh,Female,48,Sales,Manager,B.Tech,20,57912.0,2023-11-30,Pune,5,Yes,Yes
EMP05992,Lipika Chana,Female,53,Finance,Manager,B.Tech,12,52059.0,2021-12-10,Mumbai,1,No,No
EMP05993,Lucky Cheema,Male,36,Sales,Senior Analyst,BCA,10,68767.0,2019-07-28,Mumbai,2,Yes,Yes
EMP05994,Maanas Subramanian,Male,29,HR,Analyst,B.Tech,2,77082.0,2023-03-31,Mumbai,4,No,Yes
EMP05995,Ishita Baria,Female,53,HR,Analyst,M.Tech,17,31710.0,2023-02-12,Chennai,5,No,No
EMP05996,Abdul Sami,Female,34,IT,Senior Analyst,BCA,13,100537.0,2020-08-01,Chennai,3,Yes,No
EMP05997,Charles Chana,Male,33,Marketing,Manager,B.Tech,17,49011.0,2025-12-24,Pune,5,Yes,No
EMP05998,Vedika Kade,Male,60,IT,Senior Analyst,MCA,8,57138.0,2017-01-07,Chennai,5,No,No
EMP05999,Tripti Seth,Male,59,Finance,Team Lead,B.Tech,7,112535.0,2026-02-19,Chennai,2,No,No
EMP06000,Ayush Kannan,Female,36,Marketing,Team Lead,M.Tech,0,40922.0,2020-10-30,Pune,5,No,No
EMP06001,Vrinda Mital,Male,24,HR,Senior Analyst,BCA,0,32311.0,2026-05-19,Bangalore,5,Yes,No
EMP06002,Janaki Kurian,Male,53,Finance,Senior Analyst,M.Tech,17,97251.0,2023-04-26,Pune,3,No,Yes
EMP06003,Anya Kamdar,Male,51,Sales,Manager,BCA,11,36464.0,2025-12-12,Pune,2,No,No
EMP06004,Jackson Ahuja,Female,53,Finance,Manager,BCA,4,83777.0,2019-10-17,Pune,1,Yes,No
EMP06005,Pushti Dutta,Male,47,IT,Team Lead,M.Tech,16,55278.0,2023-08-17,Bangalore,2,No,Yes
EMP06006,Luke Banerjee,Female,47,Marketing,Team Lead,B.Tech,15,51951.0,2024-11-01,Pune,2,No,No
EMP06007,Finn Sidhu,Male,22,Sales,Team Lead,B.Tech,6,41826.0,2021-01-04,Chennai,2,No,No
EMP06008,Tanmayi Samra,Male,53,Finance,Senior Analyst,MCA,11,95449.0,2021-05-09,Hyderabad,3,Yes,No
EMP06009,Mahika Rau,Male,23,Marketing,Senior Analyst,MCA,1,36652.0,2018-08-16,Hyderabad,1,Yes,No
EMP06010,Zayyan Kapadia,Male,46,HR,Manager,B.Tech,14,60289.0,2017-10-29,Pune,5,No,No
EMP06011,Nihal Murthy,Male,28,Finance,Senior Analyst,M.Tech,17,106911.0,2021-08-11,Pune,5,No,No
EMP06012,Kamala Sarin,Male,53,HR,Team Lead,B.Tech,2,61723.0,2017-09-29,Bangalore,5,No,No
EMP06013,Devika Kari,Male,34,IT,Manager,MBA,9,111977.0,2018-05-15,Bangalore,4,Yes,No
EMP06014,Luke Cheema,Male,31,Finance,Manager,B.Tech,16,83613.0,2021-04-03,Mumbai,2,No,No
EMP06015,Meghana Mammen,Female,22,Marketing,Manager,B.Tech,9,40675.0,2025-03-30,Hyderabad,2,Yes,No
EMP06016,Vamakshi Butala,Male,39,Marketing,Senior Analyst,M.Tech,16,66234.0,2019-10-03,Mumbai,3,Yes,Yes
EMP06017,Bimala Chaudhuri,Male,39,Finance,Team Lead,MCA,1,83295.0,2022-12-31,Chennai,2,No,No
EMP06018,Mugdha Som,Female,43,Finance,Analyst,B.Tech,8,108039.0,2020-11-28,Bangalore,1,Yes,No
EMP06019,Rachita Bora,Male,55,IT,Analyst,MCA,11,66660.0,2023-01-13,Mumbai,3,Yes,No
EMP06020,Nikita Bhasin,Female,46,HR,Analyst,M.Tech,6,57894.0,2018-03-18,Mumbai,2,Yes,No
EMP06021,Rachana Bajwa,Male,59,HR,Team Lead,B.Tech,7,54342.0,2021-02-21,Hyderabad,3,No,No
EMP06022,Zayan Virk,Male,27,Marketing,Manager,MBA,9,58697.0,2022-07-28,Mumbai,1,Yes,No
EMP06023,Nilima Dubey,Female,52,IT,Analyst,MBA,20,78127.0,2018-12-23,Hyderabad,1,Yes,No
EMP06024,Yutika Maharaj,Male,50,Sales,Team Lead,MBA,2,66359.0,2017-10-03,Pune,3,No,Yes
EMP06025,Aishani Keer,Female,36,Sales,Senior Analyst,BCA,20,46050.0,2025-05-25,Bangalore,4,No,No
EMP06026,Tanmayi Sarma,Female,55,Sales,Analyst,MCA,16,89710.0,2024-08-04,Mumbai,1,No,No
EMP06027,Gaurangi Naidu,Male,50,Finance,Senior Analyst,M.Tech,11,89009.0,2026-05-18,Chennai,3,Yes,No
EMP06028,Nimrat Narula,Male,52,IT,Analyst,MCA,6,106907.0,2026-04-15,Chennai,2,Yes,Yes
EMP06029,Anmol Das,Female,34,HR,Analyst,M.Tech,19,75280.0,2026-02-25,Chennai,3,Yes,No
EMP06030,Vamakshi Patil,Male,57,Finance,Analyst,MCA,9,83088.0,2017-12-28,Pune,1,Yes,No
EMP06031,Shravya Gola,Male,60,Marketing,Team Lead,B.Tech,10,82601.0,2020-06-19,Bangalore,4,No,No
EMP06032,Omya Bora,Female,59,IT,Manager,MCA,19,127489.0,2023-12-31,Mumbai,1,Yes,Yes
EMP06033,Fitan Majumdar,Male,55,IT,Manager,M.Tech,3,122874.0,2025-11-20,Bangalore,3,No,No
EMP06034,Gautam Palla,Female,26,Sales,Manager,MCA,18,45779.0,2023-02-25,Chennai,4,Yes,No
EMP06035,Falguni Raghavan,Female,29,Marketing,Manager,M.Tech,16,63191.0,2025-12-02,Hyderabad,1,Yes,No
EMP06036,Pooja Deep,Female,51,Marketing,Team Lead,BCA,11,44565.0,2016-08-16,Bangalore,3,No,No
EMP06037,Garima Bose,Female,27,IT,Analyst,M.Tech,11,52375.0,2025-02-08,Mumbai,1,Yes,No
EMP06038,Vamakshi Anand,Female,54,Finance,Analyst,M.Tech,15,115135.0,2024-01-03,Pune,1,No,No
EMP06039,Eshana Kalla,Female,28,Marketing,Manager,M.Tech,12,61956.0,2025-03-27,Pune,3,Yes,No
EMP06040,Yadavi Mitra,Male,40,HR,Senior Analyst,MBA,6,36151.0,2025-04-17,Mumbai,2,No,No
EMP06041,Riya Mannan,Male,44,Marketing,Manager,BCA,19,57550.0,2016-12-08,Bangalore,1,No,No
EMP06042,Pranit Randhawa,Male,32,Marketing,Team Lead,BCA,9,57783.0,2018-04-02,Hyderabad,2,No,Yes
EMP06043,Gayathri Kashyap,Male,34,Marketing,Analyst,MCA,19,79361.0,2021-11-21,Chennai,4,Yes,No
EMP06044,Anjali Sundaram,Male,49,Sales,Senior Analyst,M.Tech,0,81921.0,2020-10-29,Hyderabad,2,No,No
EMP06045,Dayamai Krish,Male,29,Marketing,Analyst,M.Tech,11,48306.0,2021-11-06,Mumbai,3,Yes,No
EMP06046,Rehaan Doctor,Male,24,HR,Manager,MBA,14,38481.0,2021-04-14,Chennai,3,No,No
EMP06047,Raagini Kumar,Female,35,Marketing,Analyst,B.Tech,20,35976.0,2017-11-20,Chennai,3,Yes,No
EMP06048,Samesh Dayal,Male,54,Finance,Senior Analyst,BCA,8,94085.0,2018-01-30,Chennai,5,Yes,No
EMP06049,Panini Murthy,Female,25,Marketing,Team Lead,M.Tech,8,68837.0,2019-11-17,Chennai,4,Yes,No
EMP06050,Gaurangi Rama,Male,59,Marketing,Analyst,MBA,9,43888.0,2019-03-28,Hyderabad,4,Yes,No
EMP06051,Radhika Kaul,Male,22,IT,Senior Analyst,M.Tech,8,148976.0,2021-08-30,Mumbai,5,Yes,No
EMP06052,Advika Mander,Female,22,HR,Manager,MBA,18,59012.0,2019-08-21,Bangalore,1,No,No
EMP06053,Anirudh Sandhu,Female,40,HR,Senior Analyst,BCA,9,74965.0,2018-09-06,Bangalore,2,Yes,No
EMP06054,Kavya Karnik,Female,52,HR,Team Lead,BCA,3,31418.0,2017-06-16,Bangalore,5,Yes,No
EMP06055,Bhavini Bobal,Male,28,Sales,Analyst,M.Tech,8,49268.0,2018-01-21,Bangalore,2,No,No
EMP06056,Kai Jain,Male,24,HR,Team Lead,MCA,0,59945.0,2019-01-09,Pune,1,Yes,No
EMP06057,Anamika Andra,Female,55,Finance,Team Lead,M.Tech,20,91940.0,2023-10-20,Bangalore,5,No,No
EMP06058,Oscar Minhas,Female,38,Sales,Senior Analyst,B.Tech,16,69172.0,2017-06-28,Hyderabad,2,No,No
EMP06059,Bhavya Nath,Female,39,Sales,Manager,BCA,5,73869.0,2025-12-19,Chennai,3,Yes,Yes
EMP06060,Azaan Kumar,Female,25,Finance,Manager,MBA,11,116333.0,2019-01-01,Bangalore,2,No,No
EMP06061,Wridesh Chaudhari,Male,28,Sales,Senior Analyst,MCA,0,40932.0,2019-02-20,Bangalore,5,Yes,Yes
EMP06062,Anya Mander,Male,28,IT,Analyst,M.Tech,13,56917.0,2019-08-16,Chennai,5,Yes,No
EMP06063,Balhaar Kata,Female,52,Finance,Senior Analyst,BCA,5,57105.0,2022-04-21,Hyderabad,1,No,No
EMP06064,Krish Narain,Male,59,HR,Senior Analyst,MCA,2,50447.0,2019-02-25,Pune,2,Yes,Yes
EMP06065,Aditya Swamy,Female,22,Marketing,Team Lead,MBA,11,83958.0,2019-03-13,Mumbai,4,No,No
EMP06066,Edhitha Kapoor,Female,33,HR,Team Lead,MBA,18,55809.0,2019-08-14,Hyderabad,4,Yes,No
EMP06067,Thomas Jayaraman,Male,49,IT,Analyst,MCA,16,122824.0,2021-10-07,Pune,4,Yes,No
EMP06068,Vihaan Kala,Female,44,IT,Manager,BCA,6,108053.0,2020-10-27,Mumbai,5,Yes,No
EMP06069,Daksha Amble,Male,26,Finance,Team Lead,B.Tech,15,71209.0,2020-09-12,Bangalore,1,No,No
EMP06070,Suhani Dhillon,Male,36,IT,Manager,MBA,14,135998.0,2018-09-15,Pune,5,Yes,No
EMP06071,Bhavani Rai,Male,58,Marketing,Team Lead,B.Tech,0,67415.0,2016-12-17,Chennai,1,Yes,Yes
EMP06072,Abhimanyu Tandon,Female,41,Sales,Senior Analyst,B.Tech,4,69012.0,2022-04-13,Hyderabad,3,No,No
EMP06073,Yahvi Upadhyay,Male,23,IT,Team Lead,M.Tech,13,144936.0,2023-03-25,Mumbai,3,Yes,No
EMP06074,Yamini Keer,Female,45,Sales,Manager,MCA,3,64877.0,2018-09-20,Chennai,4,Yes,No
EMP06075,Kamya Mann,Male,27,Marketing,Senior Analyst,BCA,15,40210.0,2022-06-12,Chennai,2,Yes,No
EMP06076,Oni Kannan,Female,39,Sales,Manager,MCA,15,76752.0,2025-09-03,Chennai,4,No,No
EMP06077,Onveer Salvi,Female,46,Finance,Manager,MBA,8,94635.0,2016-12-10,Pune,5,Yes,No
EMP06078,Girindra Taneja,Female,59,HR,Team Lead,BCA,9,76046.0,2021-06-28,Hyderabad,2,No,No
EMP06079,Ekaja Suresh,Female,44,HR,Senior Analyst,B.Tech,5,37248.0,2018-09-18,Pune,3,Yes,No
EMP06080,Azad Mistry,Male,40,IT,Senior Analyst,MCA,9,102311.0,2023-08-19,Mumbai,1,Yes,Yes
EMP06081,Anirudh Krishnamurthy,Male,49,Sales,Team Lead,BCA,16,43138.0,2023-09-22,Pune,4,Yes,No
EMP06082,Tristan Ganesh,Male,52,Sales,Manager,MCA,19,41220.0,2022-10-24,Hyderabad,5,No,No
EMP06083,Victor Joshi,Male,38,Marketing,Analyst,BCA,1,37383.0,2021-09-02,Mumbai,1,No,No
EMP06084,Gaurang Mani,Male,42,Sales,Team Lead,MCA,1,73503.0,2021-09-02,Bangalore,2,No,Yes
EMP06085,Ekani Shah,Female,33,Sales,Senior Analyst,BCA,1,46487.0,2020-08-21,Mumbai,3,No,No
EMP06086,Riya Puri,Male,45,IT,Team Lead,M.Tech,6,63058.0,2025-07-07,Pune,5,No,No
EMP06087,Owen Kota,Female,29,Marketing,Manager,MBA,5,52563.0,2023-03-25,Pune,3,Yes,Yes
EMP06088,Saksham Oza,Male,52,Finance,Analyst,B.Tech,1,60477.0,2021-01-05,Hyderabad,5,Yes,No
EMP06089,Bhavna Nanda,Male,47,HR,Analyst,MCA,4,75473.0,2019-09-20,Pune,5,Yes,No
EMP06090,Sarthak Buch,Female,43,Finance,Analyst,MCA,18,65455.0,2017-05-18,Mumbai,1,Yes,No
EMP06091,Benjamin Koshy,Male,46,IT,Analyst,BCA,9,103532.0,2020-10-26,Chennai,2,No,No
EMP06092,Shivansh Thaman,Female,44,IT,Analyst,B.Tech,5,66005.0,2021-12-06,Pune,3,No,No
EMP06093,Vivaan Thaker,Male,31,Finance,Analyst,B.Tech,7,56535.0,2025-11-11,Bangalore,2,No,No
EMP06094,Janani Reddy,Female,46,HR,Senior Analyst,M.Tech,8,76427.0,2019-02-06,Bangalore,2,No,No
EMP06095,Harrison Ramakrishnan,Female,38,HR,Analyst,MBA,2,51929.0,2023-09-24,Bangalore,1,No,No
EMP06096,Ranbir Deol,Female,60,Finance,Team Lead,MCA,3,62186.0,2026-07-09,Chennai,3,Yes,Yes
EMP06097,Eesha Kant,Male,52,Marketing,Team Lead,M.Tech,6,62896.0,2023-08-29,Bangalore,2,Yes,No
EMP06098,Arin Cherian,Male,49,Sales,Team Lead,BCA,7,57671.0,2021-12-04,Chennai,3,Yes,No
EMP06099,Yatan Mandal,Female,46,Marketing,Team Lead,M.Tech,0,79147.0,2018-07-22,Hyderabad,3,No,Yes
EMP06100,Yashodhara Agate,Female,27,Sales,Senior Analyst,B.Tech,16,61294.0,2018-03-20,Pune,5,No,No
EMP06101,Sanya Narayan,Male,24,Marketing,Analyst,MBA,0,57155.0,2018-06-04,Hyderabad,5,No,Yes
EMP06102,Meghana Goda,Male,46,Marketing,Manager,MBA,10,60320.0,2022-02-20,Chennai,2,Yes,No
EMP06103,Dipta Mallick,Male,55,HR,Manager,B.Tech,19,78522.0,2026-02-28,Hyderabad,5,No,No
EMP06104,Gabriel Raj,Male,33,Sales,Analyst,MCA,9,94144.0,2021-11-20,Hyderabad,3,Yes,Yes
EMP06105,Timothy Sarraf,Female,32,Marketing,Senior Analyst,M.Tech,7,72357.0,2019-09-02,Mumbai,1,No,No
EMP06106,Noah Mohan,Male,33,Finance,Manager,MCA,11,95061.0,2019-02-13,Pune,4,No,Yes
EMP06107,Manya Sane,Male,37,IT,Team Lead,MBA,12,86776.0,2020-04-23,Mumbai,2,Yes,No
EMP06108,Vedika Comar,Female,24,Sales,Manager,M.Tech,9,47129.0,2017-04-09,Mumbai,3,Yes,No
EMP06109,Dakshesh Ghose,Female,23,Marketing,Manager,B.Tech,7,73701.0,2020-11-20,Chennai,2,Yes,No
EMP06110,Ishanvi Dhingra,Female,52,HR,Manager,MCA,19,37185.0,2017-12-08,Pune,3,No,No
EMP06111,Jeet Kale,Female,54,Finance,Manager,MCA,0,70179.0,2025-05-26,Mumbai,2,No,No
EMP06112,Wriddhish Prakash,Male,33,Marketing,Manager,MCA,19,55353.0,2023-06-24,Pune,3,Yes,No
EMP06113,Madhav Cheema,Female,60,Finance,Analyst,BCA,15,61375.0,2020-09-05,Mumbai,5,No,No
EMP06114,Yahvi Nori,Female,52,IT,Senior Analyst,M.Tech,7,102332.0,2018-05-09,Bangalore,1,No,No
EMP06115,Ekbal Narasimhan,Female,22,Sales,Senior Analyst,B.Tech,1,45237.0,2016-09-22,Bangalore,5,No,No
EMP06116,Gaurav Barad,Male,55,IT,Team Lead,MCA,15,135092.0,2019-03-30,Hyderabad,4,Yes,No
EMP06117,Gavin Rajagopalan,Male,33,Marketing,Team Lead,BCA,0,52342.0,2019-10-17,Hyderabad,1,No,No
EMP06118,Peter Andra,Female,49,Sales,Senior Analyst,MBA,20,70411.0,2018-05-25,Pune,1,Yes,No
EMP06119,Qasim Kuruvilla,Male,34,Finance,Manager,BCA,0,84722.0,2017-11-04,Hyderabad,3,Yes,No
EMP06120,Yashasvi Pradhan,Male,22,Finance,Senior Analyst,MCA,16,69275.0,2023-01-04,Mumbai,1,Yes,No
EMP06121,Oviya Palla,Female,27,Marketing,Manager,B.Tech,20,78153.0,2021-01-06,Pune,3,Yes,No
EMP06122,Daniel Singhal,Female,33,Sales,Senior Analyst,MCA,1,77975.0,2018-02-19,Mumbai,1,No,No
EMP06123,Manthan Deo,Female,52,Sales,Analyst,B.Tech,5,52216.0,2025-11-14,Pune,5,No,No
EMP06124,Laban Sachar,Female,30,Sales,Senior Analyst,BCA,17,71899.0,2024-04-28,Pune,3,No,No
EMP06125,Pratyush Anne,Female,50,HR,Senior Analyst,B.Tech,18,37250.0,2017-03-05,Pune,2,No,No
EMP06126,Zayan Kota,Male,35,IT,Analyst,BCA,20,106158.0,2024-01-11,Bangalore,4,Yes,No
EMP06127,Ijaya Upadhyay,Female,49,Marketing,Senior Analyst,B.Tech,11,58334.0,2019-03-05,Mumbai,3,Yes,No
EMP06128,Kevin Jhaveri,Female,49,Finance,Manager,MCA,13,61549.0,2023-07-29,Mumbai,4,Yes,Yes
EMP06129,Faqid Nagar,Male,35,Finance,Manager,MBA,9,109406.0,2019-06-14,Hyderabad,5,No,Yes
EMP06130,Zaitra Sengupta,Female,29,IT,Manager,MCA,4,100591.0,2021-10-13,Mumbai,3,Yes,No
EMP06131,Bachittar Vora,Female,43,Sales,Team Lead,B.Tech,7,38749.0,2026-04-20,Hyderabad,5,No,No
EMP06132,Yuvraj Baral,Female,48,Finance,Analyst,BCA,3,103473.0,2026-04-16,Hyderabad,3,Yes,No
EMP06133,Yashica Khosla,Male,55,IT,Manager,BCA,11,123515.0,2023-11-27,Hyderabad,3,Yes,No
EMP06134,Yahvi Kalla,Female,38,Finance,Team Lead,BCA,2,80289.0,2023-01-29,Bangalore,5,No,No
EMP06135,Gaurika Kadakia,Female,25,IT,Manager,BCA,13,85042.0,2023-04-02,Hyderabad,3,Yes,No
EMP06136,Tripti Raju,Female,43,Sales,Senior Analyst,MCA,13,43943.0,2018-04-13,Bangalore,2,No,Yes
EMP06137,Kashvi Sengupta,Male,29,Marketing,Senior Analyst,BCA,5,38527.0,2023-01-06,Mumbai,2,No,No
EMP06138,Balendra Sengupta,Female,29,HR,Team Lead,B.Tech,3,34886.0,2021-03-07,Hyderabad,2,No,No
EMP06139,Logan Pai,Female,26,Sales,Senior Analyst,MBA,1,85394.0,2017-01-19,Chennai,4,No,Yes
EMP06140,Chaman Sawhney,Male,49,IT,Analyst,MCA,17,58065.0,2016-08-29,Bangalore,4,No,No
EMP06141,Nidhi Chaudry,Male,33,IT,Team Lead,BCA,11,62516.0,2022-09-28,Bangalore,3,No,Yes
EMP06142,Nandini Sidhu,Male,55,IT,Senior Analyst,MCA,14,131303.0,2024-03-18,Hyderabad,1,No,Yes
EMP06143,Arjun Hayre,Female,44,HR,Senior Analyst,B.Tech,4,49056.0,2025-11-29,Pune,1,Yes,No
EMP06144,Kashvi Singhal,Male,30,HR,Manager,M.Tech,8,35172.0,2026-04-25,Mumbai,2,No,No
EMP06145,Maanav Jain,Male,52,Sales,Senior Analyst,M.Tech,17,58723.0,2017-02-26,Hyderabad,5,No,No
EMP06146,Wishi Mann,Female,39,Marketing,Team Lead,MBA,17,56224.0,2024-07-20,Mumbai,3,No,No
EMP06147,Jeremiah Mittal,Female,53,IT,Manager,MCA,19,78209.0,2018-10-07,Mumbai,1,Yes,No
EMP06148,Ojas Salvi,Female,60,HR,Team Lead,M.Tech,19,78981.0,2025-11-15,Hyderabad,1,No,No
EMP06149,Zayan Bahri,Female,38,Marketing,Analyst,B.Tech,9,56553.0,2024-06-15,Hyderabad,1,No,No
EMP06150,Faras Kothari,Female,24,Finance,Senior Analyst,M.Tech,3,85577.0,2023-04-11,Chennai,1,Yes,No
EMP06151,Ishaan Shenoy,Male,24,IT,Analyst,M.Tech,16,82758.0,2024-10-20,Mumbai,5,Yes,No
EMP06152,Gaurav Krish,Male,24,HR,Team Lead,MBA,15,64605.0,2026-04-28,Bangalore,5,No,Yes
EMP06153,Frado Agrawal,Male,30,Sales,Team Lead,MBA,8,63458.0,2021-04-18,Chennai,2,Yes,No
EMP06154,Anjali Morar,Male,27,IT,Analyst,M.Tech,18,139167.0,2020-12-28,Pune,3,Yes,No
EMP06155,Chandani Halder,Male,26,Finance,Manager,MCA,11,113857.0,2019-05-22,Pune,1,No,No
EMP06156,Ekavir Boase,Male,56,Finance,Manager,MBA,5,46435.0,2022-07-07,Pune,1,No,No
EMP06157,Shaurya Kota,Male,54,HR,Team Lead,MCA,14,59183.0,2025-07-01,Chennai,5,Yes,No
EMP06158,Aradhana Sen,Female,56,IT,Analyst,BCA,8,123884.0,2025-07-16,Chennai,2,Yes,No
EMP06159,Rachit Banerjee,Male,37,Finance,Manager,MBA,13,54455.0,2023-09-19,Chennai,2,Yes,No
EMP06160,Dhriti Rajagopal,Female,34,IT,Manager,MCA,0,72282.0,2019-01-26,Mumbai,2,Yes,No
EMP06161,Bhavya Chandra,Female,26,Sales,Team Lead,M.Tech,17,71115.0,2018-06-10,Pune,1,Yes,Yes
EMP06162,Ridhi Swaminathan,Female,30,Finance,Senior Analyst,M.Tech,8,101568.0,2023-05-28,Chennai,5,Yes,No
EMP06163,Dakshesh Walia,Male,50,IT,Manager,BCA,16,116174.0,2019-12-28,Pune,5,No,No
EMP06164,Yadavi Dutta,Male,38,Sales,Senior Analyst,MCA,17,90706.0,2018-12-23,Hyderabad,4,No,No
EMP06165,Kevin Dua,Male,30,Finance,Team Lead,MCA,18,98277.0,2021-05-26,Mumbai,4,No,No
EMP06166,Veda Balakrishnan,Female,35,IT,Manager,B.Tech,15,50993.0,2019-09-01,Hyderabad,5,Yes,No
EMP06167,Isaac Kanda,Male,47,Sales,Manager,B.Tech,14,45305.0,2016-08-31,Mumbai,4,No,No
EMP06168,Ekanta Madan,Female,36,Marketing,Team Lead,B.Tech,20,85352.0,2023-03-26,Mumbai,5,Yes,No
EMP06169,Forum Gopal,Female,40,Sales,Manager,BCA,5,82037.0,2021-12-13,Chennai,5,No,No
EMP06170,Yashodhara Nair,Male,31,Marketing,Analyst,M.Tech,19,74875.0,2016-12-25,Bangalore,2,Yes,No
EMP06171,Laksh Mallick,Female,60,IT,Team Lead,B.Tech,8,88973.0,2024-10-10,Pune,5,No,No
EMP06172,Dayita Bassi,Female,41,Finance,Manager,B.Tech,8,90882.0,2020-10-30,Pune,1,No,No
EMP06173,Saksham Char,Male,49,Sales,Manager,MCA,3,83048.0,2018-02-04,Bangalore,4,Yes,No
EMP06174,Benjamin Edwin,Male,38,IT,Manager,MCA,1,78934.0,2018-10-27,Hyderabad,1,Yes,No
EMP06175,Sarthak Ganesh,Female,54,IT,Analyst,M.Tech,13,138216.0,2018-01-20,Pune,4,Yes,No
EMP06176,Sarthak Balan,Female,25,HR,Analyst,MBA,17,73689.0,2018-06-17,Hyderabad,3,Yes,No
EMP06177,Samar Sachar,Female,51,IT,Senior Analyst,B.Tech,15,93188.0,2024-12-15,Chennai,5,No,No
EMP06178,Ati Subramaniam,Female,55,Finance,Manager,BCA,14,74582.0,2021-05-28,Bangalore,3,Yes,No
EMP06179,Hamsini Atwal,Female,39,IT,Analyst,MCA,16,98705.0,2017-03-30,Chennai,3,Yes,No
EMP06180,Michael Ram,Male,50,Finance,Analyst,M.Tech,15,67089.0,2016-08-28,Pune,2,No,No
EMP06181,Sathvik Sami,Female,25,IT,Manager,M.Tech,15,66067.0,2023-12-11,Hyderabad,4,Yes,No
EMP06182,Xalak Krishnan,Female,38,IT,Manager,BCA,2,107282.0,2023-09-02,Hyderabad,2,Yes,No
EMP06183,Orinder Dua,Female,35,Sales,Team Lead,M.Tech,17,42006.0,2026-04-01,Bangalore,2,Yes,No
EMP06184,Rehaan Sundaram,Male,46,IT,Senior Analyst,MCA,9,139162.0,2019-09-11,Chennai,5,Yes,No
EMP06185,Yasti Srinivas,Male,56,Sales,Manager,MBA,7,61400.0,2017-08-31,Hyderabad,3,Yes,Yes
EMP06186,Bhanumati Khalsa,Male,24,Sales,Manager,BCA,13,79539.0,2023-04-07,Mumbai,3,Yes,Yes
EMP06187,Harrison Nagarajan,Male,58,Finance,Manager,MCA,2,114363.0,2019-06-10,Hyderabad,4,No,No
EMP06188,Nachiket Natt,Male,57,IT,Analyst,M.Tech,9,96743.0,2016-12-22,Chennai,5,No,Yes
EMP06189,Harita Mohan,Male,46,IT,Analyst,B.Tech,7,110802.0,2026-06-23,Pune,1,No,No
EMP06190,Harshil Grewal,Male,30,HR,Team Lead,BCA,12,36390.0,2025-10-29,Pune,2,Yes,No
EMP06191,Vaishnavi Sha,Male,35,HR,Manager,B.Tech,2,72759.0,2021-06-14,Bangalore,1,No,No
EMP06192,Faras Nadig,Female,60,IT,Team Lead,MBA,7,135181.0,2023-07-20,Hyderabad,4,No,No
EMP06193,Amrita Bali,Male,57,Sales,Team Lead,MCA,13,68900.0,2019-12-06,Hyderabad,1,No,No
EMP06194,Jeremiah Morar,Male,34,HR,Manager,MBA,10,69913.0,2017-11-27,Pune,5,No,No
EMP06195,Udyati Mital,Female,42,IT,Team Lead,B.Tech,6,81016.0,2024-12-13,Hyderabad,3,No,No
EMP06196,Chavvi Gill,Male,54,Sales,Team Lead,BCA,19,63505.0,2023-06-14,Pune,1,Yes,No
EMP06197,Tara Bhakta,Female,55,Finance,Manager,BCA,6,64385.0,2019-01-31,Hyderabad,2,Yes,No
EMP06198,Ekaja Rattan,Male,28,HR,Analyst,BCA,0,52792.0,2026-05-02,Hyderabad,4,Yes,No
EMP06199,Mohammed Narayan,Male,54,HR,Senior Analyst,BCA,13,60760.0,2025-02-01,Hyderabad,3,Yes,No
EMP06200,Nirja Sanghvi,Male,58,HR,Senior Analyst,BCA,2,37680.0,2024-04-14,Mumbai,4,Yes,Yes
EMP06201,Arin Chandran,Male,34,HR,Analyst,M.Tech,6,33061.0,2019-04-15,Mumbai,4,Yes,No
EMP06202,Upma Luthra,Male,57,HR,Manager,M.Tech,0,79685.0,2024-09-22,Bangalore,5,Yes,No
EMP06203,Janaki Dube,Female,33,Sales,Senior Analyst,MCA,7,56729.0,2024-07-22,Mumbai,5,Yes,No
EMP06204,Qabil Bahri,Female,53,Sales,Manager,M.Tech,17,98768.0,2022-01-11,Bangalore,4,No,No
EMP06205,Kamya Kannan,Female,40,Marketing,Manager,MCA,15,72281.0,2024-08-09,Pune,2,Yes,Yes
EMP06206,Ishaan Murthy,Female,39,Sales,Team Lead,BCA,18,99421.0,2023-08-08,Mumbai,2,No,No
EMP06207,Rajata Reddy,Female,45,IT,Team Lead,B.Tech,4,125603.0,2020-01-10,Hyderabad,3,Yes,Yes
EMP06208,Abhiram Kanda,Male,47,IT,Senior Analyst,M.Tech,9,110769.0,2024-02-10,Bangalore,3,No,No
EMP06209,Viraj Hegde,Male,39,Sales,Analyst,B.Tech,16,79176.0,2020-05-01,Pune,5,No,No
EMP06210,Zayan Hayre,Female,58,Sales,Senior Analyst,B.Tech,8,72514.0,2024-08-22,Chennai,2,Yes,No
EMP06211,Agastya Mittal,Male,26,Sales,Manager,MCA,11,88319.0,2020-10-17,Mumbai,4,No,Yes
EMP06212,Aishani Nagi,Female,45,IT,Team Lead,M.Tech,9,90095.0,2017-06-23,Bangalore,5,No,No
EMP06213,Krisha Chacko,Female,29,Finance,Analyst,MCA,3,51440.0,2026-07-11,Bangalore,2,Yes,No
EMP06214,Yasti Loke,Female,22,HR,Manager,MCA,20,52242.0,2026-03-06,Mumbai,3,No,No
EMP06215,Kritika Das,Female,23,HR,Team Lead,MCA,5,79837.0,2021-02-18,Hyderabad,4,Yes,No
EMP06216,Damyanti Thaker,Female,56,Sales,Manager,BCA,17,97391.0,2025-08-14,Mumbai,1,No,No
EMP06217,Farhan Chawla,Female,47,Sales,Senior Analyst,MBA,10,87623.0,2017-10-02,Hyderabad,4,Yes,No
EMP06218,Pahal Kanda,Male,25,IT,Senior Analyst,MBA,16,126145.0,2016-11-28,Pune,5,Yes,No
EMP06219,Krish Deo,Female,35,Finance,Senior Analyst,MCA,14,81040.0,2018-06-08,Bangalore,5,No,No
EMP06220,Nidhi Radhakrishnan,Male,29,IT,Senior Analyst,B.Tech,10,94297.0,2025-03-22,Hyderabad,3,Yes,No
EMP06221,Chakrika Banerjee,Female,40,IT,Manager,B.Tech,15,145047.0,2023-02-10,Bangalore,5,No,No
EMP06222,Omisha Vaidya,Female,29,HR,Analyst,BCA,8,31326.0,2024-02-28,Pune,5,No,No
EMP06223,Gabriel Ramaswamy,Male,27,HR,Analyst,MBA,12,43603.0,2022-10-30,Mumbai,3,No,No
EMP06224,Nathan Palla,Male,24,Finance,Team Lead,MCA,16,116829.0,2020-07-15,Hyderabad,1,Yes,No
EMP06225,Arin Bhat,Male,52,IT,Senior Analyst,MBA,16,104986.0,2021-07-18,Hyderabad,3,Yes,No
EMP06226,Abhimanyu Khare,Female,50,IT,Team Lead,BCA,16,121528.0,2018-09-28,Mumbai,1,Yes,Yes
EMP06227,Azad Murthy,Male,34,Finance,Analyst,M.Tech,2,91638.0,2022-06-19,Pune,5,Yes,No
EMP06228,Chatresh Andra,Female,36,Marketing,Team Lead,B.Tech,17,85082.0,2022-06-13,Mumbai,3,No,No
EMP06229,Advika Kibe,Female,56,HR,Senior Analyst,MCA,11,59274.0,2020-01-23,Pune,4,Yes,No
EMP06230,Yauvani Bajwa,Female,50,Finance,Senior Analyst,MBA,9,88631.0,2022-10-20,Pune,4,Yes,No
EMP06231,Neel Khosla,Female,26,IT,Senior Analyst,B.Tech,20,128653.0,2021-11-02,Hyderabad,4,No,No
EMP06232,Ayush Chakrabarti,Male,43,Marketing,Team Lead,MCA,3,79806.0,2022-11-08,Hyderabad,2,No,No
EMP06233,Utkarsh Jhaveri,Female,23,HR,Team Lead,BCA,18,74788.0,2021-04-24,Pune,3,No,No
EMP06234,Janya Buch,Male,37,IT,Team Lead,M.Tech,6,101747.0,2023-02-08,Bangalore,4,Yes,No
EMP06235,Fitan Devan,Female,38,HR,Team Lead,BCA,16,59992.0,2017-11-11,Bangalore,3,Yes,No
EMP06236,Mohini Gola,Female,59,IT,Team Lead,MBA,0,139796.0,2022-12-04,Chennai,1,Yes,No
EMP06237,Devansh Dani,Female,50,Marketing,Senior Analyst,M.Tech,12,81957.0,2018-07-27,Mumbai,2,No,No
EMP06238,Yagnesh Prasad,Male,53,Marketing,Analyst,M.Tech,6,60468.0,2021-09-13,Chennai,5,Yes,No
EMP06239,Anthony Jain,Male,37,IT,Analyst,BCA,15,136364.0,2026-05-12,Bangalore,2,No,No
EMP06240,Aayush Loyal,Male,27,HR,Team Lead,B.Tech,8,30357.0,2020-10-10,Chennai,3,No,No
EMP06241,Manbir Buch,Female,34,Finance,Senior Analyst,B.Tech,9,78062.0,2020-01-15,Pune,1,No,No
EMP06242,Lopa Dugar,Female,54,Sales,Analyst,MCA,20,80063.0,2023-02-22,Mumbai,3,No,No
EMP06243,Rehaan Vig,Male,56,Finance,Senior Analyst,B.Tech,9,68721.0,2019-03-06,Pune,2,No,Yes
EMP06244,Fitan Som,Female,34,IT,Analyst,BCA,9,73012.0,2019-03-22,Hyderabad,4,Yes,No
EMP06245,Lila Rajagopalan,Female,24,Sales,Manager,M.Tech,19,50566.0,2025-12-08,Chennai,3,No,No
EMP06246,Qadim Kade,Male,51,HR,Team Lead,BCA,16,75030.0,2019-09-04,Hyderabad,2,Yes,No
EMP06247,Kai Jaggi,Female,58,Finance,Analyst,MCA,4,56255.0,2023-02-01,Chennai,1,Yes,No
EMP06248,Bhanumati Sagar,Male,36,HR,Senior Analyst,BCA,4,47634.0,2019-04-22,Hyderabad,2,No,No
EMP06249,Nandini Majumdar,Female,22,Marketing,Manager,MCA,0,38903.0,2017-04-02,Hyderabad,5,Yes,No
EMP06250,Aishani Ramesh,Female,59,Marketing,Senior Analyst,B.Tech,11,56405.0,2021-04-17,Bangalore,1,Yes,No
EMP06251,Priya Dash,Male,36,HR,Analyst,MBA,9,47522.0,2024-05-28,Bangalore,1,No,No
EMP06252,Elijah Ramaswamy,Male,48,Sales,Team Lead,BCA,15,37174.0,2024-10-02,Chennai,3,Yes,No
EMP06253,Jairaj Kapur,Male,32,Sales,Team Lead,BCA,3,46236.0,2017-04-29,Hyderabad,2,No,No
EMP06254,Daksha Karan,Male,34,IT,Senior Analyst,BCA,2,53343.0,2024-02-25,Hyderabad,5,Yes,No
EMP06255,Ekanta Deo,Male,40,Marketing,Senior Analyst,MBA,10,89876.0,2017-01-24,Hyderabad,3,Yes,No
EMP06256,Nachiket Gade,Male,47,HR,Analyst,BCA,4,36545.0,2018-04-14,Bangalore,5,No,No
EMP06257,Vinaya Dalal,Female,54,HR,Team Lead,B.Tech,4,36018.0,2020-01-21,Mumbai,1,No,Yes
EMP06258,Jeremiah Borah,Female,29,HR,Manager,M.Tech,20,51212.0,2024-09-23,Mumbai,1,No,No
EMP06259,Gayathri Kapur,Male,28,Finance,Team Lead,MCA,7,47824.0,2025-02-07,Hyderabad,1,No,No
EMP06260,Akshay Mandal,Male,22,Finance,Team Lead,M.Tech,1,55270.0,2018-05-24,Mumbai,2,Yes,No
EMP06261,Amol Andra,Male,23,Finance,Analyst,M.Tech,8,90604.0,2023-07-26,Mumbai,2,Yes,No
EMP06262,Isaiah Grover,Male,58,Finance,Senior Analyst,M.Tech,6,101806.0,2018-07-23,Chennai,2,No,No
EMP06263,Gauri Pant,Female,46,HR,Team Lead,MBA,1,78711.0,2025-10-28,Chennai,5,Yes,No
EMP06264,Kai Handa,Male,51,Finance,Team Lead,MCA,14,54402.0,2019-10-14,Bangalore,1,Yes,No
EMP06265,Ronith Vohra,Female,34,IT,Senior Analyst,B.Tech,11,125566.0,2017-02-17,Pune,5,No,No
EMP06266,Zashil Desai,Female,57,IT,Manager,M.Tech,14,137509.0,2016-08-28,Mumbai,4,No,No
EMP06267,Gaurav Dada,Male,30,IT,Senior Analyst,M.Tech,18,73977.0,2025-01-17,Pune,3,Yes,No
EMP06268,Charvi Bhattacharyya,Male,49,Sales,Manager,M.Tech,0,48549.0,2017-09-20,Pune,3,Yes,No
EMP06269,Isha Choudhary,Male,32,IT,Team Lead,M.Tech,10,106596.0,2017-01-10,Pune,5,Yes,No
EMP06270,Zashil Thakkar,Female,56,Marketing,Senior Analyst,MBA,0,61704.0,2020-07-22,Mumbai,1,No,Yes
EMP06271,Advaith Devi,Female,41,Finance,Manager,BCA,1,89761.0,2024-05-06,Chennai,2,Yes,No
EMP06272,Viraj Chakrabarti,Female,37,HR,Senior Analyst,MCA,12,66922.0,2018-06-29,Pune,2,Yes,No
EMP06273,Amruta Nagi,Male,48,Marketing,Manager,M.Tech,9,88618.0,2018-09-18,Mumbai,2,Yes,No
EMP06274,Finn Palan,Male,54,IT,Team Lead,B.Tech,1,143346.0,2017-10-17,Bangalore,3,No,No
EMP06275,Samuel Parikh,Male,38,Sales,Team Lead,BCA,10,98628.0,2021-11-01,Pune,5,No,Yes
EMP06276,Krish Bobal,Female,38,Finance,Senior Analyst,M.Tech,11,92788.0,2017-02-18,Pune,1,No,Yes
EMP06277,Krishna Raja,Male,23,Sales,Team Lead,MCA,20,69425.0,2022-06-01,Pune,3,No,No
EMP06278,Bhavini Chadha,Male,26,Marketing,Analyst,MBA,2,46965.0,2016-12-28,Mumbai,3,No,No
EMP06279,Tanvi Lad,Male,31,Sales,Team Lead,M.Tech,4,54083.0,2019-06-06,Chennai,3,Yes,No
EMP06280,Faras Chopra,Male,39,Finance,Team Lead,MCA,19,98783.0,2024-11-01,Bangalore,5,No,No
EMP06281,Damyanti Bedi,Male,49,Finance,Senior Analyst,M.Tech,17,94785.0,2025-01-04,Mumbai,2,Yes,No
EMP06282,Ekaja Mann,Male,44,IT,Analyst,B.Tech,10,144349.0,2020-10-31,Bangalore,1,No,No
EMP06283,Isaac Jaggi,Male,49,Finance,Manager,MCA,5,77064.0,2020-07-01,Pune,4,Yes,No
EMP06284,Bakhshi Dass,Female,34,Finance,Senior Analyst,MCA,7,45060.0,2025-06-09,Mumbai,1,Yes,Yes
EMP06285,Vasana Pingle,Female,43,Sales,Manager,M.Tech,12,68708.0,2021-12-18,Pune,1,No,Yes
EMP06286,Henry Choudhary,Male,54,Finance,Senior Analyst,M.Tech,14,72610.0,2022-04-05,Chennai,2,No,No
EMP06287,Rudra Prakash,Female,29,Finance,Manager,MCA,14,79347.0,2022-03-16,Chennai,4,No,No
EMP06288,Dalaja Khanna,Male,37,Finance,Manager,MCA,12,85624.0,2017-11-18,Pune,5,No,Yes
EMP06289,Nilima Choudhury,Female,58,IT,Manager,MBA,14,65177.0,2025-04-03,Mumbai,4,Yes,Yes
EMP06290,Amruta Dar,Female,31,Marketing,Senior Analyst,MCA,5,53395.0,2024-07-21,Pune,2,No,No
EMP06291,Janya Kalita,Male,44,Marketing,Manager,B.Tech,5,67980.0,2020-12-13,Mumbai,2,No,No
EMP06292,Onveer Palla,Female,26,Marketing,Manager,B.Tech,9,64096.0,2019-11-14,Hyderabad,2,No,No
EMP06293,Avni Kumar,Female,52,IT,Manager,BCA,3,56975.0,2023-08-26,Pune,2,No,No
EMP06294,Hemangini Kohli,Male,49,Sales,Team Lead,MCA,1,56857.0,2026-01-23,Mumbai,5,Yes,No
EMP06295,Ishanvi Bala,Female,41,Finance,Manager,MBA,3,112010.0,2020-08-01,Bangalore,5,No,No
EMP06296,Ayushman Babu,Male,35,Finance,Manager,B.Tech,12,85092.0,2016-11-20,Hyderabad,3,Yes,No
EMP06297,Arin Wagle,Female,28,Marketing,Senior Analyst,BCA,13,61525.0,2025-04-03,Chennai,2,No,No
EMP06298,Gaurika Kashyap,Male,60,Finance,Analyst,MBA,10,102048.0,2022-10-10,Bangalore,4,Yes,No
EMP06299,Henry Chana,Male,48,Finance,Team Lead,MBA,15,66376.0,2026-04-29,Chennai,1,No,No
EMP06300,Ethan Dada,Female,29,Finance,Manager,MCA,13,98902.0,2023-04-19,Bangalore,2,Yes,No
EMP06301,Balvan Salvi,Female,59,Finance,Team Lead,MCA,3,61669.0,2018-07-02,Chennai,2,No,No
EMP06302,Ati Ganguly,Female,56,Sales,Senior Analyst,MBA,19,41448.0,2025-02-17,Bangalore,3,Yes,No
EMP06303,Girish Varty,Female,52,IT,Analyst,M.Tech,18,128046.0,2025-07-28,Hyderabad,2,Yes,No
EMP06304,Madhavi Garde,Male,44,Finance,Manager,MBA,0,73978.0,2019-04-06,Chennai,1,No,No
EMP06305,Raghav Srivastava,Male,56,HR,Team Lead,BCA,7,72426.0,2024-07-10,Mumbai,5,Yes,No
EMP06306,Tejas Mani,Female,33,Marketing,Team Lead,M.Tech,12,38768.0,2022-12-28,Mumbai,5,No,No
EMP06307,Ekapad Chokshi,Male,22,Finance,Manager,MCA,18,56332.0,2018-05-19,Mumbai,4,Yes,Yes
EMP06308,Lucky Kant,Female,25,Marketing,Team Lead,MCA,20,85067.0,2023-06-27,Bangalore,4,Yes,Yes
EMP06309,Hardik Dar,Male,47,Finance,Senior Analyst,MCA,12,57805.0,2018-08-09,Pune,5,No,No
EMP06310,Ayushman Sur,Male,40,HR,Analyst,M.Tech,18,57483.0,2022-03-05,Mumbai,1,No,Yes
EMP06311,Faqid Pandit,Female,45,Finance,Team Lead,BCA,8,113522.0,2017-08-20,Hyderabad,3,Yes,No
EMP06312,Eesha Rao,Male,51,Marketing,Senior Analyst,MCA,14,39367.0,2021-01-08,Pune,3,No,No
EMP06313,Matthew Mann,Female,34,Sales,Analyst,BCA,17,33050.0,2024-03-20,Mumbai,5,No,No
EMP06314,Hemangini Malhotra,Female,50,HR,Senior Analyst,MCA,12,34911.0,2018-08-31,Pune,4,No,No
EMP06315,Saanvi De,Male,30,HR,Analyst,MBA,13,44041.0,2024-01-06,Hyderabad,4,No,Yes
EMP06316,Jhalak Sidhu,Male,57,HR,Team Lead,MBA,2,60188.0,2025-08-20,Mumbai,2,No,No
EMP06317,Maya Kumer,Male,29,Marketing,Team Lead,BCA,20,56851.0,2022-07-11,Hyderabad,3,Yes,No
EMP06318,Logan Mohanty,Male,42,IT,Manager,B.Tech,13,70127.0,2019-01-08,Bangalore,2,No,No
EMP06319,Umang Sami,Male,33,HR,Analyst,MCA,7,54224.0,2026-01-29,Chennai,3,Yes,No
EMP06320,Adweta Sekhon,Male,46,IT,Senior Analyst,M.Tech,7,133877.0,2017-02-17,Mumbai,4,Yes,No
EMP06321,Ojas Karan,Female,45,Marketing,Manager,MCA,14,37177.0,2025-07-03,Pune,2,Yes,No
EMP06322,Girindra Golla,Male,52,IT,Analyst,BCA,15,102205.0,2024-11-15,Mumbai,4,Yes,No
EMP06323,Barkha Magar,Female,36,Marketing,Team Lead,M.Tech,18,63584.0,2017-10-08,Hyderabad,3,No,No
EMP06324,Matthew Dar,Male,45,Finance,Manager,B.Tech,2,98279.0,2025-09-23,Hyderabad,4,Yes,No
EMP06325,Lekha Pandit,Male,37,Finance,Senior Analyst,B.Tech,2,47265.0,2026-03-26,Bangalore,2,Yes,No
EMP06326,Abha Gaba,Female,54,IT,Team Lead,MBA,7,102307.0,2018-04-08,Hyderabad,1,Yes,No
EMP06327,Isha Oza,Male,35,Finance,Team Lead,B.Tech,19,50536.0,2023-11-14,Bangalore,4,Yes,No
EMP06328,Gaurav Tata,Male,39,Marketing,Senior Analyst,MCA,19,57506.0,2020-05-27,Mumbai,3,Yes,No
EMP06329,Dakshesh Warrior,Male,59,IT,Senior Analyst,BCA,13,118865.0,2018-07-25,Bangalore,3,Yes,No
EMP06330,Laban Ray,Female,36,Finance,Senior Analyst,MCA,15,117143.0,2016-10-14,Chennai,4,No,No
EMP06331,Eshana Vora,Male,25,Finance,Analyst,MBA,12,114595.0,2023-04-18,Hyderabad,4,Yes,No
EMP06332,Chakradev Walia,Female,49,HR,Team Lead,B.Tech,16,59686.0,2024-10-09,Mumbai,3,Yes,No
EMP06333,Yamini Ganesh,Female,23,Marketing,Team Lead,MCA,16,45949.0,2025-06-17,Pune,3,No,No
EMP06334,Omkaar Palla,Female,38,HR,Senior Analyst,BCA,17,46104.0,2020-07-01,Bangalore,5,No,No
EMP06335,Urishilla Viswanathan,Female,51,HR,Team Lead,M.Tech,17,32935.0,2026-02-05,Mumbai,5,Yes,No
EMP06336,Harinakshi Gokhale,Female,25,IT,Analyst,MBA,3,118293.0,2025-12-18,Pune,2,Yes,No
EMP06337,Aarnav Dey,Female,49,Marketing,Analyst,BCA,17,58638.0,2023-04-17,Pune,2,No,No
EMP06338,Gopal Parikh,Female,43,IT,Team Lead,M.Tech,18,117472.0,2021-10-10,Mumbai,3,Yes,No
EMP06339,Charan Gour,Female,35,HR,Manager,B.Tech,16,72293.0,2021-11-19,Pune,4,Yes,No
EMP06340,Urmi Vohra,Female,57,Finance,Analyst,MCA,15,110902.0,2023-09-23,Pune,3,No,Yes
EMP06341,Krish Dash,Male,38,HR,Analyst,MCA,18,41240.0,2020-11-21,Mumbai,1,No,No
EMP06342,Brinda Batta,Male,28,Sales,Analyst,MCA,10,52662.0,2021-03-20,Mumbai,4,No,Yes
EMP06343,Kala Dani,Female,46,Marketing,Analyst,M.Tech,12,87924.0,2025-09-25,Pune,1,No,No
EMP06344,Ekta Minhas,Female,57,Sales,Manager,MCA,15,38196.0,2020-11-20,Bangalore,1,No,No
EMP06345,Rachit Krish,Female,33,Finance,Team Lead,MBA,13,70431.0,2018-06-15,Hyderabad,1,Yes,No
EMP06346,Advika Nigam,Female,43,Sales,Senior Analyst,MCA,20,94606.0,2018-02-13,Chennai,5,No,No
EMP06347,Kabir Baral,Female,23,Finance,Senior Analyst,B.Tech,12,105323.0,2019-03-08,Bangalore,1,Yes,No
EMP06348,Wriddhish Mandal,Female,52,Sales,Team Lead,MCA,10,86295.0,2021-10-16,Bangalore,5,No,Yes
EMP06349,Quincy Korpal,Male,32,IT,Manager,MBA,19,127900.0,2021-05-11,Hyderabad,5,Yes,No
EMP06350,Aarna Nigam,Male,45,Marketing,Manager,BCA,4,49382.0,2020-09-20,Hyderabad,2,Yes,No
EMP06351,Gabriel Nair,Male,31,Marketing,Manager,B.Tech,16,36331.0,2019-06-08,Hyderabad,3,Yes,No
EMP06352,Nitara Ravi,Male,28,Finance,Manager,B.Tech,10,115826.0,2023-04-03,Pune,5,No,No
EMP06353,Aarini Patel,Male,29,Marketing,Team Lead,MBA,14,39236.0,2020-07-27,Chennai,4,Yes,No
EMP06354,Diya Thaman,Male,55,Finance,Analyst,M.Tech,6,60243.0,2023-06-04,Chennai,2,No,No
EMP06355,Girish Kar,Male,58,Marketing,Senior Analyst,M.Tech,12,86175.0,2019-04-20,Hyderabad,3,No,No
EMP06356,Yasti Guha,Male,54,IT,Senior Analyst,MCA,4,106845.0,2020-10-08,Mumbai,5,No,No
EMP06357,Riya Grover,Female,25,Sales,Team Lead,M.Tech,20,57829.0,2024-08-19,Pune,2,Yes,No
EMP06358,Arjun Khare,Male,54,Sales,Manager,MBA,19,77500.0,2021-08-26,Chennai,3,No,No
EMP06359,Aryan Rajagopal,Female,48,Finance,Analyst,MCA,10,74819.0,2024-07-26,Pune,2,Yes,No
EMP06360,Naveen Balakrishnan,Male,53,Sales,Senior Analyst,B.Tech,2,56201.0,2016-12-19,Hyderabad,4,No,No
EMP06361,Vyanjana Keer,Female,41,IT,Team Lead,M.Tech,16,62670.0,2023-01-31,Mumbai,1,Yes,No
EMP06362,Dipta Minhas,Female,36,IT,Team Lead,M.Tech,16,88881.0,2022-05-29,Mumbai,1,Yes,No
EMP06363,Leena Rege,Female,38,IT,Team Lead,M.Tech,10,112457.0,2024-12-29,Hyderabad,5,No,No
EMP06364,Dayita Badami,Female,31,IT,Manager,BCA,5,51651.0,2020-07-19,Bangalore,1,Yes,No
EMP06365,Om Chahal,Female,31,Finance,Analyst,B.Tech,5,82482.0,2023-10-19,Hyderabad,3,No,No
EMP06366,Jalsa Bhatt,Female,31,HR,Senior Analyst,BCA,8,49033.0,2022-04-25,Chennai,4,No,No
EMP06367,Maya Majumdar,Female,53,Sales,Analyst,B.Tech,11,84336.0,2020-06-18,Chennai,1,No,No
EMP06368,Turvi Singhal,Female,45,IT,Manager,MCA,2,56694.0,2024-06-03,Hyderabad,5,Yes,No
EMP06369,Aahana Narula,Female,27,Sales,Analyst,MBA,14,63411.0,2022-10-14,Bangalore,5,No,No
EMP06370,Ganga Bala,Female,56,Finance,Analyst,M.Tech,19,59011.0,2017-11-30,Mumbai,4,No,No
EMP06371,Vihaan Sathe,Male,55,Marketing,Manager,B.Tech,2,58555.0,2017-06-08,Hyderabad,5,Yes,No
EMP06372,Yashawini Zachariah,Female,26,Finance,Team Lead,MBA,16,80038.0,2024-05-28,Bangalore,3,No,Yes
EMP06373,Ira Upadhyay,Male,38,HR,Manager,BCA,3,30627.0,2023-11-03,Mumbai,3,Yes,No
EMP06374,Mohini Mutti,Female,59,Finance,Analyst,BCA,20,88059.0,2025-03-09,Hyderabad,4,Yes,No
EMP06375,Unnati Patel,Female,49,Marketing,Senior Analyst,M.Tech,13,39145.0,2020-06-14,Bangalore,1,Yes,No
EMP06376,Kamala Parmer,Female,54,Finance,Senior Analyst,MBA,20,83458.0,2020-11-29,Chennai,2,Yes,No
EMP06377,Pahal Oza,Male,31,IT,Manager,BCA,8,111827.0,2024-03-02,Pune,4,Yes,Yes
EMP06378,Diya Rajagopal,Male,36,Marketing,Manager,B.Tech,4,61407.0,2021-04-14,Bangalore,1,Yes,No
EMP06379,Matthew Gara,Female,49,Sales,Senior Analyst,BCA,4,43333.0,2020-10-22,Hyderabad,5,No,No
EMP06380,Aayush Gopal,Male,34,HR,Analyst,M.Tech,16,37180.0,2017-08-19,Chennai,5,No,Yes
EMP06381,Farhan Halder,Female,54,HR,Senior Analyst,MBA,11,68658.0,2018-11-16,Hyderabad,4,No,Yes
EMP06382,Oliver Munshi,Male,41,Finance,Team Lead,M.Tech,16,113585.0,2024-11-28,Bangalore,5,No,No
EMP06383,Tristan Khanna,Male,53,Marketing,Senior Analyst,B.Tech,3,82433.0,2019-05-25,Hyderabad,5,Yes,No
EMP06384,Divya Pillay,Female,42,HR,Team Lead,BCA,19,41998.0,2019-11-02,Hyderabad,5,No,No
EMP06385,Wazir Sood,Female,23,IT,Team Lead,MCA,11,91798.0,2018-05-25,Chennai,3,No,No
EMP06386,Shivansh Wali,Male,48,HR,Analyst,MBA,5,49330.0,2022-08-09,Bangalore,2,No,No
EMP06387,Rachit Chhabra,Male,22,Marketing,Manager,BCA,19,42686.0,2019-08-22,Chennai,5,No,No
EMP06388,Wyatt Mahal,Female,35,Marketing,Manager,BCA,18,62571.0,2025-04-29,Bangalore,3,No,No
EMP06389,Veer Sem,Male,53,Sales,Team Lead,B.Tech,10,95287.0,2025-08-29,Chennai,2,No,No
EMP06390,Jeevika Mani,Female,34,HR,Manager,B.Tech,5,55984.0,2019-02-17,Pune,3,No,No
EMP06391,Janani Anand,Male,32,Marketing,Manager,M.Tech,15,82423.0,2021-12-07,Pune,1,No,No
EMP06392,Abdul Srinivas,Male,25,HR,Analyst,B.Tech,13,69155.0,2024-03-22,Pune,5,No,No
EMP06393,Bachittar Chad,Male,60,HR,Manager,BCA,9,78789.0,2019-10-26,Mumbai,5,No,No
EMP06394,Osha Bhasin,Male,49,HR,Team Lead,BCA,16,76288.0,2026-01-23,Bangalore,2,No,No
EMP06395,Orinder Hayre,Male,49,Sales,Senior Analyst,MBA,17,81382.0,2022-09-10,Chennai,5,Yes,No
EMP06396,Harrison Saran,Male,29,Sales,Analyst,MCA,12,39075.0,2021-03-29,Pune,4,No,Yes
EMP06397,Vinaya Hans,Female,28,IT,Team Lead,M.Tech,10,54990.0,2016-12-19,Pune,5,Yes,No
EMP06398,Pranav Ratta,Female,32,Finance,Manager,BCA,1,76788.0,2018-09-02,Chennai,1,Yes,No
EMP06399,Faras Mane,Male,53,Sales,Analyst,M.Tech,1,37628.0,2018-05-13,Pune,2,No,No
EMP06400,Deepa Sachdeva,Female,22,HR,Team Lead,MBA,17,36296.0,2025-10-23,Mumbai,4,No,No
EMP06401,Ishwar Dani,Female,40,HR,Team Lead,BCA,2,74599.0,2017-10-12,Chennai,3,Yes,No
EMP06402,David Dugar,Male,46,HR,Manager,BCA,20,68627.0,2026-01-22,Bangalore,5,No,No
EMP06403,Harsh Doshi,Male,57,Sales,Manager,MCA,3,84409.0,2022-07-10,Chennai,1,No,No
EMP06404,Jagvi Manne,Female,43,HR,Team Lead,MBA,20,74935.0,2026-04-02,Mumbai,4,Yes,No
EMP06405,Laban Seth,Male,22,Finance,Analyst,M.Tech,10,117644.0,2018-09-04,Hyderabad,2,Yes,No
EMP06406,Ekani Venkataraman,Male,48,IT,Manager,MBA,13,88312.0,2019-07-28,Hyderabad,5,Yes,No
EMP06407,Samuel Subramaniam,Male,33,Finance,Senior Analyst,M.Tech,2,85007.0,2024-01-06,Chennai,2,Yes,No
EMP06408,Abhimanyu Sahota,Male,57,HR,Analyst,B.Tech,13,50448.0,2025-05-06,Bangalore,3,Yes,No
EMP06409,Darika Chahal,Male,50,HR,Manager,B.Tech,5,78719.0,2024-08-11,Mumbai,2,No,No
EMP06410,Ikbal Sathe,Female,55,Finance,Analyst,B.Tech,16,70846.0,2019-07-19,Hyderabad,1,No,No
EMP06411,Om Thaman,Male,24,HR,Analyst,BCA,4,51451.0,2018-04-11,Mumbai,1,Yes,No
EMP06412,Hemal Subramanian,Male,26,HR,Senior Analyst,B.Tech,0,61467.0,2026-06-06,Bangalore,2,No,No
EMP06413,Tara Grewal,Male,25,HR,Analyst,BCA,13,52948.0,2024-03-31,Chennai,3,No,No
EMP06414,Chandresh Ram,Male,24,HR,Analyst,BCA,1,77540.0,2021-01-03,Mumbai,4,Yes,No
EMP06415,Tejas Rajagopal,Female,29,Sales,Analyst,BCA,16,33686.0,2018-01-14,Pune,1,No,No
EMP06416,Rajata Warrior,Female,25,IT,Analyst,BCA,5,71181.0,2020-10-03,Hyderabad,5,No,No
EMP06417,Onveer Natt,Female,24,Sales,Senior Analyst,M.Tech,1,98327.0,2023-12-20,Bangalore,5,No,Yes
EMP06418,Leena Mallick,Male,40,HR,Senior Analyst,MBA,17,30542.0,2018-03-26,Bangalore,5,Yes,No
EMP06419,Suhani Kumer,Male,38,IT,Manager,M.Tech,8,98480.0,2017-01-10,Mumbai,1,No,No
EMP06420,Lavanya Desai,Female,57,Sales,Senior Analyst,MCA,13,38416.0,2020-07-30,Mumbai,2,No,Yes
EMP06421,Hredhaan Toor,Female,36,Marketing,Manager,B.Tech,2,88513.0,2025-11-10,Pune,4,Yes,No
EMP06422,Brijesh Bhatti,Female,52,Sales,Team Lead,BCA,5,60088.0,2026-03-28,Mumbai,1,No,No
EMP06423,Saksham Din,Male,46,Marketing,Team Lead,BCA,6,58334.0,2022-04-23,Pune,5,No,No
EMP06424,Zayyan Saraf,Female,44,Marketing,Manager,MBA,17,39788.0,2023-02-12,Bangalore,4,Yes,No
EMP06425,Kabir Natarajan,Female,30,Finance,Manager,BCA,14,92296.0,2023-06-13,Bangalore,4,Yes,No
EMP06426,Dhriti Raj,Male,37,IT,Analyst,MBA,9,72615.0,2022-11-18,Hyderabad,3,Yes,No
EMP06427,Chanakya Chacko,Male,42,Marketing,Manager,M.Tech,12,69664.0,2018-06-29,Bangalore,1,No,No
EMP06428,Gaurika Rattan,Female,60,Marketing,Analyst,BCA,12,42630.0,2026-07-21,Mumbai,3,Yes,No
EMP06429,Gaurang Patla,Female,41,Sales,Analyst,MCA,14,72895.0,2018-03-16,Pune,3,Yes,No
EMP06430,Wridesh Khosla,Male,47,Marketing,Manager,B.Tech,8,53396.0,2018-05-05,Chennai,2,No,No
EMP06431,Zilmil Sehgal,Male,56,IT,Senior Analyst,B.Tech,18,141303.0,2023-01-08,Pune,5,No,No
EMP06432,Waida De,Male,51,IT,Manager,MBA,10,94194.0,2018-03-16,Chennai,1,Yes,No
EMP06433,Pranav Mahajan,Female,23,Sales,Analyst,BCA,17,83948.0,2022-04-23,Hyderabad,1,Yes,Yes
EMP06434,Brijesh Tailor,Male,56,HR,Manager,M.Tech,20,62280.0,2017-06-20,Chennai,5,Yes,No
EMP06435,Samaksh Sinha,Female,52,Marketing,Senior Analyst,MCA,7,38829.0,2023-10-06,Mumbai,3,Yes,No
EMP06436,Rachana Kara,Female,33,IT,Team Lead,BCA,19,134046.0,2019-02-08,Mumbai,3,No,Yes
EMP06437,Jai Narayan,Male,48,Finance,Analyst,B.Tech,12,45490.0,2022-04-11,Pune,3,Yes,No
EMP06438,Rajata Dasgupta,Female,34,Marketing,Manager,M.Tech,16,85351.0,2023-06-30,Pune,1,No,No
EMP06439,Udarsh Thaker,Male,39,IT,Analyst,MBA,8,65078.0,2016-12-24,Bangalore,4,No,No
EMP06440,Banjeet Kashyap,Female,36,HR,Analyst,M.Tech,6,62662.0,2017-08-24,Bangalore,3,Yes,No
EMP06441,Bachittar Kaur,Male,43,HR,Analyst,M.Tech,1,37595.0,2022-06-19,Chennai,3,No,No
EMP06442,Yashasvi Andra,Female,24,IT,Senior Analyst,B.Tech,8,119236.0,2018-08-14,Bangalore,2,No,No
EMP06443,Kamala Sabharwal,Female,46,Sales,Team Lead,BCA,8,94028.0,2021-05-15,Hyderabad,4,Yes,Yes
EMP06444,Omaja Venkatesh,Male,54,Sales,Senior Analyst,MBA,0,31398.0,2020-05-14,Mumbai,2,Yes,No
EMP06445,Chakradev Nigam,Male,42,IT,Senior Analyst,MBA,4,54512.0,2016-10-14,Hyderabad,1,No,No
EMP06446,Inaya Dey,Female,42,Finance,Manager,BCA,15,92833.0,2017-06-04,Mumbai,4,No,No
EMP06447,Omaja Golla,Female,60,HR,Manager,B.Tech,11,31029.0,2024-01-21,Chennai,3,No,No
EMP06448,Naveen Loke,Male,29,Marketing,Team Lead,BCA,8,73629.0,2021-10-21,Bangalore,1,Yes,No
EMP06449,Harshil Lata,Male,43,Finance,Manager,BCA,16,70947.0,2025-11-26,Mumbai,1,Yes,Yes
EMP06450,Megha Muni,Female,45,Finance,Analyst,M.Tech,13,59477.0,2019-11-28,Mumbai,2,No,No
EMP06451,Luke Naidu,Female,26,Finance,Senior Analyst,MCA,0,100175.0,2026-01-17,Pune,1,No,Yes
EMP06452,Adweta Mani,Male,52,Sales,Senior Analyst,MBA,17,64815.0,2016-09-30,Pune,1,Yes,No
EMP06453,Vedika Shankar,Male,33,Sales,Team Lead,MCA,8,70223.0,2024-03-06,Mumbai,5,Yes,No
EMP06454,Aditya Kade,Female,42,IT,Manager,MBA,16,109861.0,2018-11-09,Hyderabad,3,No,No
EMP06455,Rajeshri Hayre,Male,56,Marketing,Manager,M.Tech,0,47758.0,2025-11-15,Hyderabad,2,Yes,No
EMP06456,Darpan Aggarwal,Female,43,IT,Team Lead,B.Tech,14,145754.0,2021-11-29,Chennai,1,Yes,No
EMP06457,Hredhaan Issac,Male,55,IT,Manager,B.Tech,4,101596.0,2024-05-27,Hyderabad,3,No,No
EMP06458,Elijah Chokshi,Female,52,Finance,Manager,BCA,2,73717.0,2020-03-21,Bangalore,2,Yes,No
EMP06459,Yoshita Wagle,Male,38,IT,Team Lead,B.Tech,19,119892.0,2018-01-02,Bangalore,1,No,No
EMP06460,Jonathan Handa,Female,43,Finance,Senior Analyst,B.Tech,3,116432.0,2023-07-29,Chennai,1,Yes,No
EMP06461,Aradhana Toor,Female,44,Finance,Manager,MCA,16,79064.0,2024-08-19,Mumbai,3,Yes,No
EMP06462,Theodore Rajagopalan,Male,50,Sales,Team Lead,M.Tech,5,40993.0,2020-09-25,Chennai,2,No,No
EMP06463,Chaitanya Bhat,Male,32,Sales,Analyst,B.Tech,11,84396.0,2019-04-14,Pune,5,No,No
EMP06464,Vritti Rai,Female,52,Finance,Senior Analyst,BCA,20,84429.0,2022-10-23,Hyderabad,1,Yes,Yes
EMP06465,Christopher Loyal,Male,59,HR,Analyst,B.Tech,18,54805.0,2025-11-28,Mumbai,2,No,No
EMP06466,Hiral Kara,Male,53,Finance,Analyst,BCA,15,68127.0,2018-06-13,Hyderabad,3,Yes,No
EMP06467,Keya Kala,Female,60,HR,Team Lead,M.Tech,6,56659.0,2025-09-26,Hyderabad,4,Yes,No
EMP06468,Yagnesh Karnik,Female,34,Finance,Senior Analyst,MCA,15,108084.0,2023-10-09,Pune,4,Yes,No
EMP06469,Rehaan Pandit,Female,56,Marketing,Team Lead,MBA,10,58959.0,2026-04-12,Hyderabad,4,No,No
EMP06470,Nitesh Chana,Male,56,IT,Analyst,MBA,8,59048.0,2019-04-24,Chennai,1,No,No
EMP06471,Arya Swamy,Female,39,IT,Team Lead,B.Tech,12,126797.0,2020-03-21,Mumbai,2,No,No
EMP06472,Baljiwan Sha,Male,41,HR,Senior Analyst,M.Tech,5,47831.0,2024-10-16,Pune,3,No,No
EMP06473,Ayushman Desai,Female,36,Finance,Analyst,MBA,3,66656.0,2017-07-10,Mumbai,1,Yes,Yes
EMP06474,Divya Chander,Male,60,Finance,Manager,MBA,17,68759.0,2026-01-24,Chennai,4,No,No
EMP06475,Jason Varty,Male,58,HR,Analyst,M.Tech,4,70895.0,2020-04-16,Chennai,3,Yes,No
EMP06476,Lipika Mahal,Male,59,Sales,Team Lead,M.Tech,16,99393.0,2020-04-28,Hyderabad,3,No,No
EMP06477,Panini Hegde,Male,36,Sales,Team Lead,MBA,3,38747.0,2024-03-20,Chennai,1,Yes,No
EMP06478,Inaya Dubey,Female,53,Finance,Senior Analyst,M.Tech,3,100382.0,2025-01-25,Bangalore,1,No,No
EMP06479,Urvashi Bala,Female,32,HR,Analyst,M.Tech,15,30295.0,2025-07-30,Pune,1,Yes,No
EMP06480,Ojas Char,Female,24,HR,Team Lead,MCA,12,34251.0,2024-07-16,Chennai,3,No,No
EMP06481,Ekavir Chanda,Female,32,Marketing,Team Lead,BCA,0,84499.0,2016-09-22,Bangalore,1,No,No
EMP06482,Kalpit Badal,Male,42,Sales,Manager,M.Tech,11,33221.0,2017-02-19,Bangalore,3,Yes,No
EMP06483,Dhruv Sem,Female,37,HR,Senior Analyst,M.Tech,15,61817.0,2018-10-22,Chennai,5,Yes,Yes
EMP06484,Balveer Swamy,Male,31,Marketing,Senior Analyst,M.Tech,7,73419.0,2021-05-19,Bangalore,1,No,No
EMP06485,Eta Mishra,Female,38,Sales,Senior Analyst,B.Tech,20,35934.0,2021-01-15,Chennai,2,No,Yes
EMP06486,Manbir Sengupta,Female,24,HR,Senior Analyst,MCA,5,44659.0,2024-05-03,Chennai,4,Yes,No
EMP06487,Rehaan Sami,Female,52,Marketing,Senior Analyst,B.Tech,8,52920.0,2019-08-03,Hyderabad,4,No,No
EMP06488,Laban Grover,Male,36,Finance,Team Lead,B.Tech,4,110736.0,2021-04-26,Hyderabad,4,Yes,No
EMP06489,Aarna De,Female,43,HR,Manager,BCA,5,38922.0,2024-03-12,Chennai,3,Yes,No
EMP06490,Tanmayi Kari,Male,23,Sales,Analyst,M.Tech,8,39386.0,2018-09-15,Bangalore,5,Yes,No
EMP06491,Guneet Pai,Male,60,Sales,Manager,B.Tech,4,66696.0,2022-11-28,Pune,5,No,Yes
EMP06492,Anusha Mandal,Male,31,Sales,Analyst,M.Tech,5,48004.0,2018-08-11,Hyderabad,5,No,No
EMP06493,Teerth Zachariah,Male,36,Sales,Manager,MBA,19,34729.0,2023-07-31,Chennai,5,No,No
EMP06494,Ranbir Khalsa,Female,40,IT,Team Lead,MCA,8,95813.0,2018-07-12,Hyderabad,5,No,No
EMP06495,Xiti Borra,Male,32,HR,Senior Analyst,B.Tech,15,39622.0,2019-01-10,Pune,5,Yes,No
EMP06496,Mekhala Mody,Female,36,HR,Manager,M.Tech,15,74133.0,2018-05-08,Pune,1,Yes,No
EMP06497,Peter Bhatia,Female,43,Marketing,Senior Analyst,BCA,6,40003.0,2017-03-22,Hyderabad,4,No,No
EMP06498,Dhruv Wali,Female,50,Sales,Analyst,MCA,12,79569.0,2018-04-24,Chennai,1,No,No
EMP06499,Charvi Pingle,Male,36,IT,Senior Analyst,B.Tech,11,131537.0,2017-11-19,Pune,4,Yes,No
EMP06500,Noah Sankar,Female,57,Sales,Team Lead,BCA,10,32243.0,2023-12-31,Bangalore,2,No,Yes
EMP06501,Pushti Sem,Male,23,IT,Senior Analyst,B.Tech,2,80541.0,2024-01-09,Bangalore,1,No,No
EMP06502,Falak Barad,Female,24,HR,Manager,M.Tech,17,41465.0,2026-02-08,Chennai,5,No,No
EMP06503,Vedhika Sethi,Male,48,Finance,Team Lead,M.Tech,7,45096.0,2019-09-11,Mumbai,4,Yes,No
EMP06504,Avi Murthy,Female,49,Marketing,Analyst,M.Tech,19,68398.0,2016-12-31,Hyderabad,5,No,No
EMP06505,Farhan Shukla,Male,55,Marketing,Team Lead,M.Tech,2,40663.0,2025-06-04,Hyderabad,5,Yes,No
EMP06506,Karan Khurana,Female,45,Sales,Senior Analyst,B.Tech,0,62089.0,2021-07-24,Mumbai,4,No,Yes
EMP06507,Aadhya Mani,Male,25,Marketing,Analyst,B.Tech,12,47525.0,2025-09-07,Bangalore,4,No,No
EMP06508,Amara Mand,Female,60,HR,Analyst,BCA,6,41250.0,2019-08-18,Mumbai,4,No,No
EMP06509,Leena Datta,Female,40,Sales,Team Lead,MBA,3,39686.0,2026-04-14,Pune,5,Yes,No
EMP06510,Aarush Pandey,Female,57,HR,Senior Analyst,MBA,19,57220.0,2019-10-16,Mumbai,1,Yes,No
EMP06511,Karan Luthra,Male,34,Marketing,Senior Analyst,B.Tech,0,35233.0,2021-02-06,Chennai,1,Yes,No
EMP06512,Geetika Rastogi,Female,34,Marketing,Analyst,B.Tech,16,85609.0,2021-05-03,Pune,5,No,No
EMP06513,Laksh Mann,Male,57,HR,Senior Analyst,BCA,3,31406.0,2019-08-07,Hyderabad,5,Yes,No
EMP06514,Yatin Singh,Male,37,Sales,Manager,BCA,8,51141.0,2020-07-25,Chennai,1,Yes,No
EMP06515,Raagini Sangha,Male,56,IT,Senior Analyst,BCA,19,114492.0,2017-09-15,Hyderabad,1,Yes,No
EMP06516,Tara Palla,Female,25,IT,Manager,M.Tech,11,149228.0,2021-06-02,Pune,5,No,Yes
EMP06517,Kiaan Venkatesh,Male,59,IT,Manager,MBA,9,138355.0,2025-07-22,Chennai,4,Yes,No
EMP06518,Caleb Sarma,Female,43,IT,Senior Analyst,BCA,1,56611.0,2021-10-18,Mumbai,3,Yes,No
EMP06519,Oscar Khare,Male,32,HR,Manager,BCA,6,55143.0,2021-05-30,Pune,4,Yes,No
EMP06520,Siddharth Arora,Male,34,Sales,Senior Analyst,B.Tech,0,93157.0,2023-05-06,Chennai,3,Yes,No
EMP06521,Jack Johal,Female,54,Marketing,Senior Analyst,BCA,8,55227.0,2023-10-05,Chennai,3,Yes,No
EMP06522,Vihaan Gole,Female,54,Finance,Manager,MBA,0,54635.0,2024-07-19,Hyderabad,1,No,No
EMP06523,Bhavika Goswami,Female,52,HR,Team Lead,M.Tech,14,40658.0,2018-06-29,Pune,5,Yes,No
EMP06524,Dalaja Malhotra,Male,28,Finance,Senior Analyst,M.Tech,6,60590.0,2022-04-20,Mumbai,5,Yes,No
EMP06525,Kashish Tella,Female,57,IT,Senior Analyst,B.Tech,4,124578.0,2023-05-11,Hyderabad,2,No,No
EMP06526,Urvi Rana,Male,30,Marketing,Senior Analyst,MCA,13,43931.0,2017-06-30,Hyderabad,2,No,No
EMP06527,Hardik Varughese,Female,31,Sales,Senior Analyst,BCA,2,32183.0,2024-03-14,Pune,4,No,Yes
EMP06528,Barkha Balan,Female,28,Sales,Senior Analyst,MCA,14,89243.0,2023-01-17,Bangalore,4,No,No
EMP06529,Qabil Gopal,Female,37,HR,Senior Analyst,M.Tech,9,41303.0,2019-12-20,Bangalore,2,Yes,No
EMP06530,Ucchal Anand,Female,55,Finance,Analyst,B.Tech,19,98990.0,2018-06-27,Chennai,5,No,No
EMP06531,Krishna Dhar,Male,50,Sales,Manager,MBA,17,75292.0,2019-09-09,Bangalore,2,No,Yes
EMP06532,Pavani Mishra,Female,46,Finance,Manager,MCA,12,117311.0,2025-11-23,Chennai,5,Yes,No
EMP06533,Rayaan Prashad,Male,52,Finance,Manager,MCA,11,50261.0,2016-10-12,Chennai,5,No,No
EMP06534,Henry Palla,Female,51,Marketing,Manager,B.Tech,5,56761.0,2020-05-22,Pune,3,No,No
EMP06535,Pooja Dhar,Male,53,Marketing,Manager,M.Tech,5,37676.0,2026-05-21,Hyderabad,3,Yes,Yes
EMP06536,Christopher Sathe,Female,33,Marketing,Analyst,MCA,2,50370.0,2024-11-26,Chennai,3,Yes,No
EMP06537,Zansi Char,Male,43,Sales,Manager,B.Tech,5,38716.0,2023-04-21,Chennai,4,No,No
EMP06538,Girindra Oza,Male,31,Marketing,Analyst,B.Tech,17,47641.0,2018-10-02,Bangalore,3,Yes,No
EMP06539,Irya Suresh,Male,23,HR,Analyst,B.Tech,1,61838.0,2023-02-25,Bangalore,3,Yes,No
EMP06540,Avi Sankar,Male,58,HR,Team Lead,MCA,7,62939.0,2019-11-05,Pune,1,No,No
EMP06541,Ekiya Sen,Male,46,HR,Senior Analyst,BCA,15,38044.0,2024-09-23,Mumbai,5,No,No
EMP06542,Gayathri Edwin,Female,46,Sales,Team Lead,MBA,8,37057.0,2019-10-11,Hyderabad,5,Yes,No
EMP06543,Damini Varma,Male,30,Finance,Manager,MCA,10,53231.0,2017-05-15,Pune,4,Yes,No
EMP06544,Ojas Gala,Male,41,Finance,Analyst,MCA,1,80726.0,2017-08-18,Hyderabad,2,No,No
EMP06545,Bhavani Wable,Male,22,Finance,Team Lead,MCA,16,109591.0,2020-05-07,Pune,1,No,No
EMP06546,Urvashi Dugar,Female,47,Marketing,Senior Analyst,B.Tech,6,87800.0,2022-10-30,Mumbai,1,Yes,No
EMP06547,Abhiram Jayaraman,Male,35,HR,Manager,BCA,10,49470.0,2023-03-29,Chennai,2,Yes,No
EMP06548,Oscar Sandhu,Male,53,HR,Analyst,MBA,15,57058.0,2024-09-06,Hyderabad,4,Yes,Yes
EMP06549,Omkaar Srinivasan,Male,49,Finance,Manager,MBA,13,115396.0,2017-08-30,Bangalore,4,Yes,Yes
EMP06550,Bhavna Goyal,Female,43,Sales,Senior Analyst,BCA,12,86566.0,2021-05-10,Mumbai,5,No,Yes
EMP06551,Urvashi Hayre,Male,46,Marketing,Analyst,MCA,6,52938.0,2021-02-20,Mumbai,1,Yes,No
EMP06552,Ikshita Chaudhary,Male,48,Marketing,Senior Analyst,B.Tech,14,74944.0,2020-12-27,Pune,3,No,No
EMP06553,Naveen Khosla,Female,44,Finance,Analyst,M.Tech,9,59064.0,2019-03-30,Mumbai,1,No,No
EMP06554,Bakhshi Madan,Female,22,Finance,Analyst,MBA,0,75426.0,2021-09-02,Bangalore,4,Yes,No
EMP06555,Dev Mallick,Male,40,IT,Team Lead,B.Tech,7,75908.0,2019-12-03,Mumbai,1,No,No
EMP06556,Arunima Rege,Female,38,HR,Team Lead,MCA,6,41659.0,2018-06-13,Pune,5,Yes,No
EMP06557,Kiaan Manne,Male,43,Finance,Senior Analyst,M.Tech,9,80831.0,2023-12-10,Chennai,5,Yes,No
EMP06558,Onveer Mistry,Female,41,Sales,Analyst,MBA,19,44327.0,2018-11-29,Mumbai,3,Yes,No
EMP06559,Jalsa Kanda,Male,30,Finance,Team Lead,MBA,20,48825.0,2019-11-15,Bangalore,4,Yes,No
EMP06560,Aarush Verma,Male,38,HR,Manager,BCA,19,64798.0,2024-10-04,Pune,4,Yes,No
EMP06561,Nicholas Nazareth,Female,24,Finance,Analyst,BCA,15,90794.0,2025-10-13,Hyderabad,1,No,No
EMP06562,Upkaar Loyal,Female,41,Marketing,Manager,BCA,14,85581.0,2024-08-08,Pune,5,No,No
EMP06563,Warinder Dubey,Male,31,IT,Team Lead,MBA,2,102889.0,2026-02-27,Chennai,2,No,No
EMP06564,Girindra Chahal,Female,26,Finance,Manager,B.Tech,18,90458.0,2026-03-25,Mumbai,1,Yes,Yes
EMP06565,Yashica Rastogi,Male,55,Finance,Team Lead,MBA,3,81016.0,2022-01-15,Pune,4,No,No
EMP06566,Viraj Trivedi,Male,60,Marketing,Team Lead,M.Tech,11,43016.0,2025-05-11,Bangalore,3,No,No
EMP06567,Qasim Wali,Male,24,Finance,Senior Analyst,MBA,7,89123.0,2021-05-04,Hyderabad,5,Yes,No
EMP06568,Indrajit Jaggi,Male,28,Finance,Senior Analyst,M.Tech,3,79946.0,2025-02-15,Bangalore,3,No,No
EMP06569,Kashish Chowdhury,Male,46,IT,Senior Analyst,BCA,18,75688.0,2023-04-15,Hyderabad,3,No,No
EMP06570,Isaiah Narayanan,Male,43,Finance,Senior Analyst,BCA,0,106098.0,2024-01-07,Mumbai,2,No,No
EMP06571,Fiyaz Kurian,Male,29,HR,Analyst,MCA,4,40887.0,2025-06-06,Hyderabad,2,Yes,No
EMP06572,Pushti Subramaniam,Female,22,IT,Team Lead,M.Tech,11,90737.0,2017-09-29,Mumbai,5,Yes,No
EMP06573,Vedhika Sethi,Male,42,IT,Senior Analyst,M.Tech,5,52267.0,2020-01-18,Pune,3,Yes,No
EMP06574,Fariq D’Alia,Male,30,HR,Senior Analyst,M.Tech,16,48145.0,2020-10-03,Chennai,5,No,No
EMP06575,Libni Kapadia,Male,38,HR,Manager,MBA,2,30219.0,2021-07-18,Pune,2,No,No
EMP06576,Naksh Varghese,Male,28,HR,Manager,BCA,0,30400.0,2018-04-10,Chennai,5,Yes,No
EMP06577,Chandani Khosla,Male,27,HR,Analyst,MBA,18,39684.0,2025-11-18,Hyderabad,5,Yes,No
EMP06578,Chakradev Kothari,Female,37,IT,Senior Analyst,M.Tech,13,120868.0,2017-06-23,Bangalore,5,No,No
EMP06579,Chanakya Dada,Male,26,Sales,Analyst,MBA,20,34194.0,2025-09-05,Chennai,3,Yes,No
EMP06580,Amara Din,Male,39,Sales,Analyst,BCA,13,77404.0,2022-12-04,Hyderabad,4,No,No
EMP06581,Yashoda Sandhu,Female,50,IT,Team Lead,B.Tech,13,59001.0,2017-01-08,Mumbai,5,No,No
EMP06582,Udarsh Walia,Female,28,Sales,Analyst,M.Tech,6,42268.0,2019-02-18,Chennai,5,Yes,No
EMP06583,Chanchal Hans,Male,58,Sales,Senior Analyst,BCA,5,45142.0,2020-04-29,Bangalore,3,No,No
EMP06584,Idika Kalita,Female,48,Marketing,Manager,MBA,4,45274.0,2020-04-14,Bangalore,4,No,No
EMP06585,Eesha Iyer,Male,25,IT,Analyst,BCA,3,120187.0,2019-06-18,Mumbai,2,Yes,No
EMP06586,Hema Ahuja,Female,47,Finance,Team Lead,MCA,7,103079.0,2020-02-19,Chennai,1,No,No
EMP06587,Geetika Murthy,Male,38,Sales,Analyst,B.Tech,15,51643.0,2023-11-08,Mumbai,4,No,No
EMP06588,Mohammed Agate,Male,52,IT,Senior Analyst,MBA,14,100430.0,2017-07-24,Hyderabad,3,Yes,No
EMP06589,Balhaar Mallick,Male,29,Finance,Senior Analyst,BCA,6,90125.0,2025-05-16,Pune,1,Yes,No
EMP06590,Jagrati Wali,Male,33,IT,Senior Analyst,MCA,19,128442.0,2018-11-06,Mumbai,4,Yes,No
EMP06591,Damyanti Lata,Female,55,HR,Analyst,MBA,2,36352.0,2019-09-13,Chennai,1,Yes,Yes
EMP06592,Caleb D’Alia,Female,43,Marketing,Senior Analyst,M.Tech,2,45884.0,2017-08-09,Chennai,5,No,Yes
EMP06593,Rachit Sane,Female,42,Marketing,Senior Analyst,MCA,12,49796.0,2021-10-05,Pune,4,Yes,No
EMP06594,Mitali Kaur,Male,25,Marketing,Analyst,B.Tech,13,60183.0,2024-10-16,Chennai,2,No,No
EMP06595,Orinder Ganesh,Female,52,HR,Analyst,M.Tech,14,74697.0,2022-04-27,Bangalore,3,Yes,No
EMP06596,Ekani Deo,Female,56,Marketing,Senior Analyst,B.Tech,0,82889.0,2023-04-20,Chennai,5,Yes,No
EMP06597,Naksh Kadakia,Female,47,Finance,Team Lead,MCA,2,83097.0,2021-02-24,Pune,4,No,No
EMP06598,Farhan Nazareth,Male,48,HR,Manager,M.Tech,2,34037.0,2022-02-24,Mumbai,4,No,No
EMP06599,Anthony Banerjee,Male,39,HR,Analyst,B.Tech,15,50912.0,2020-06-27,Pune,3,Yes,No
EMP06600,Bina Hegde,Male,60,Marketing,Manager,M.Tech,3,79518.0,2024-09-05,Pune,3,No,No
EMP06601,Sudiksha Mannan,Female,57,Sales,Manager,MBA,0,38612.0,2017-08-14,Mumbai,3,Yes,No
EMP06602,Niharika Sha,Male,55,Finance,Senior Analyst,B.Tech,5,92277.0,2017-01-17,Pune,1,Yes,No
EMP06603,Rajata Baral,Male,30,HR,Senior Analyst,M.Tech,1,64173.0,2024-07-12,Pune,2,No,No
EMP06604,Zayan Tella,Male,37,IT,Team Lead,BCA,10,54749.0,2026-04-27,Pune,2,Yes,No
EMP06605,Maanav Padmanabhan,Female,52,IT,Team Lead,M.Tech,18,89668.0,2025-12-13,Bangalore,5,Yes,Yes
EMP06606,Tanay Dada,Female,28,Marketing,Analyst,BCA,6,44206.0,2024-03-23,Mumbai,4,No,No
EMP06607,Ira Chaudhari,Male,48,IT,Senior Analyst,MCA,5,88812.0,2017-08-04,Chennai,5,No,No
EMP06608,Harshil Sur,Female,39,Finance,Manager,MBA,13,63747.0,2022-05-22,Mumbai,2,Yes,No
EMP06609,Kevin Mandal,Female,57,Finance,Senior Analyst,BCA,4,60456.0,2018-07-27,Mumbai,2,No,No
EMP06610,Turvi Om,Female,54,Marketing,Team Lead,MBA,0,81801.0,2017-06-30,Pune,2,No,No
EMP06611,Kamala Kaul,Female,34,HR,Team Lead,M.Tech,9,53969.0,2022-06-23,Chennai,2,Yes,No
EMP06612,Urishilla Gaba,Male,42,IT,Manager,MBA,2,78192.0,2017-09-19,Pune,3,No,No
EMP06613,Harini Samra,Male,56,Sales,Analyst,MCA,9,59411.0,2024-12-07,Chennai,1,Yes,Yes
EMP06614,Damini Maharaj,Male,31,Finance,Analyst,MCA,16,69332.0,2019-11-29,Chennai,1,No,No
EMP06615,Udyati Dubey,Male,40,Finance,Analyst,BCA,14,83980.0,2022-11-30,Mumbai,4,No,Yes
EMP06616,Tejas Parikh,Female,57,IT,Analyst,MCA,15,129291.0,2020-06-29,Hyderabad,4,No,No
EMP06617,Nachiket Ramakrishnan,Male,53,IT,Team Lead,BCA,2,97047.0,2018-11-20,Chennai,2,No,No
EMP06618,Victor Krishnamurthy,Male,47,IT,Senior Analyst,B.Tech,7,74555.0,2026-04-07,Hyderabad,2,No,Yes
EMP06619,Umang Chopra,Female,58,HR,Analyst,BCA,20,63187.0,2019-10-07,Bangalore,2,Yes,No
EMP06620,Chaaya Gour,Female,51,Finance,Analyst,M.Tech,7,100112.0,2018-11-20,Chennai,5,No,No
EMP06621,Jhalak Karpe,Male,47,Marketing,Manager,MBA,14,69358.0,2023-05-27,Bangalore,3,Yes,Yes
EMP06622,Yutika Goyal,Female,59,Finance,Manager,BCA,17,67770.0,2023-03-23,Bangalore,4,Yes,No
EMP06623,Upadhriti Banerjee,Male,27,HR,Team Lead,BCA,3,39047.0,2017-04-12,Mumbai,4,Yes,No
EMP06624,Ishaan Borra,Male,28,Marketing,Manager,MBA,12,84453.0,2021-07-23,Hyderabad,3,Yes,No
EMP06625,Balveer Sahni,Female,27,Marketing,Manager,M.Tech,8,44471.0,2020-10-03,Pune,1,No,No
EMP06626,Tanvi Mohan,Male,30,Sales,Analyst,MBA,17,75689.0,2023-03-05,Bangalore,2,No,No
EMP06627,Xavier Pall,Male,39,Marketing,Team Lead,M.Tech,15,51314.0,2018-06-13,Mumbai,4,No,No
EMP06628,Peter Atwal,Male,53,IT,Analyst,B.Tech,11,118991.0,2018-12-01,Pune,5,Yes,No
EMP06629,Wyatt Rau,Female,59,HR,Senior Analyst,MBA,18,74880.0,2025-04-18,Mumbai,4,No,No
EMP06630,Atharv Mall,Male,47,HR,Analyst,BCA,3,50714.0,2023-10-22,Mumbai,1,Yes,Yes
EMP06631,Leena Parmer,Female,44,Marketing,Senior Analyst,M.Tech,4,66405.0,2020-12-03,Mumbai,5,Yes,No
EMP06632,Pratyush Nayak,Male,48,Finance,Team Lead,B.Tech,13,106229.0,2023-07-25,Chennai,4,No,No
EMP06633,Ekbal Chand,Male,34,Finance,Team Lead,B.Tech,6,48634.0,2019-09-17,Chennai,5,No,Yes
EMP06634,Imaran Chawla,Female,26,HR,Manager,B.Tech,9,32451.0,2025-05-22,Chennai,4,No,No
EMP06635,Ekanta Goda,Female,55,Sales,Manager,BCA,15,99273.0,2021-01-14,Pune,4,No,No
EMP06636,Wishi Bajwa,Female,47,IT,Manager,BCA,7,60436.0,2019-12-28,Hyderabad,5,No,No
EMP06637,Pooja Ghose,Male,44,HR,Manager,BCA,19,49903.0,2019-01-13,Mumbai,5,Yes,No
EMP06638,Kabir Mall,Male,25,IT,Manager,MCA,8,118200.0,2018-11-20,Mumbai,3,Yes,Yes
EMP06639,Ekiya Prabhakar,Male,49,HR,Senior Analyst,B.Tech,20,56166.0,2017-09-21,Chennai,3,Yes,No
EMP06640,Omisha Bhatti,Male,48,Sales,Analyst,B.Tech,20,68523.0,2025-10-12,Chennai,5,No,No
EMP06641,Kai Manda,Female,55,Finance,Senior Analyst,MBA,5,82124.0,2018-05-02,Pune,5,No,No
EMP06642,Krish Bora,Male,31,Sales,Senior Analyst,BCA,16,93349.0,2024-12-08,Chennai,1,Yes,No
EMP06643,Maya Bose,Male,48,Sales,Manager,MCA,12,70075.0,2022-09-17,Bangalore,3,No,Yes
EMP06644,Ekantika Sura,Female,23,Finance,Manager,MCA,19,86708.0,2023-12-21,Bangalore,3,No,No
EMP06645,Gagan Som,Female,38,IT,Team Lead,M.Tech,14,93514.0,2024-01-29,Chennai,2,Yes,No
EMP06646,Oscar Bhatt,Female,41,IT,Senior Analyst,MCA,9,122735.0,2024-12-05,Bangalore,3,Yes,No
EMP06647,Pavani Vaidya,Male,59,Finance,Analyst,MBA,11,83121.0,2016-12-23,Bangalore,1,Yes,No
EMP06648,Hardik Kaur,Female,49,HR,Manager,M.Tech,4,57984.0,2022-02-18,Mumbai,2,No,No
EMP06649,Gauri Nagarajan,Female,28,Finance,Manager,M.Tech,4,84627.0,2019-02-11,Bangalore,3,Yes,No
EMP06650,Pratyush Vig,Female,57,Marketing,Manager,BCA,19,81193.0,2018-03-02,Pune,4,Yes,No
EMP06651,Utkarsh Bahl,Female,56,IT,Manager,MCA,2,126364.0,2022-06-15,Chennai,3,Yes,No
EMP06652,Meera Deshpande,Female,53,HR,Analyst,MCA,5,76800.0,2024-05-07,Pune,3,No,No
EMP06653,Vritti Gupta,Male,36,IT,Analyst,MCA,17,100730.0,2025-01-14,Bangalore,5,Yes,No
EMP06654,Wazir Chahal,Male,42,Marketing,Team Lead,MBA,13,44210.0,2017-12-22,Bangalore,3,Yes,No
EMP06655,Upasna Kant,Male,33,Finance,Analyst,B.Tech,1,73560.0,2020-05-01,Pune,5,No,No
EMP06656,Ranbir Wali,Female,29,HR,Senior Analyst,MBA,10,44052.0,2019-10-08,Chennai,4,Yes,No
EMP06657,Ishaan Wadhwa,Female,48,IT,Analyst,M.Tech,13,123615.0,2025-12-08,Bangalore,2,No,No
EMP06658,Mohammed Baria,Male,30,Sales,Analyst,BCA,2,39157.0,2024-10-07,Pune,1,Yes,No
EMP06659,Bakhshi Memon,Female,31,Finance,Manager,MBA,2,88945.0,2024-06-17,Bangalore,3,Yes,No
EMP06660,Sarthak Ravel,Female,48,IT,Team Lead,MBA,9,96903.0,2022-04-12,Mumbai,5,Yes,No
EMP06661,Gopal Savant,Female,31,Marketing,Manager,BCA,0,81388.0,2021-09-25,Pune,1,No,No
EMP06662,Patrick Rajagopalan,Male,53,Sales,Senior Analyst,M.Tech,12,66246.0,2025-03-21,Bangalore,1,Yes,No
EMP06663,Widisha Vasa,Female,36,HR,Manager,MBA,6,35091.0,2019-05-24,Mumbai,1,Yes,No
EMP06664,Samarth Bahri,Female,58,Marketing,Manager,MCA,10,59089.0,2025-03-16,Hyderabad,4,No,No
EMP06665,Yuvraj Chopra,Male,55,Finance,Team Lead,MCA,1,52441.0,2021-02-05,Hyderabad,2,Yes,No
EMP06666,Triya Krishnan,Male,60,Marketing,Manager,B.Tech,2,81280.0,2018-04-24,Mumbai,2,No,Yes
EMP06667,Balendra Baral,Female,28,Finance,Analyst,BCA,2,70527.0,2021-06-24,Hyderabad,4,No,No
EMP06668,Bakhshi Pingle,Male,48,Marketing,Manager,BCA,4,43131.0,2016-11-04,Bangalore,4,No,No
EMP06669,Nilima Edwin,Female,46,Sales,Senior Analyst,B.Tech,14,42221.0,2019-03-09,Mumbai,3,No,No
EMP06670,Odika Prabhakar,Male,40,Finance,Team Lead,MBA,9,98548.0,2021-03-22,Mumbai,3,Yes,No
EMP06671,Rachita Raghavan,Male,59,Marketing,Team Lead,M.Tech,10,42870.0,2017-06-03,Mumbai,1,No,No
EMP06672,Ira Chawla,Female,47,Finance,Senior Analyst,MCA,0,73206.0,2022-10-15,Bangalore,1,Yes,No
EMP06673,Urmi Warrior,Female,24,IT,Senior Analyst,B.Tech,11,82515.0,2017-07-27,Bangalore,2,No,Yes
EMP06674,Vasatika Khanna,Female,57,Finance,Manager,BCA,15,107968.0,2026-03-09,Chennai,3,Yes,No
EMP06675,Aarnav Bir,Male,22,IT,Manager,B.Tech,16,57006.0,2025-12-09,Mumbai,5,No,No
EMP06676,Meera Vig,Female,44,Finance,Analyst,MCA,5,68064.0,2019-04-12,Chennai,1,Yes,No
EMP06677,Wishi Oommen,Male,50,Sales,Analyst,BCA,6,67119.0,2020-04-12,Bangalore,2,No,No
EMP06678,Charan Rama,Male,36,Finance,Team Lead,M.Tech,20,50345.0,2024-05-20,Pune,2,No,No
EMP06679,Triveni Bhatti,Male,47,Sales,Team Lead,B.Tech,15,79135.0,2023-11-11,Mumbai,5,Yes,Yes
EMP06680,Ekansh Mody,Male,38,Marketing,Analyst,BCA,12,82292.0,2025-09-03,Pune,2,No,No
EMP06681,Alexander Ramesh,Female,25,Finance,Manager,MCA,8,58285.0,2023-12-24,Hyderabad,2,Yes,No
EMP06682,Geetika Jaggi,Female,58,Sales,Manager,MCA,9,37993.0,2024-01-22,Bangalore,3,Yes,No
EMP06683,Falguni Walia,Female,48,Finance,Senior Analyst,M.Tech,17,68127.0,2017-12-22,Hyderabad,1,Yes,No
EMP06684,Jairaj Dugar,Male,39,Marketing,Analyst,BCA,20,44692.0,2025-02-15,Chennai,4,Yes,No
EMP06685,Udyati Srinivas,Female,37,Sales,Analyst,MBA,11,55167.0,2017-09-28,Pune,2,Yes,No
EMP06686,Yatin Deep,Male,49,IT,Senior Analyst,MBA,10,67328.0,2023-02-08,Bangalore,5,No,No
EMP06687,Sachi Dube,Female,45,IT,Analyst,B.Tech,15,74927.0,2021-09-20,Bangalore,1,Yes,No
EMP06688,Krisha Kumer,Female,34,Marketing,Team Lead,M.Tech,17,63075.0,2025-08-24,Pune,1,Yes,No
EMP06689,Ojas Comar,Female,46,HR,Manager,MCA,0,74004.0,2024-05-13,Pune,2,No,No
EMP06690,Aashi Jha,Male,30,Finance,Team Lead,MBA,1,96825.0,2025-04-06,Hyderabad,5,No,No
EMP06691,Ekantika Suri,Male,31,IT,Analyst,M.Tech,13,53742.0,2019-05-12,Bangalore,3,No,No
EMP06692,Yatin Bhattacharyya,Female,43,HR,Team Lead,BCA,6,65459.0,2016-11-12,Hyderabad,2,No,No
EMP06693,Avi Parsa,Female,33,Sales,Senior Analyst,MCA,3,74906.0,2022-11-25,Pune,5,Yes,No
EMP06694,Ishita Dutt,Male,22,HR,Manager,MCA,15,34849.0,2017-05-15,Pune,1,Yes,No
EMP06695,Balveer Lal,Female,54,Sales,Senior Analyst,B.Tech,16,80447.0,2023-01-29,Mumbai,3,No,Yes
EMP06696,Frederick Vala,Male,49,HR,Manager,BCA,16,37563.0,2026-01-11,Pune,1,Yes,No
EMP06697,Xalak Handa,Female,56,Marketing,Manager,BCA,17,73300.0,2022-03-25,Bangalore,4,Yes,No
EMP06698,Dakshesh Anne,Female,51,IT,Team Lead,MCA,11,140971.0,2021-05-18,Bangalore,1,Yes,Yes
EMP06699,Zarna Nori,Male,30,Sales,Senior Analyst,MBA,8,62750.0,2017-01-22,Pune,5,Yes,No
EMP06700,Gaurang Nagar,Female,44,HR,Analyst,B.Tech,4,58983.0,2018-01-25,Mumbai,5,Yes,No
EMP06701,Christopher Balay,Female,33,Sales,Senior Analyst,B.Tech,15,85628.0,2023-06-06,Pune,2,No,No
EMP06702,Kavya Agate,Male,48,Finance,Manager,BCA,20,83793.0,2016-12-12,Chennai,3,No,No
EMP06703,Hardik Mahal,Female,47,HR,Senior Analyst,MBA,11,37984.0,2020-03-20,Bangalore,3,No,No
EMP06704,Charita Tak,Female,56,HR,Team Lead,M.Tech,16,53806.0,2020-11-15,Mumbai,1,Yes,No
EMP06705,Suhani Sinha,Female,39,HR,Team Lead,M.Tech,8,60915.0,2021-04-04,Pune,2,Yes,No
EMP06706,Lajita Chaudry,Male,31,IT,Analyst,B.Tech,2,79243.0,2023-08-01,Bangalore,4,Yes,No
EMP06707,Pranav Narain,Male,58,Finance,Manager,B.Tech,13,63270.0,2022-07-23,Bangalore,1,Yes,No
EMP06708,Akshay Goel,Male,28,Marketing,Senior Analyst,MBA,16,76680.0,2023-07-06,Pune,2,Yes,No
EMP06709,Matthew Chandra,Female,26,IT,Analyst,MCA,1,108271.0,2019-12-30,Pune,5,No,No
EMP06710,Isaac Sampath,Male,25,IT,Manager,MBA,8,82236.0,2021-03-01,Chennai,3,Yes,No
EMP06711,Chandresh Sama,Female,31,Sales,Senior Analyst,B.Tech,6,62522.0,2019-05-15,Hyderabad,5,Yes,No
EMP06712,Banjeet Bahl,Female,58,Finance,Team Lead,MBA,8,101282.0,2017-11-01,Pune,5,Yes,No
EMP06713,Daniel Sethi,Female,25,IT,Manager,B.Tech,11,89399.0,2020-11-04,Hyderabad,3,No,No
EMP06714,Charita Chaudhry,Male,52,Marketing,Manager,B.Tech,2,61787.0,2021-10-10,Chennai,5,Yes,No
EMP06715,Dayamai Kota,Male,60,Sales,Manager,MBA,5,57526.0,2022-10-03,Hyderabad,4,Yes,No
EMP06716,Fariq Karpe,Male,24,Sales,Analyst,M.Tech,1,93817.0,2024-04-11,Pune,1,No,Yes
EMP06717,Pranav Memon,Male,52,Sales,Senior Analyst,MCA,16,97080.0,2019-08-01,Mumbai,3,Yes,Yes
EMP06718,Zansi Vohra,Female,54,IT,Manager,B.Tech,15,117375.0,2017-07-16,Pune,1,No,No
EMP06719,Qabil Sehgal,Female,50,HR,Manager,BCA,17,55948.0,2021-04-16,Hyderabad,4,Yes,No
EMP06720,Pahal Aggarwal,Male,57,Finance,Analyst,B.Tech,18,98069.0,2018-11-09,Chennai,4,Yes,No
EMP06721,Yoshita Chaudhari,Female,45,Marketing,Analyst,BCA,18,72782.0,2021-01-20,Hyderabad,2,No,No
EMP06722,Chakrika Lall,Male,39,Finance,Manager,BCA,16,64089.0,2021-10-20,Mumbai,2,No,No
EMP06723,Veda Bhavsar,Female,36,IT,Manager,MCA,13,69889.0,2021-07-28,Pune,1,No,No
EMP06724,Tanmayi Karnik,Female,43,Marketing,Team Lead,BCA,15,87076.0,2025-11-13,Mumbai,5,Yes,No
EMP06725,Henry Kara,Male,59,Finance,Senior Analyst,B.Tech,16,45688.0,2020-02-13,Bangalore,4,No,No
EMP06726,Bimala Taneja,Male,52,Sales,Team Lead,MCA,9,99046.0,2026-08-06,Hyderabad,3,Yes,No
EMP06727,Owen Balasubramanian,Female,42,Marketing,Senior Analyst,MCA,2,76052.0,2025-08-09,Bangalore,1,Yes,No
EMP06728,Thomas Wason,Female,34,IT,Manager,MBA,17,125471.0,2024-10-11,Bangalore,2,No,No
EMP06729,Warda Chandran,Male,30,Marketing,Analyst,MCA,15,38676.0,2022-01-14,Mumbai,2,No,No
EMP06730,Dayita Ahluwalia,Male,54,HR,Team Lead,M.Tech,1,42917.0,2019-01-02,Chennai,4,No,No
EMP06731,Jeevika Padmanabhan,Male,37,HR,Manager,B.Tech,20,55204.0,2017-03-07,Mumbai,1,No,Yes
EMP06732,Yashoda Raghavan,Male,59,Sales,Team Lead,MBA,0,86800.0,2022-06-20,Bangalore,5,Yes,No
EMP06733,Jairaj Bhat,Male,27,Finance,Analyst,MCA,19,90270.0,2022-03-22,Hyderabad,5,No,Yes
EMP06734,Zayyan Brahmbhatt,Female,57,Finance,Manager,B.Tech,6,47046.0,2017-03-18,Mumbai,4,No,No
EMP06735,Jagat Tailor,Female,57,Finance,Analyst,B.Tech,2,52970.0,2016-11-24,Chennai,4,No,No
EMP06736,Rohan Bawa,Female,54,Marketing,Senior Analyst,B.Tech,3,65879.0,2017-05-27,Mumbai,1,No,No
EMP06737,Unnati Zachariah,Male,40,HR,Analyst,M.Tech,15,32253.0,2024-12-03,Pune,4,Yes,No
EMP06738,Daksha Murty,Male,29,HR,Manager,MBA,7,43520.0,2024-04-12,Hyderabad,5,Yes,No
EMP06739,Raagini Kunda,Female,53,IT,Analyst,M.Tech,7,109283.0,2024-10-13,Pune,1,No,No
EMP06740,Megha Nadig,Female,45,IT,Senior Analyst,M.Tech,6,56868.0,2019-02-25,Bangalore,1,Yes,No
EMP06741,Rehaan Roy,Female,52,Sales,Analyst,M.Tech,19,52156.0,2018-06-15,Hyderabad,5,Yes,No
EMP06742,Kashish Mangal,Male,35,HR,Analyst,MBA,13,45867.0,2025-01-04,Mumbai,2,No,No
EMP06743,Ekaja Varughese,Male,60,IT,Team Lead,MBA,20,103668.0,2024-07-11,Bangalore,2,No,No
EMP06744,Krishna Sheth,Male,32,Finance,Senior Analyst,B.Tech,19,115179.0,2019-11-02,Bangalore,4,Yes,No
EMP06745,Gayathri Saran,Male,45,HR,Manager,B.Tech,1,65346.0,2017-09-19,Bangalore,1,No,No
EMP06746,Fiyaz Dass,Male,25,IT,Analyst,MCA,5,145277.0,2020-12-26,Bangalore,2,No,Yes
EMP06747,Reyansh Dugar,Male,32,Finance,Senior Analyst,B.Tech,2,106177.0,2021-11-15,Hyderabad,2,No,No
EMP06748,Vyanjana Som,Male,27,Sales,Manager,MBA,8,48026.0,2019-12-30,Mumbai,1,No,No
EMP06749,Keya Ramanathan,Male,52,HR,Manager,MCA,3,77763.0,2026-05-31,Chennai,3,No,No
EMP06750,Ishaan Vig,Female,29,IT,Manager,B.Tech,15,105590.0,2020-11-16,Pune,1,Yes,No
EMP06751,Vansha Sheth,Male,46,IT,Analyst,BCA,9,74544.0,2026-06-17,Pune,1,Yes,Yes
EMP06752,Jackson Mani,Male,22,Finance,Analyst,M.Tech,9,87154.0,2016-08-10,Pune,1,Yes,No
EMP06753,Jason Palla,Male,60,Sales,Team Lead,MBA,8,77099.0,2025-10-01,Pune,2,No,Yes
EMP06754,Pavani Kala,Female,60,IT,Senior Analyst,B.Tech,19,69949.0,2022-07-18,Hyderabad,2,Yes,No
EMP06755,Amaira Vala,Female,35,Finance,Team Lead,B.Tech,14,102600.0,2019-10-29,Pune,1,No,No
EMP06756,Jeet Sood,Female,54,IT,Analyst,B.Tech,3,75185.0,2024-02-19,Bangalore,3,No,No
EMP06757,Krisha Bhat,Male,22,Sales,Manager,BCA,4,64615.0,2024-08-13,Hyderabad,1,Yes,No
EMP06758,Yachana Raval,Male,41,Finance,Analyst,BCA,2,117843.0,2019-11-20,Hyderabad,1,Yes,No
EMP06759,Baghyawati Manda,Male,49,Finance,Analyst,BCA,3,51543.0,2024-06-01,Hyderabad,5,No,No
EMP06760,Megha Rau,Female,50,Finance,Analyst,B.Tech,8,99840.0,2023-06-22,Pune,5,Yes,No
EMP06761,Joshua Bhavsar,Male,41,IT,Senior Analyst,MCA,13,80520.0,2024-11-06,Pune,4,No,No
EMP06762,Siya Sunder,Female,53,Marketing,Analyst,MBA,0,70509.0,2018-05-26,Chennai,1,No,No
EMP06763,Triveni Sheth,Female,38,Sales,Senior Analyst,B.Tech,13,68246.0,2024-02-28,Hyderabad,3,No,No
EMP06764,Sudiksha Thakkar,Male,42,Marketing,Manager,BCA,12,50251.0,2020-06-04,Mumbai,5,Yes,No
EMP06765,Zehaan Borah,Male,60,HR,Senior Analyst,MBA,12,43251.0,2025-07-29,Hyderabad,1,No,No
EMP06766,Lakshit Murthy,Female,31,Marketing,Analyst,MBA,4,51491.0,2021-01-16,Hyderabad,5,Yes,Yes
EMP06767,Ekani Aggarwal,Female,37,IT,Senior Analyst,B.Tech,2,136336.0,2025-08-18,Pune,4,Yes,No
EMP06768,Megha Bains,Female,52,Sales,Senior Analyst,M.Tech,5,74774.0,2026-01-24,Bangalore,2,Yes,No
EMP06769,Kamya Dash,Male,56,Finance,Team Lead,M.Tech,18,103402.0,2021-01-27,Pune,1,No,No
EMP06770,Ojas Dora,Male,57,HR,Team Lead,MBA,9,44999.0,2022-11-08,Hyderabad,3,No,Yes
EMP06771,Qadim Ramaswamy,Female,43,Marketing,Manager,BCA,16,81438.0,2023-02-07,Bangalore,3,No,No
EMP06772,Bhavya Wali,Male,45,HR,Team Lead,MBA,4,73348.0,2017-08-21,Chennai,2,Yes,No
EMP06773,Pushti Chauhan,Male,57,IT,Manager,MCA,10,141071.0,2021-03-10,Hyderabad,3,Yes,No
EMP06774,Widisha Dass,Female,53,Marketing,Manager,MBA,5,37084.0,2017-02-06,Bangalore,2,No,No
EMP06775,Pahal Modi,Male,28,Sales,Senior Analyst,MBA,2,39090.0,2019-04-26,Bangalore,4,Yes,No
EMP06776,Chandresh Din,Female,31,Finance,Manager,B.Tech,12,68412.0,2020-07-06,Pune,3,No,Yes
EMP06777,Vansha Trivedi,Female,52,IT,Team Lead,MCA,18,126216.0,2026-02-18,Bangalore,4,Yes,No
EMP06778,Zarna Purohit,Female,30,Finance,Manager,MCA,4,75524.0,2019-08-30,Pune,3,No,No
EMP06779,Waida Bassi,Male,29,Sales,Senior Analyst,BCA,14,83445.0,2020-09-16,Bangalore,3,No,No
EMP06780,Idika Lad,Male,38,Sales,Analyst,MBA,10,75342.0,2020-11-23,Pune,2,Yes,No
EMP06781,Gunbir Bansal,Female,22,Marketing,Manager,MCA,14,45346.0,2022-02-18,Mumbai,2,Yes,No
EMP06782,Megha Choudhary,Male,57,Sales,Team Lead,MCA,19,53082.0,2024-06-16,Mumbai,2,Yes,No
EMP06783,Farhan Brahmbhatt,Female,26,HR,Analyst,MBA,17,68646.0,2020-08-19,Hyderabad,4,Yes,Yes
EMP06784,Leela Kalla,Male,56,IT,Senior Analyst,M.Tech,17,106514.0,2024-10-13,Pune,3,Yes,No
EMP06785,Nitesh Manda,Female,26,Sales,Senior Analyst,M.Tech,20,73673.0,2026-05-08,Pune,1,Yes,No
EMP06786,Kevin Zachariah,Female,57,Marketing,Manager,BCA,8,84426.0,2016-10-17,Pune,5,Yes,Yes
EMP06787,Kai Bhardwaj,Female,36,Marketing,Senior Analyst,B.Tech,6,88156.0,2018-01-19,Hyderabad,3,Yes,No
EMP06788,Jeevika Chaudhari,Male,34,Marketing,Senior Analyst,MCA,10,38398.0,2024-06-02,Pune,1,No,No
EMP06789,Adweta Merchant,Male,37,Marketing,Senior Analyst,B.Tech,7,71238.0,2020-02-08,Chennai,5,No,No
EMP06790,Urmi Mall,Male,42,HR,Senior Analyst,M.Tech,7,51395.0,2023-11-02,Mumbai,5,No,No
EMP06791,Brinda Rege,Male,42,Marketing,Team Lead,BCA,16,39444.0,2017-10-21,Pune,3,No,No
EMP06792,Rushil Boase,Male,51,Finance,Senior Analyst,BCA,8,97870.0,2022-02-24,Bangalore,4,Yes,No
EMP06793,Ekta Desai,Female,25,Finance,Team Lead,B.Tech,9,105713.0,2019-03-20,Mumbai,1,No,Yes
EMP06794,Ekavir Mukhopadhyay,Female,39,Marketing,Manager,MBA,19,42127.0,2026-02-07,Hyderabad,2,No,No
EMP06795,Rachita Shukla,Female,50,Finance,Analyst,BCA,19,76397.0,2022-07-30,Hyderabad,1,Yes,No
EMP06796,Zayyan Sagar,Male,59,Finance,Analyst,MBA,13,46432.0,2023-10-21,Mumbai,5,No,No
EMP06797,Urmi Mani,Female,35,IT,Analyst,BCA,10,109664.0,2021-07-17,Mumbai,1,Yes,No
EMP06798,Tristan Khanna,Male,33,Finance,Team Lead,MCA,2,74893.0,2025-07-03,Chennai,5,No,No
EMP06799,Ekantika Mani,Male,30,IT,Analyst,BCA,18,51213.0,2022-08-13,Hyderabad,5,No,No
EMP06800,Krisha Dhillon,Female,49,Marketing,Analyst,MBA,20,83884.0,2017-10-22,Bangalore,5,No,Yes
EMP06801,Urvi Ratti,Female,32,IT,Team Lead,BCA,18,92184.0,2019-03-14,Chennai,5,No,No
EMP06802,Finn Chaudhari,Male,46,Marketing,Analyst,BCA,20,51769.0,2023-05-28,Pune,2,No,No
EMP06803,Panini Sant,Female,58,IT,Senior Analyst,B.Tech,11,79097.0,2024-01-13,Bangalore,5,Yes,No
EMP06804,Tanay Pillay,Male,39,IT,Team Lead,MBA,15,145047.0,2022-11-27,Pune,1,Yes,No
EMP06805,Sarthak Mahajan,Male,46,Marketing,Manager,MCA,0,89914.0,2025-04-05,Pune,2,Yes,No
EMP06806,Chasmum Ratti,Male,50,Marketing,Analyst,B.Tech,12,43639.0,2017-12-16,Chennai,1,No,No
EMP06807,Yashvi Tata,Male,30,HR,Manager,B.Tech,4,59659.0,2019-06-25,Mumbai,4,Yes,No
EMP06808,Keya Hans,Male,57,Finance,Senior Analyst,MCA,3,94848.0,2016-09-23,Mumbai,1,No,No
EMP06809,Abhiram Talwar,Male,41,Marketing,Team Lead,BCA,3,36911.0,2018-12-28,Hyderabad,3,No,No
EMP06810,Yachana Choudhary,Male,29,Marketing,Senior Analyst,MCA,6,59014.0,2021-03-23,Chennai,5,No,No
EMP06811,Rushil Nadig,Male,43,IT,Manager,M.Tech,9,84319.0,2026-04-27,Mumbai,4,No,No
EMP06812,Ria Kannan,Female,27,HR,Analyst,BCA,2,52344.0,2018-06-30,Chennai,3,No,No
EMP06813,Anmol Khare,Male,22,Sales,Senior Analyst,BCA,10,35298.0,2026-06-25,Bangalore,4,No,No
EMP06814,Manbir Sidhu,Male,41,Sales,Senior Analyst,BCA,20,51325.0,2018-03-06,Pune,2,Yes,Yes
EMP06815,Ati Parikh,Female,54,Sales,Team Lead,BCA,14,31258.0,2018-10-10,Bangalore,2,No,No
EMP06816,Ojasvi Khatri,Male,31,Finance,Analyst,BCA,4,83758.0,2025-07-14,Mumbai,3,No,No
EMP06817,Odika Lanka,Male,32,Sales,Manager,M.Tech,4,38506.0,2021-03-17,Pune,3,No,No
EMP06818,Chanakya Dugar,Male,30,Sales,Analyst,M.Tech,7,42978.0,2026-05-14,Chennai,4,No,Yes
EMP06819,George Karan,Male,52,Marketing,Manager,B.Tech,6,76309.0,2018-03-30,Bangalore,5,Yes,No
EMP06820,Kabir Ghose,Female,57,Finance,Senior Analyst,B.Tech,18,109860.0,2023-09-25,Mumbai,3,Yes,No
EMP06821,Oliver Konda,Male,29,Finance,Manager,MCA,8,63435.0,2021-08-01,Bangalore,1,No,No
EMP06822,Peter Viswanathan,Female,24,Finance,Senior Analyst,BCA,11,81402.0,2018-03-07,Chennai,5,Yes,No
EMP06823,Ekaja Dugar,Female,22,Sales,Manager,M.Tech,14,55071.0,2023-11-11,Bangalore,1,Yes,No
EMP06824,Jagvi Borah,Male,60,IT,Manager,BCA,0,77564.0,2023-08-19,Pune,4,No,No
EMP06825,Sarthak Madan,Female,24,Sales,Team Lead,BCA,19,73549.0,2021-07-11,Hyderabad,4,Yes,No
EMP06826,Nidra Arora,Male,57,IT,Analyst,M.Tech,18,76864.0,2022-06-24,Pune,5,Yes,Yes
EMP06827,Aadi Bhalla,Female,48,Marketing,Senior Analyst,BCA,13,36122.0,2017-04-13,Mumbai,4,Yes,No
EMP06828,Ranbir Prabhu,Male,45,Marketing,Manager,B.Tech,9,49454.0,2018-08-11,Pune,2,No,No
EMP06829,Tristan Sur,Male,37,Finance,Analyst,MCA,16,63695.0,2021-12-22,Pune,4,No,No
EMP06830,Devansh Hari,Female,42,HR,Manager,MCA,5,72247.0,2019-01-02,Pune,2,Yes,No
EMP06831,Dakshesh Majumdar,Female,26,Sales,Senior Analyst,M.Tech,0,87092.0,2020-10-20,Bangalore,4,No,No
EMP06832,Luke Mital,Male,22,Sales,Senior Analyst,B.Tech,7,46712.0,2020-07-11,Hyderabad,1,Yes,No
EMP06833,Garima Kurian,Male,31,HR,Senior Analyst,M.Tech,14,73033.0,2019-02-05,Mumbai,5,No,Yes
EMP06834,Peter Talwar,Male,25,IT,Team Lead,B.Tech,5,138484.0,2018-04-11,Bangalore,4,Yes,No
EMP06835,Upadhriti Dada,Male,46,IT,Manager,MBA,16,87649.0,2020-07-08,Chennai,3,Yes,No
EMP06836,Kashvi Brar,Female,52,HR,Senior Analyst,MBA,7,66001.0,2024-07-04,Pune,2,Yes,No
EMP06837,Anusha Mahal,Female,32,Finance,Senior Analyst,M.Tech,17,88860.0,2025-02-03,Bangalore,3,Yes,No
EMP06838,Libni Sandal,Female,33,Finance,Senior Analyst,M.Tech,19,56766.0,2021-12-03,Bangalore,5,No,No
EMP06839,Nihal Lal,Male,58,Marketing,Analyst,MBA,2,73096.0,2019-12-15,Pune,3,No,No
EMP06840,Anika Kar,Female,22,HR,Analyst,MCA,14,50974.0,2018-05-24,Bangalore,1,Yes,No
EMP06841,Watika More,Female,40,HR,Analyst,BCA,7,55337.0,2024-05-22,Chennai,5,Yes,No
EMP06842,Dhruv Trivedi,Male,26,Finance,Senior Analyst,MBA,15,51480.0,2022-08-15,Pune,5,Yes,No
EMP06843,Devika Nigam,Male,49,HR,Manager,B.Tech,13,76656.0,2017-11-01,Mumbai,2,Yes,No
EMP06844,Kavya Bahl,Male,56,Marketing,Team Lead,MCA,0,39940.0,2025-09-19,Pune,1,No,Yes
EMP06845,Om Amble,Male,36,Finance,Analyst,MBA,8,82548.0,2017-04-24,Bangalore,4,No,No
EMP06846,Chandran Jain,Female,33,Finance,Senior Analyst,B.Tech,9,47920.0,2018-02-12,Mumbai,3,Yes,No
EMP06847,Chavvi Bail,Male,23,HR,Team Lead,MBA,15,46281.0,2023-07-19,Chennai,2,Yes,No
EMP06848,Ethan Jaggi,Male,29,Finance,Team Lead,M.Tech,5,95577.0,2024-08-03,Pune,2,Yes,No
EMP06849,Eesha Hayre,Female,46,Marketing,Senior Analyst,M.Tech,13,44307.0,2023-10-12,Pune,5,No,No
EMP06850,Sneha Mann,Female,59,Sales,Analyst,M.Tech,5,47533.0,2018-06-15,Hyderabad,3,Yes,No
EMP06851,Unni Bava,Female,38,Finance,Team Lead,M.Tech,18,65486.0,2021-02-02,Hyderabad,1,No,No
EMP06852,Anthony Bahl,Female,55,IT,Manager,BCA,0,98569.0,2022-01-23,Bangalore,5,Yes,No
EMP06853,Yachana Magar,Female,42,Finance,Manager,MBA,15,67161.0,2026-02-16,Mumbai,1,No,No
EMP06854,Onveer Ganesan,Female,29,HR,Analyst,MBA,9,52181.0,2017-09-09,Bangalore,4,Yes,No
EMP06855,Victor Dugar,Male,49,Finance,Team Lead,MBA,11,87428.0,2021-08-26,Hyderabad,2,Yes,No
EMP06856,Owen Yadav,Male,24,IT,Senior Analyst,BCA,8,104018.0,2016-09-04,Chennai,4,No,No
EMP06857,Wazir Sampath,Female,44,Finance,Analyst,B.Tech,18,101439.0,2019-03-21,Pune,2,No,No
EMP06858,Radha Wadhwa,Female,32,Sales,Senior Analyst,MBA,14,87912.0,2020-05-31,Mumbai,4,No,No
EMP06859,Rajata Manne,Female,29,HR,Senior Analyst,BCA,14,66019.0,2023-09-19,Pune,3,No,No
EMP06860,Omkaar Chad,Female,25,Finance,Team Lead,M.Tech,13,108166.0,2026-05-19,Pune,1,No,No
EMP06861,Abeer Bhakta,Male,27,Marketing,Team Lead,MCA,5,57869.0,2019-08-23,Chennai,3,Yes,No
EMP06862,Rayaan Jhaveri,Male,34,Marketing,Manager,B.Tech,4,64827.0,2023-07-29,Pune,5,Yes,No
EMP06863,Deepa Menon,Male,34,Sales,Senior Analyst,M.Tech,13,93088.0,2017-11-06,Pune,1,Yes,No
EMP06864,Dhriti Agate,Male,46,Finance,Senior Analyst,BCA,17,95647.0,2018-05-09,Pune,1,Yes,No
EMP06865,Dayamai Bhatia,Female,55,Sales,Team Lead,BCA,1,55294.0,2018-06-08,Pune,1,Yes,No
EMP06866,Faris Hayre,Male,46,IT,Manager,MBA,2,59700.0,2024-08-09,Hyderabad,4,No,No
EMP06867,Tanay Randhawa,Female,51,HR,Manager,BCA,7,59804.0,2019-07-19,Bangalore,3,No,No
EMP06868,Chaitaly Kalita,Female,34,Marketing,Team Lead,BCA,9,73281.0,2016-11-04,Bangalore,5,Yes,No
EMP06869,Ishanvi Peri,Male,32,IT,Team Lead,BCA,1,96723.0,2023-05-01,Chennai,4,No,No
EMP06870,Alka Wable,Male,56,Finance,Manager,MBA,16,94568.0,2022-12-14,Pune,3,Yes,No
EMP06871,Lila Setty,Male,29,HR,Analyst,MBA,16,43069.0,2026-06-10,Pune,4,No,No
EMP06872,Omya Bhatti,Female,51,IT,Senior Analyst,MCA,6,61302.0,2017-05-06,Hyderabad,2,No,Yes
EMP06873,Atharv Ben,Male,32,Sales,Manager,MCA,2,65401.0,2021-04-13,Chennai,5,Yes,No
EMP06874,Ijaya Sharaf,Male,43,HR,Senior Analyst,MCA,14,79387.0,2016-12-02,Bangalore,2,Yes,No
EMP06875,Logan Patel,Female,43,Marketing,Team Lead,MBA,16,64736.0,2022-11-16,Chennai,1,Yes,No
EMP06876,Hredhaan Chaudry,Female,24,Sales,Analyst,B.Tech,15,76372.0,2016-09-27,Mumbai,1,No,No
EMP06877,Libni Raja,Male,47,IT,Senior Analyst,M.Tech,6,85949.0,2021-04-23,Chennai,1,Yes,Yes
EMP06878,Ekani Randhawa,Male,45,IT,Senior Analyst,MCA,0,119454.0,2021-04-27,Hyderabad,4,Yes,No
EMP06879,Hemang Varughese,Female,34,IT,Team Lead,BCA,10,103549.0,2023-03-23,Mumbai,4,Yes,No
EMP06880,Mohini Patla,Female,38,Marketing,Manager,MCA,9,88156.0,2020-07-02,Chennai,5,Yes,No
EMP06881,Gautam Deo,Male,56,Sales,Senior Analyst,M.Tech,15,51801.0,2025-08-12,Pune,4,No,No
EMP06882,Advaith Mahajan,Male,34,Marketing,Team Lead,MBA,11,47871.0,2023-02-16,Hyderabad,3,Yes,No
EMP06883,Yauvani Sen,Female,37,Marketing,Analyst,M.Tech,11,40421.0,2018-10-18,Mumbai,2,No,No
EMP06884,Waida Chaudhuri,Female,48,Marketing,Manager,M.Tech,12,75550.0,2017-11-29,Chennai,4,Yes,No
EMP06885,Alexander Hans,Male,55,Finance,Team Lead,M.Tech,19,92510.0,2017-02-27,Chennai,4,No,No
EMP06886,Aayush Varkey,Male,41,HR,Manager,M.Tech,3,54961.0,2023-02-17,Chennai,3,Yes,No
EMP06887,Libni Balasubramanian,Male,54,IT,Team Lead,B.Tech,1,93226.0,2018-04-17,Chennai,3,Yes,No
EMP06888,Laban Dua,Male,45,IT,Senior Analyst,MCA,5,69191.0,2022-08-03,Mumbai,3,No,No
EMP06889,Kala Vyas,Male,44,Marketing,Senior Analyst,MBA,16,36405.0,2016-09-13,Hyderabad,4,Yes,No
EMP06890,Jagat Mani,Male,49,Marketing,Manager,BCA,5,63959.0,2021-06-07,Chennai,2,No,No
EMP06891,Nirja Mall,Female,32,IT,Manager,BCA,19,60553.0,2017-02-05,Bangalore,5,Yes,No
EMP06892,Chakradev Raju,Female,58,Marketing,Senior Analyst,B.Tech,10,63654.0,2026-04-10,Hyderabad,2,Yes,No
EMP06893,Mitesh Sagar,Female,38,Finance,Analyst,BCA,15,76484.0,2025-04-02,Mumbai,4,Yes,No
EMP06894,Gauri Sur,Male,31,IT,Manager,B.Tech,2,61766.0,2021-09-10,Hyderabad,1,No,No
EMP06895,Harsh Radhakrishnan,Male,60,HR,Senior Analyst,M.Tech,2,62015.0,2023-04-07,Mumbai,2,No,No
EMP06896,Girik Dhingra,Male,60,HR,Team Lead,M.Tech,7,48295.0,2023-01-13,Chennai,2,No,No
EMP06897,Ekalinga Chowdhury,Male,46,Sales,Manager,B.Tech,13,54273.0,2017-09-19,Pune,2,No,No
EMP06898,Daniel Malhotra,Female,39,Finance,Senior Analyst,MBA,7,47251.0,2025-10-22,Chennai,2,Yes,No
EMP06899,Hardik Balasubramanian,Male,55,Marketing,Analyst,BCA,20,75902.0,2020-10-13,Hyderabad,2,No,Yes
EMP06900,Raagini Soni,Female,23,IT,Senior Analyst,BCA,20,148675.0,2018-08-28,Pune,1,No,No
EMP06901,Udyati Setty,Male,59,HR,Senior Analyst,B.Tech,7,55530.0,2020-01-24,Mumbai,1,No,No
EMP06902,Nidhi Chaudhuri,Female,44,Sales,Analyst,MCA,20,66658.0,2024-11-11,Hyderabad,2,No,No
EMP06903,Tamanna Karnik,Male,46,Marketing,Manager,BCA,18,63795.0,2021-12-28,Hyderabad,2,Yes,No
EMP06904,Adya Bhavsar,Male,59,HR,Analyst,B.Tech,14,76140.0,2018-03-10,Bangalore,2,No,No
EMP06905,Qarin Chatterjee,Male,27,Finance,Team Lead,B.Tech,9,83220.0,2025-07-07,Hyderabad,5,No,No
EMP06906,Elijah Trivedi,Female,45,Marketing,Analyst,M.Tech,7,47389.0,2026-02-07,Bangalore,1,Yes,No
EMP06907,Aarna Sood,Male,46,Marketing,Team Lead,MCA,2,68114.0,2024-04-09,Mumbai,1,Yes,No
EMP06908,Naveen Vaidya,Male,34,IT,Team Lead,MBA,1,100784.0,2017-07-27,Mumbai,1,No,No
EMP06909,Sathvik Bhagat,Male,29,IT,Manager,MCA,12,95453.0,2021-09-26,Chennai,2,No,No
EMP06910,Varenya Char,Male,49,Finance,Manager,MBA,5,72761.0,2026-07-15,Hyderabad,4,No,No
EMP06911,Gopal Dhingra,Female,25,HR,Manager,B.Tech,17,57373.0,2017-07-12,Pune,2,Yes,No
EMP06912,Pavani Din,Male,28,Marketing,Manager,M.Tech,0,82662.0,2016-12-13,Mumbai,2,Yes,No
EMP06913,Azad Savant,Female,30,Finance,Analyst,MCA,18,93721.0,2023-07-29,Chennai,4,Yes,No
EMP06914,Jagvi Pillai,Male,47,Finance,Manager,MCA,7,91979.0,2021-04-03,Chennai,3,Yes,No
EMP06915,Faraj Dasgupta,Male,34,Marketing,Manager,BCA,17,35491.0,2018-03-25,Bangalore,1,No,No
EMP06916,Harshil Raghavan,Female,28,Finance,Analyst,BCA,20,47651.0,2025-10-30,Bangalore,5,No,No
EMP06917,Chameli Lalla,Female,32,IT,Manager,MCA,1,131838.0,2016-10-28,Chennai,2,No,No
EMP06918,Baghyawati Chaudhry,Male,22,IT,Team Lead,M.Tech,13,109712.0,2018-08-26,Hyderabad,3,No,No
EMP06919,Charles Sridhar,Male,59,IT,Manager,MCA,11,115187.0,2017-11-22,Hyderabad,3,No,No
EMP06920,Qasim Kaur,Male,59,Sales,Team Lead,M.Tech,4,72643.0,2021-01-27,Chennai,3,No,No
EMP06921,Charan Sani,Female,46,Sales,Senior Analyst,BCA,2,99823.0,2026-05-13,Chennai,1,Yes,No
EMP06922,Harinakshi Prabhu,Female,56,HR,Manager,M.Tech,20,66739.0,2022-09-05,Mumbai,3,Yes,No
EMP06923,Ronith Saxena,Female,30,Finance,Senior Analyst,M.Tech,4,101432.0,2018-06-06,Bangalore,5,Yes,No
EMP06924,Xavier Chopra,Male,31,HR,Team Lead,B.Tech,3,50448.0,2021-06-10,Bangalore,1,Yes,No
EMP06925,Jairaj Boase,Male,48,Marketing,Analyst,M.Tech,16,75880.0,2024-11-26,Chennai,5,Yes,Yes
EMP06926,Qushi Balan,Male,59,Sales,Manager,M.Tech,7,64271.0,2020-04-06,Pune,1,No,No
EMP06927,Neelima Thaker,Male,29,IT,Manager,M.Tech,12,58830.0,2022-04-05,Mumbai,5,Yes,No
EMP06928,Indali Mohan,Female,54,Finance,Manager,MCA,20,69088.0,2022-12-20,Hyderabad,2,Yes,No
EMP06929,Watika Chandran,Female,47,HR,Analyst,BCA,16,48828.0,2026-02-17,Chennai,5,No,No
EMP06930,Neelima Babu,Female,26,Sales,Analyst,MBA,19,78236.0,2018-07-21,Bangalore,3,No,No
EMP06931,Vrishti Sandal,Male,46,Sales,Analyst,MCA,20,39319.0,2024-03-16,Pune,1,Yes,No
EMP06932,Darpan Natt,Male,46,IT,Manager,BCA,7,69808.0,2024-09-19,Pune,5,Yes,Yes
EMP06933,Ethan Parmar,Male,53,Sales,Senior Analyst,MBA,12,44212.0,2023-10-20,Bangalore,4,No,Yes
EMP06934,Faras Prakash,Female,25,Marketing,Manager,MCA,11,39639.0,2018-03-15,Bangalore,1,No,No
EMP06935,Michael Sarraf,Male,54,Marketing,Senior Analyst,MBA,9,54289.0,2022-10-12,Hyderabad,5,No,No
EMP06936,Rajeshri Sarkar,Male,49,HR,Manager,MCA,17,70702.0,2018-03-19,Mumbai,4,Yes,No
EMP06937,Tanay Boase,Female,60,Sales,Team Lead,MBA,16,62294.0,2022-10-22,Pune,5,No,No
EMP06938,Krishna Balasubramanian,Male,35,Marketing,Manager,MCA,3,84362.0,2017-02-11,Mumbai,5,Yes,No
EMP06939,Laksh Mani,Male,35,HR,Analyst,M.Tech,8,54060.0,2023-12-05,Chennai,1,No,No
EMP06940,Dhriti Sinha,Female,49,Marketing,Senior Analyst,M.Tech,8,60115.0,2020-07-21,Hyderabad,3,No,No
EMP06941,Akshay Date,Female,52,Finance,Manager,MCA,16,49198.0,2022-04-29,Bangalore,2,Yes,No
EMP06942,Rishi Lata,Female,49,Sales,Senior Analyst,BCA,8,84824.0,2020-03-25,Hyderabad,4,Yes,Yes
EMP06943,Yochana Mody,Female,39,Finance,Manager,B.Tech,4,82375.0,2024-11-23,Chennai,2,No,No
EMP06944,Ayush Kalita,Female,42,Sales,Analyst,BCA,10,93753.0,2026-04-23,Mumbai,3,Yes,No
EMP06945,Tejas Bhargava,Male,58,HR,Manager,BCA,7,56049.0,2024-07-27,Bangalore,3,No,No
EMP06946,Karan Kothari,Female,53,Finance,Analyst,M.Tech,3,92771.0,2025-12-05,Pune,3,No,No
EMP06947,Ekantika Kalita,Male,38,Marketing,Analyst,M.Tech,11,80634.0,2022-06-19,Chennai,4,No,No
EMP06948,Urvi Sule,Male,46,IT,Team Lead,BCA,16,86896.0,2016-11-11,Pune,2,No,No
EMP06949,Abhimanyu Mishra,Male,51,HR,Manager,M.Tech,19,44485.0,2018-11-11,Chennai,2,Yes,No
EMP06950,Lakshit Seth,Female,39,Sales,Team Lead,B.Tech,14,53667.0,2023-09-03,Hyderabad,4,Yes,Yes
EMP06951,Abha Datta,Female,58,Finance,Senior Analyst,M.Tech,19,55016.0,2023-01-03,Pune,3,Yes,No
EMP06952,Ranveer Keer,Male,55,HR,Analyst,MCA,14,76491.0,2025-11-14,Pune,3,No,No
EMP06953,Kashvi Buch,Female,37,IT,Analyst,B.Tech,1,142751.0,2023-01-13,Mumbai,4,Yes,No
EMP06954,Azaan Ganesan,Male,36,IT,Manager,MCA,11,146515.0,2020-02-18,Bangalore,5,No,No
EMP06955,Vidhi Narain,Female,27,Finance,Senior Analyst,M.Tech,4,116260.0,2022-05-27,Mumbai,2,No,No
EMP06956,Patrick Sant,Female,56,HR,Manager,B.Tech,3,31286.0,2022-06-29,Pune,3,Yes,No
EMP06957,Ubika Gole,Male,48,Finance,Senior Analyst,BCA,15,78077.0,2017-09-11,Pune,2,Yes,No
EMP06958,Harsh Vora,Female,35,Marketing,Analyst,MBA,2,43847.0,2023-01-08,Chennai,3,Yes,No
EMP06959,Kashvi Date,Female,32,Finance,Team Lead,B.Tech,17,79716.0,2025-08-14,Chennai,3,Yes,No
EMP06960,Harrison Shanker,Male,43,Sales,Analyst,M.Tech,0,80111.0,2026-06-12,Pune,2,Yes,No
EMP06961,Chakradev Chaudhari,Female,57,Finance,Manager,MCA,9,102828.0,2022-08-22,Hyderabad,3,Yes,Yes
EMP06962,Xalak Sibal,Female,44,Finance,Manager,M.Tech,20,73349.0,2024-02-25,Mumbai,5,Yes,No
EMP06963,Jagvi Deshpande,Female,27,HR,Analyst,M.Tech,4,64382.0,2024-05-28,Hyderabad,2,Yes,Yes
EMP06964,Imaran Anand,Female,58,Marketing,Manager,MBA,8,38677.0,2024-10-07,Pune,5,Yes,No
EMP06965,Dalaja Ray,Male,44,HR,Team Lead,MCA,12,59013.0,2026-02-20,Pune,5,Yes,No
EMP06966,Tanveer Sami,Male,35,Marketing,Senior Analyst,B.Tech,13,66988.0,2025-07-06,Bangalore,1,No,No
EMP06967,Rajata Kapoor,Male,37,Finance,Team Lead,MBA,12,81849.0,2019-03-27,Chennai,2,Yes,No
EMP06968,Zilmil Hegde,Female,59,Marketing,Manager,MBA,5,46859.0,2018-08-21,Chennai,4,Yes,No
EMP06969,Ekaraj Sharaf,Female,25,IT,Manager,MBA,17,90928.0,2018-07-25,Bangalore,2,Yes,No
EMP06970,Bhavani Wali,Female,49,Finance,Senior Analyst,MBA,17,56702.0,2018-03-06,Hyderabad,2,Yes,No
EMP06971,Naksh Sahota,Male,26,IT,Team Lead,M.Tech,11,89216.0,2023-03-12,Bangalore,2,Yes,No
EMP06972,Wahab Sura,Female,34,Marketing,Analyst,M.Tech,20,76620.0,2017-08-20,Pune,1,No,No
EMP06973,Warhi Rastogi,Female,28,Marketing,Analyst,M.Tech,4,77242.0,2025-02-14,Pune,5,Yes,No
EMP06974,Gagan Sant,Male,42,HR,Senior Analyst,BCA,0,41871.0,2024-12-07,Mumbai,1,No,No
EMP06975,Lopa Ratta,Male,25,IT,Analyst,M.Tech,4,90694.0,2018-01-19,Pune,2,No,No
EMP06976,Unnati Virk,Male,48,Marketing,Team Lead,MBA,15,86375.0,2022-08-27,Hyderabad,4,Yes,No
EMP06977,Sarthak Sathe,Female,57,Marketing,Team Lead,MCA,1,41776.0,2019-09-21,Chennai,2,Yes,No
EMP06978,Kevin Sura,Female,36,Sales,Manager,BCA,11,67772.0,2022-11-04,Chennai,3,No,No
EMP06979,Bhavna Contractor,Male,60,Marketing,Team Lead,B.Tech,3,84322.0,2025-03-12,Bangalore,4,No,No
EMP06980,Riya Bhattacharyya,Male,59,HR,Senior Analyst,B.Tech,20,67099.0,2021-07-27,Pune,4,No,No
EMP06981,Ikshita Dora,Male,50,IT,Senior Analyst,B.Tech,17,89432.0,2025-09-14,Chennai,3,Yes,No
EMP06982,Wriddhish Pau,Female,50,IT,Team Lead,BCA,14,101690.0,2024-02-19,Bangalore,1,No,No
EMP06983,Bhavini Nadkarni,Female,34,Finance,Team Lead,M.Tech,20,100905.0,2017-02-23,Chennai,1,No,No
EMP06984,Ekavir Venkatesh,Male,57,IT,Team Lead,MBA,4,85871.0,2025-06-18,Chennai,3,Yes,No
EMP06985,Urishilla Arora,Female,51,IT,Analyst,M.Tech,11,100007.0,2022-05-21,Bangalore,2,Yes,No
EMP06986,Lekha Chakraborty,Male,40,Sales,Team Lead,M.Tech,20,61361.0,2023-05-13,Hyderabad,4,Yes,No
EMP06987,Frado Kannan,Male,51,Marketing,Team Lead,BCA,12,83784.0,2022-10-08,Chennai,5,No,Yes
EMP06988,Damyanti Mammen,Female,54,Sales,Analyst,MBA,4,51093.0,2018-01-20,Chennai,4,No,No
EMP06989,Azad Boase,Male,22,Sales,Analyst,MBA,16,39208.0,2025-11-08,Hyderabad,4,No,No
EMP06990,Wriddhish Ghose,Female,27,HR,Analyst,B.Tech,13,45820.0,2017-12-04,Pune,3,No,No
EMP06991,Mohini Pai,Female,57,Sales,Analyst,M.Tech,14,51252.0,2017-12-21,Pune,1,No,No
EMP06992,Vamakshi Shenoy,Male,54,Finance,Analyst,B.Tech,12,69235.0,2025-08-24,Chennai,4,Yes,No
EMP06993,Ekaja Koshy,Female,51,Marketing,Manager,BCA,9,61685.0,2017-08-08,Chennai,3,Yes,Yes
EMP06994,Janani Gaba,Male,38,Marketing,Analyst,B.Tech,3,52221.0,2016-08-15,Mumbai,2,No,No
EMP06995,Niharika Om,Male,60,HR,Manager,M.Tech,4,39642.0,2019-11-19,Mumbai,1,Yes,No
EMP06996,Chaman Purohit,Male,58,HR,Manager,MBA,9,61835.0,2017-01-15,Hyderabad,5,No,No
EMP06997,Omya Kumer,Female,45,Finance,Senior Analyst,MBA,15,90200.0,2021-02-11,Chennai,4,Yes,Yes
EMP06998,Tristan Walla,Female,41,HR,Analyst,MCA,19,77278.0,2017-09-05,Hyderabad,5,Yes,No
EMP06999,Yachana Dhingra,Male,43,Marketing,Senior Analyst,BCA,14,79178.0,2025-06-23,Mumbai,2,Yes,No
EMP07000,Lakshmi Shetty,Female,29,Finance,Team Lead,BCA,1,58484.0,2025-03-06,Bangalore,5,Yes,No
EMP07001,Sai Bava,Male,40,Finance,Analyst,B.Tech,1,76566.0,2018-02-13,Chennai,1,No,No
EMP07002,Deepa Khurana,Female,47,HR,Manager,B.Tech,14,47545.0,2018-10-29,Mumbai,3,Yes,No
EMP07003,Kalpit Mandal,Female,43,Marketing,Team Lead,M.Tech,2,72423.0,2019-08-27,Hyderabad,4,No,No
EMP07004,Diya Rege,Female,60,Sales,Senior Analyst,B.Tech,18,69759.0,2025-02-08,Chennai,1,Yes,No
EMP07005,Zehaan Toor,Female,44,Marketing,Team Lead,MBA,4,51706.0,2017-01-16,Mumbai,4,Yes,No
EMP07006,Amara Kale,Male,60,HR,Senior Analyst,MCA,15,37857.0,2023-03-31,Bangalore,4,Yes,No
EMP07007,Urvi Bora,Male,55,Marketing,Analyst,MBA,14,42263.0,2023-04-09,Bangalore,2,No,No
EMP07008,Chakrika Viswanathan,Female,31,Finance,Analyst,MBA,2,73435.0,2019-01-11,Mumbai,3,No,No
EMP07009,Ekta Vasa,Female,32,HR,Manager,B.Tech,17,46967.0,2023-02-10,Pune,3,No,No
EMP07010,Ucchal Dutta,Male,24,Sales,Analyst,MCA,6,88681.0,2021-05-11,Mumbai,2,Yes,No
EMP07011,Ikshita Savant,Male,45,HR,Manager,M.Tech,15,70000.0,2017-11-04,Chennai,3,Yes,No
EMP07012,Unni Bora,Male,47,Finance,Team Lead,MCA,13,48349.0,2021-02-20,Mumbai,4,No,No
EMP07013,Meera Datta,Male,37,IT,Team Lead,MCA,2,95385.0,2020-03-11,Pune,5,Yes,No
EMP07014,Aarush Ahluwalia,Male,48,Marketing,Manager,BCA,1,79155.0,2016-12-22,Pune,4,No,No
EMP07015,Dev Hora,Female,23,Finance,Analyst,M.Tech,5,58756.0,2023-03-30,Pune,2,Yes,No
EMP07016,Urishilla Gill,Male,53,IT,Senior Analyst,B.Tech,13,82197.0,2017-03-14,Chennai,5,Yes,No
EMP07017,Nitara Krish,Female,55,IT,Manager,B.Tech,19,139034.0,2025-05-19,Bangalore,5,Yes,No
EMP07018,Yashvi Agrawal,Male,49,Finance,Team Lead,BCA,6,45869.0,2025-07-08,Chennai,5,Yes,No
EMP07019,Madhav Bava,Female,34,IT,Team Lead,MBA,8,113107.0,2024-09-24,Bangalore,1,Yes,No
EMP07020,Nicholas Varma,Female,25,Sales,Senior Analyst,BCA,16,88976.0,2024-12-27,Bangalore,3,No,No
EMP07021,Naveen Chatterjee,Female,55,Sales,Analyst,BCA,0,44234.0,2025-01-04,Pune,2,No,No
EMP07022,Leena Nath,Female,34,HR,Senior Analyst,MCA,7,38590.0,2022-10-12,Mumbai,2,Yes,No
EMP07023,Balvan Walia,Female,34,HR,Analyst,B.Tech,20,35489.0,2025-09-06,Pune,5,Yes,No
EMP07024,Rushil Krishnan,Male,37,HR,Senior Analyst,B.Tech,0,44289.0,2017-06-04,Chennai,4,Yes,No
EMP07025,Sai Edwin,Female,41,Sales,Manager,B.Tech,20,93377.0,2018-02-26,Bangalore,5,Yes,No
EMP07026,Ganga De,Male,57,IT,Manager,MBA,0,147260.0,2020-12-03,Chennai,4,No,No
EMP07027,Aarini Kaur,Male,37,Sales,Team Lead,MBA,6,55960.0,2023-11-06,Mumbai,3,Yes,No
EMP07028,Samaksh Nagi,Male,34,Finance,Senior Analyst,MBA,1,54146.0,2025-09-01,Bangalore,2,No,No
EMP07029,Upkaar Tailor,Male,48,HR,Analyst,MCA,15,76236.0,2017-12-22,Bangalore,2,Yes,No
EMP07030,Watika Prasad,Female,57,Sales,Team Lead,MCA,3,44765.0,2020-03-25,Chennai,2,No,No
EMP07031,Yoshita Khanna,Female,30,HR,Manager,BCA,11,45802.0,2021-12-28,Hyderabad,4,Yes,Yes
EMP07032,Naveen Chad,Male,50,HR,Senior Analyst,M.Tech,4,56309.0,2021-07-26,Chennai,1,Yes,No
EMP07033,Omisha Kala,Male,59,HR,Manager,MCA,19,49819.0,2022-12-11,Bangalore,1,Yes,No
EMP07034,Nitesh Patil,Female,22,HR,Manager,MCA,18,45537.0,2018-10-18,Chennai,4,No,No
EMP07035,Naveen Dewan,Male,50,Finance,Analyst,B.Tech,8,91523.0,2026-02-18,Bangalore,2,Yes,No
EMP07036,Vrinda Mahal,Female,33,Marketing,Senior Analyst,BCA,4,86427.0,2021-10-01,Hyderabad,5,No,No
EMP07037,Jagrati Tella,Male,36,HR,Analyst,BCA,6,38375.0,2018-06-11,Bangalore,3,Yes,Yes
EMP07038,Varsha Pandey,Male,30,Marketing,Senior Analyst,BCA,10,59600.0,2024-05-29,Mumbai,3,No,Yes
EMP07039,Akshay Misra,Female,44,HR,Senior Analyst,BCA,0,41127.0,2021-02-06,Bangalore,2,No,Yes
EMP07040,Advika Rajan,Female,22,Sales,Manager,B.Tech,12,57774.0,2019-05-02,Hyderabad,1,No,Yes
EMP07041,Vedhika Bail,Male,53,HR,Senior Analyst,BCA,16,61448.0,2025-10-13,Pune,2,No,No
EMP07042,Hitesh Mittal,Female,37,Marketing,Analyst,BCA,13,43656.0,2025-08-09,Mumbai,4,No,No
EMP07043,Teerth Dugal,Female,37,HR,Manager,MBA,20,42220.0,2021-08-09,Chennai,3,Yes,No
EMP07044,Vyanjana Wable,Male,36,HR,Manager,MCA,18,36200.0,2021-11-20,Chennai,5,No,No
EMP07045,Zayan Rana,Female,23,IT,Analyst,B.Tech,9,82533.0,2022-05-16,Mumbai,5,No,Yes
EMP07046,Chatura Lad,Female,37,Marketing,Senior Analyst,MBA,9,45600.0,2023-09-13,Bangalore,5,No,No
EMP07047,Ayaan Mane,Female,48,HR,Senior Analyst,M.Tech,17,48478.0,2021-04-09,Bangalore,2,No,Yes
EMP07048,Wahab Warrior,Male,40,HR,Analyst,MBA,2,39959.0,2021-01-18,Pune,5,No,No
EMP07049,Vasudha Bhalla,Female,38,IT,Manager,BCA,11,96131.0,2022-10-15,Hyderabad,2,Yes,No
EMP07050,Janya Goel,Female,24,Marketing,Team Lead,B.Tech,14,35978.0,2018-05-04,Hyderabad,3,No,No
EMP07051,Xalak Chaudhuri,Female,58,IT,Analyst,MBA,4,146171.0,2025-12-15,Mumbai,1,Yes,No
EMP07052,Anita Khosla,Female,31,Sales,Senior Analyst,MCA,20,81060.0,2018-09-21,Pune,4,Yes,No
EMP07053,Neelima Kamdar,Female,53,Finance,Manager,B.Tech,10,92683.0,2023-11-01,Hyderabad,3,No,No
EMP07054,Luke Sandal,Female,51,IT,Senior Analyst,MBA,15,67314.0,2019-01-08,Bangalore,3,No,No
EMP07055,Samesh Rajagopalan,Female,36,Sales,Manager,BCA,12,42927.0,2018-03-14,Chennai,5,No,No
EMP07056,Mason Nayar,Female,41,Sales,Analyst,M.Tech,15,30354.0,2016-11-06,Bangalore,2,No,No
EMP07057,Mekhala Kakar,Male,23,IT,Manager,BCA,4,133330.0,2020-02-18,Bangalore,1,No,No
EMP07058,Hemani Bal,Male,34,Sales,Senior Analyst,MCA,16,36946.0,2018-02-23,Mumbai,4,Yes,No
EMP07059,Siddharth Jain,Male,40,IT,Team Lead,M.Tech,17,120190.0,2019-07-23,Mumbai,3,No,No
EMP07060,Devika Mohan,Male,39,Sales,Senior Analyst,B.Tech,8,39660.0,2020-10-02,Mumbai,4,Yes,No
EMP07061,Bhanumati Sachdeva,Male,29,Finance,Manager,B.Tech,19,55792.0,2017-08-06,Mumbai,3,Yes,No
EMP07062,Brijesh Narayanan,Male,35,IT,Manager,MBA,17,103982.0,2025-04-10,Pune,4,No,No
EMP07063,Aadhya Nayar,Female,36,Finance,Manager,M.Tech,11,83105.0,2017-10-21,Chennai,5,No,No
EMP07064,Janya Walia,Male,55,Sales,Manager,B.Tech,18,88281.0,2024-06-19,Pune,5,Yes,No
EMP07065,Tara Sharaf,Male,35,Marketing,Manager,M.Tech,14,36185.0,2020-02-19,Chennai,3,No,No
EMP07066,Liam Chauhan,Male,46,HR,Analyst,B.Tech,13,59021.0,2018-05-14,Chennai,1,No,No
EMP07067,Arin Modi,Female,47,Marketing,Senior Analyst,BCA,7,61144.0,2020-04-23,Hyderabad,5,Yes,No
EMP07068,Ayaan Halder,Female,48,IT,Senior Analyst,MCA,15,90298.0,2017-08-25,Bangalore,2,Yes,No
EMP07069,Isaac Peri,Male,26,Sales,Team Lead,BCA,10,44231.0,2019-05-25,Pune,2,Yes,No
EMP07070,Jagdish Dhillon,Female,43,Sales,Analyst,MCA,16,49423.0,2018-02-28,Hyderabad,3,Yes,No
EMP07071,Dalbir Raval,Female,60,Marketing,Senior Analyst,BCA,4,57630.0,2018-12-20,Pune,1,Yes,Yes
EMP07072,Barkha Raghavan,Female,59,HR,Team Lead,M.Tech,8,75430.0,2022-05-05,Hyderabad,5,Yes,No
EMP07073,Krishna Sant,Male,44,Sales,Senior Analyst,MBA,18,67142.0,2017-06-10,Bangalore,4,Yes,Yes
EMP07074,Turvi Atwal,Female,47,Finance,Team Lead,B.Tech,15,54740.0,2022-12-21,Hyderabad,4,Yes,No
EMP07075,Chandani Karpe,Male,41,Finance,Senior Analyst,B.Tech,20,51099.0,2026-07-08,Hyderabad,3,Yes,No
EMP07076,Theodore Yogi,Male,27,Finance,Analyst,MBA,20,104911.0,2024-11-03,Bangalore,1,No,No
EMP07077,Zashil Wali,Female,22,HR,Analyst,BCA,9,50593.0,2016-08-23,Hyderabad,4,Yes,No
EMP07078,Vedant Rattan,Female,23,Finance,Senior Analyst,MBA,5,49982.0,2025-11-10,Bangalore,5,No,No
EMP07079,Pushti Patla,Male,60,HR,Manager,BCA,2,53026.0,2019-02-27,Chennai,5,No,No
EMP07080,Pallavi Master,Male,45,HR,Manager,B.Tech,11,72759.0,2021-11-24,Chennai,5,No,No
EMP07081,Diya Sane,Female,42,Sales,Manager,M.Tech,12,74312.0,2019-01-16,Chennai,1,No,No
EMP07082,Kevin Naik,Female,41,HR,Senior Analyst,M.Tech,16,52954.0,2019-06-28,Bangalore,5,No,No
EMP07083,Warhi Bandi,Female,36,IT,Team Lead,MCA,2,141116.0,2018-08-04,Hyderabad,1,Yes,No
EMP07084,Kevin Choudhry,Female,25,HR,Manager,MCA,3,36040.0,2023-04-06,Pune,3,No,No
EMP07085,Chanakya Swaminathan,Male,39,Marketing,Manager,M.Tech,6,87513.0,2026-04-13,Bangalore,1,Yes,No
EMP07086,Yoshita Mallick,Male,47,IT,Analyst,M.Tech,6,79582.0,2017-01-03,Pune,1,Yes,No
EMP07087,Aadi Dara,Female,38,Marketing,Team Lead,BCA,14,61132.0,2018-05-11,Mumbai,2,Yes,No
EMP07088,Ikbal Sabharwal,Male,40,Sales,Analyst,MBA,15,87686.0,2024-08-01,Mumbai,2,No,No
EMP07089,Daksha Sanghvi,Female,35,IT,Team Lead,MBA,1,95119.0,2016-09-03,Pune,1,No,No
EMP07090,Jason Mand,Female,26,IT,Senior Analyst,M.Tech,14,90267.0,2017-11-03,Mumbai,2,No,No
EMP07091,Dev Sanghvi,Female,43,Marketing,Senior Analyst,MBA,20,46861.0,2022-06-19,Hyderabad,4,Yes,No
EMP07092,Vinaya Tata,Female,28,HR,Manager,MBA,17,33870.0,2022-10-09,Mumbai,5,Yes,No
EMP07093,Quincy Wable,Male,47,Sales,Senior Analyst,BCA,6,41330.0,2022-02-03,Bangalore,3,No,No
EMP07094,Devansh Chander,Male,38,IT,Manager,M.Tech,14,102807.0,2018-03-07,Chennai,1,No,No
EMP07095,Panini Krishnan,Male,36,Marketing,Senior Analyst,BCA,1,66536.0,2016-08-10,Bangalore,5,Yes,No
EMP07096,Januja Lalla,Female,60,IT,Senior Analyst,BCA,1,131419.0,2024-01-04,Chennai,5,No,No
EMP07097,Neha Yogi,Female,51,IT,Senior Analyst,M.Tech,18,117060.0,2026-01-04,Mumbai,2,No,No
EMP07098,Ekansh Mannan,Female,29,Sales,Analyst,M.Tech,12,31463.0,2024-05-23,Chennai,1,Yes,No
EMP07099,Logan Brar,Male,35,HR,Senior Analyst,B.Tech,16,77637.0,2021-06-14,Hyderabad,3,Yes,No
EMP07100,Lopa Nagy,Male,51,Finance,Analyst,MCA,10,87711.0,2025-02-14,Mumbai,2,No,No
EMP07101,Yashoda Samra,Female,31,IT,Analyst,MBA,20,58473.0,2019-02-28,Mumbai,4,No,No
EMP07102,Samarth Wali,Female,56,Finance,Manager,BCA,15,98237.0,2026-01-05,Hyderabad,1,No,No
EMP07103,Naksh Verma,Male,24,Marketing,Manager,MBA,6,74515.0,2022-09-27,Hyderabad,2,No,No
EMP07104,Tarak Rama,Female,44,Finance,Manager,MCA,16,118841.0,2022-10-02,Mumbai,5,Yes,No
EMP07105,Januja Dave,Male,58,Finance,Manager,MCA,14,47395.0,2021-07-21,Bangalore,1,Yes,No
EMP07106,Neha Varty,Female,25,Marketing,Team Lead,B.Tech,2,88203.0,2018-02-09,Mumbai,5,Yes,No
EMP07107,Osha Patla,Male,22,IT,Team Lead,M.Tech,11,76806.0,2022-06-24,Hyderabad,3,Yes,Yes
EMP07108,Krishna Choudhary,Female,33,Sales,Team Lead,MCA,17,72049.0,2026-02-15,Chennai,1,No,No
EMP07109,Sara Ravi,Female,46,IT,Analyst,BCA,14,118244.0,2018-10-14,Mumbai,2,Yes,No
EMP07110,Anirudh Reddy,Female,60,Sales,Team Lead,B.Tech,15,97042.0,2026-07-27,Pune,2,No,No
EMP07111,Oeshi Jani,Female,25,Finance,Team Lead,B.Tech,18,69922.0,2026-06-05,Pune,5,Yes,No
EMP07112,Watika Mutti,Male,58,Sales,Team Lead,M.Tech,0,39038.0,2022-05-15,Mumbai,5,Yes,No
EMP07113,Baljiwan Padmanabhan,Female,41,Marketing,Team Lead,MBA,9,50456.0,2018-02-11,Pune,2,No,No
EMP07114,Upkaar Ravi,Male,32,HR,Senior Analyst,M.Tech,10,68724.0,2021-05-08,Chennai,5,No,No
EMP07115,Chaitaly Gade,Male,28,HR,Analyst,MBA,18,76618.0,2024-10-15,Hyderabad,5,No,No
EMP07116,Edhitha Shah,Male,24,Marketing,Manager,B.Tech,11,43887.0,2020-04-16,Pune,5,Yes,Yes
EMP07117,Amol Chaudhari,Female,51,IT,Analyst,MCA,6,74034.0,2019-01-31,Pune,1,No,No
EMP07118,Darpan Doctor,Male,23,Marketing,Senior Analyst,MCA,4,44734.0,2017-10-13,Mumbai,3,No,No
EMP07119,Neha Palan,Male,60,Sales,Manager,MCA,14,57389.0,2024-06-22,Hyderabad,4,Yes,No
EMP07120,Balhaar Maharaj,Female,32,Marketing,Team Lead,M.Tech,11,58261.0,2026-05-19,Mumbai,1,No,Yes
EMP07121,Adya Dugar,Female,60,HR,Team Lead,MBA,10,44268.0,2025-09-07,Mumbai,1,No,No
EMP07122,Ekavir Ganesh,Female,53,HR,Senior Analyst,MBA,0,60883.0,2018-01-03,Hyderabad,4,Yes,Yes
EMP07123,Kamya Acharya,Male,52,IT,Manager,B.Tech,3,95231.0,2016-10-16,Chennai,3,Yes,No
EMP07124,Vedika Ramakrishnan,Female,56,IT,Analyst,MCA,17,89431.0,2025-06-26,Hyderabad,5,Yes,No
EMP07125,Frederick Puri,Male,25,Marketing,Senior Analyst,MCA,9,53967.0,2024-05-27,Pune,5,No,Yes
EMP07126,Barkha Oak,Male,29,Marketing,Senior Analyst,BCA,4,56235.0,2023-08-22,Hyderabad,2,Yes,No
EMP07127,Darsh Kuruvilla,Female,41,HR,Analyst,MCA,14,79786.0,2018-07-08,Hyderabad,2,No,No
EMP07128,Omaja Sandhu,Female,56,IT,Team Lead,BCA,3,104727.0,2022-08-24,Chennai,1,Yes,No
EMP07129,Jeet Nadig,Female,44,HR,Team Lead,BCA,15,34526.0,2019-11-10,Bangalore,2,Yes,No
EMP07130,Wridesh Bhatt,Male,58,Sales,Senior Analyst,B.Tech,12,72282.0,2023-09-01,Hyderabad,1,No,No
EMP07131,Balveer Srivastava,Male,27,IT,Analyst,MBA,11,72360.0,2021-06-03,Chennai,5,No,No
EMP07132,Nitara Chandran,Female,51,Marketing,Analyst,BCA,10,36368.0,2025-08-05,Chennai,2,Yes,No
EMP07133,Qarin Chhabra,Female,43,Sales,Analyst,MBA,1,39958.0,2018-12-10,Pune,5,Yes,No
EMP07134,Mugdha Sachdev,Male,48,Marketing,Analyst,MCA,5,48055.0,2018-02-08,Pune,4,Yes,No
EMP07135,Chatresh Sinha,Male,44,Finance,Manager,M.Tech,20,47494.0,2019-01-29,Chennai,3,Yes,No
EMP07136,Pranit Agate,Male,28,Finance,Senior Analyst,MCA,6,118064.0,2025-06-07,Mumbai,5,Yes,No
EMP07137,Jhalak Bajaj,Female,22,HR,Analyst,MBA,2,63777.0,2023-05-14,Hyderabad,3,No,No
EMP07138,Harsh Parsa,Female,27,Sales,Senior Analyst,MBA,11,39243.0,2019-01-18,Bangalore,2,No,No
EMP07139,Chaitaly Soman,Female,55,IT,Team Lead,B.Tech,17,137708.0,2018-04-10,Bangalore,3,Yes,No
EMP07140,Tarak Bali,Male,58,HR,Senior Analyst,M.Tech,20,59846.0,2026-05-22,Bangalore,5,Yes,No
EMP07141,Bhavya Chopra,Female,56,Finance,Analyst,MBA,11,81360.0,2024-08-03,Hyderabad,1,No,No
EMP07142,Eshana Brar,Female,25,HR,Manager,B.Tech,15,70197.0,2018-07-07,Pune,1,Yes,No
EMP07143,Varenya Kala,Male,31,HR,Analyst,MBA,20,73630.0,2025-04-18,Mumbai,2,Yes,No
EMP07144,Hamsini Mishra,Female,43,IT,Senior Analyst,M.Tech,10,78136.0,2023-02-02,Bangalore,2,No,No
EMP07145,Vasana Jain,Female,42,Marketing,Senior Analyst,B.Tech,14,68716.0,2018-11-05,Hyderabad,4,No,No
EMP07146,Yug Kari,Male,29,IT,Manager,B.Tech,1,77500.0,2024-09-04,Bangalore,3,Yes,No
EMP07147,Watika Gulati,Male,58,HR,Manager,B.Tech,11,50911.0,2024-02-06,Mumbai,3,Yes,Yes
EMP07148,Ekantika Deo,Male,52,Finance,Analyst,B.Tech,9,110300.0,2021-12-02,Pune,3,No,No
EMP07149,Dhruv Varma,Male,53,HR,Team Lead,B.Tech,2,53328.0,2018-02-20,Bangalore,4,Yes,No
EMP07150,Unni Bakshi,Female,29,Marketing,Analyst,MCA,11,84726.0,2018-02-25,Pune,3,Yes,No
EMP07151,Sara Gour,Female,55,Finance,Senior Analyst,M.Tech,10,84463.0,2023-08-16,Hyderabad,3,Yes,No
EMP07152,Finn Rattan,Female,47,Marketing,Analyst,BCA,16,69274.0,2023-04-21,Mumbai,4,Yes,No
EMP07153,Azad Bhardwaj,Male,22,IT,Manager,BCA,14,85313.0,2020-10-13,Mumbai,1,Yes,No
EMP07154,Veda Singhal,Female,51,IT,Manager,MCA,6,65056.0,2018-01-13,Hyderabad,1,No,No
EMP07155,Ishwar Chadha,Male,38,HR,Team Lead,MCA,11,70593.0,2019-03-19,Pune,1,No,No
EMP07156,Anusha Sur,Male,42,Finance,Team Lead,M.Tech,10,85181.0,2022-12-04,Hyderabad,5,No,No
EMP07157,Zayan Dalal,Male,42,Finance,Analyst,MBA,11,60405.0,2023-07-23,Pune,2,Yes,No
EMP07158,Warda Pillai,Female,35,IT,Manager,BCA,5,50164.0,2025-01-28,Bangalore,1,No,No
EMP07159,David Doshi,Male,28,Sales,Team Lead,B.Tech,5,61715.0,2026-03-28,Bangalore,3,Yes,Yes
EMP07160,Jhalak Parmar,Female,36,Finance,Team Lead,B.Tech,18,72811.0,2019-08-15,Bangalore,4,Yes,No
EMP07161,Oliver Raghavan,Male,37,Marketing,Team Lead,BCA,9,61901.0,2019-04-14,Pune,5,Yes,No
EMP07162,Upma Chacko,Male,58,HR,Senior Analyst,MBA,6,45246.0,2021-05-01,Bangalore,3,No,No
EMP07163,Manthan Gala,Male,26,HR,Team Lead,MBA,1,74543.0,2021-08-25,Chennai,4,Yes,No
EMP07164,Jeet Rattan,Male,47,HR,Senior Analyst,BCA,16,58012.0,2019-04-11,Bangalore,4,Yes,No
EMP07165,Pranav Yogi,Male,55,Marketing,Manager,M.Tech,1,47380.0,2018-09-21,Pune,2,No,Yes
EMP07166,Shaurya Mitra,Female,53,HR,Team Lead,MCA,9,30501.0,2018-03-31,Bangalore,3,No,No
EMP07167,Yagnesh Shroff,Male,33,Marketing,Analyst,M.Tech,16,49742.0,2019-08-24,Bangalore,2,Yes,No
EMP07168,Fitan Parmer,Male,51,Marketing,Manager,BCA,2,87997.0,2017-01-26,Bangalore,5,Yes,No
EMP07169,Panini Mitter,Female,47,Finance,Manager,M.Tech,14,60158.0,2023-12-24,Pune,5,No,No
EMP07170,Megha Madan,Female,53,Finance,Team Lead,MCA,13,61106.0,2026-01-22,Pune,1,No,No
EMP07171,Charita Zacharia,Female,43,Finance,Senior Analyst,MCA,11,103947.0,2017-11-27,Mumbai,1,Yes,No
EMP07172,Nitesh Maharaj,Male,28,HR,Senior Analyst,M.Tech,17,37631.0,2019-10-22,Pune,3,No,No
EMP07173,Manthan Hari,Female,32,Sales,Manager,MCA,10,88646.0,2019-09-22,Bangalore,4,Yes,No
EMP07174,Gaurangi Pathak,Male,38,Sales,Manager,MCA,20,40984.0,2026-04-03,Hyderabad,4,No,Yes
EMP07175,Michael Bhat,Female,39,IT,Senior Analyst,BCA,8,96638.0,2024-06-10,Hyderabad,5,Yes,No
EMP07176,Joshua Sagar,Male,31,HR,Team Lead,MBA,16,41566.0,2024-04-16,Hyderabad,5,Yes,No
EMP07177,Anika Issac,Male,60,Finance,Team Lead,BCA,7,70569.0,2017-02-21,Bangalore,2,Yes,No
EMP07178,Zilmil Ramachandran,Female,28,HR,Team Lead,M.Tech,4,40230.0,2019-04-05,Pune,2,No,No
EMP07179,Damyanti Pandit,Female,40,IT,Senior Analyst,B.Tech,2,120952.0,2017-10-15,Hyderabad,1,No,No
EMP07180,Sai Char,Male,32,Marketing,Manager,MCA,6,40736.0,2026-01-25,Chennai,1,Yes,No
EMP07181,Arjun Varughese,Male,39,Sales,Team Lead,MCA,0,87995.0,2021-07-24,Hyderabad,4,Yes,No
EMP07182,Vidhi Wable,Male,57,Finance,Manager,B.Tech,20,79959.0,2016-12-25,Bangalore,4,No,No
EMP07183,Harita Nadig,Male,54,HR,Team Lead,MBA,18,61396.0,2023-12-14,Mumbai,3,Yes,No
EMP07184,Pallavi Bajaj,Female,56,Marketing,Manager,M.Tech,4,61398.0,2019-08-31,Hyderabad,4,No,Yes
EMP07185,Matthew Vyas,Male,36,HR,Analyst,MBA,19,33276.0,2019-04-18,Bangalore,1,Yes,No
EMP07186,Nathan Nanda,Male,53,Marketing,Analyst,MCA,2,42096.0,2024-03-18,Bangalore,3,No,No
EMP07187,Lopa Baral,Female,36,Marketing,Manager,MCA,20,78127.0,2021-06-24,Mumbai,1,No,No
EMP07188,Vamakshi Kade,Male,30,HR,Analyst,MBA,3,77548.0,2020-08-07,Hyderabad,5,No,No
EMP07189,Nirja Narayanan,Male,29,IT,Manager,B.Tech,20,60468.0,2025-09-23,Mumbai,3,Yes,No
EMP07190,Falguni Thakkar,Female,53,IT,Manager,MBA,14,112744.0,2020-07-10,Pune,1,No,No
EMP07191,Manan Kant,Female,57,Finance,Team Lead,MCA,1,98099.0,2018-12-24,Pune,2,No,No
EMP07192,Yagnesh Khatri,Female,40,Sales,Team Lead,B.Tech,1,65725.0,2023-10-25,Mumbai,4,No,No
EMP07193,Lucky Agate,Male,53,Sales,Manager,MBA,3,52562.0,2016-11-25,Chennai,2,Yes,No
EMP07194,Gaurav Viswanathan,Female,27,Sales,Manager,M.Tech,11,52537.0,2022-10-02,Hyderabad,2,Yes,No
EMP07195,Quincy Loke,Male,57,IT,Manager,M.Tech,4,99788.0,2020-03-18,Pune,1,No,No
EMP07196,Janya Goel,Female,48,HR,Manager,MBA,9,51353.0,2021-12-27,Bangalore,1,No,No
EMP07197,Pushti Kaur,Male,49,Sales,Senior Analyst,MCA,20,79357.0,2023-01-21,Hyderabad,3,Yes,No
EMP07198,Jeet Chhabra,Female,22,HR,Analyst,MCA,11,70388.0,2019-02-14,Hyderabad,3,Yes,No
EMP07199,Orinder Gole,Male,42,HR,Manager,BCA,12,41926.0,2023-05-05,Mumbai,2,Yes,No
EMP07200,Yug Bajwa,Female,54,IT,Manager,MCA,20,83686.0,2017-02-27,Hyderabad,4,Yes,Yes
EMP07201,Omisha Ray,Male,26,Sales,Manager,B.Tech,20,70841.0,2020-12-03,Chennai,3,No,No
EMP07202,Farhan Salvi,Male,23,HR,Manager,BCA,7,76472.0,2020-12-22,Bangalore,5,Yes,No
EMP07203,Damini Gera,Female,40,Finance,Analyst,B.Tech,17,90271.0,2023-03-22,Hyderabad,2,No,No
EMP07204,Onveer Mannan,Female,45,HR,Manager,B.Tech,7,50908.0,2017-06-13,Mumbai,2,No,No
EMP07205,Warjas Dhawan,Male,47,Finance,Analyst,MCA,1,104032.0,2025-10-02,Pune,3,No,No
EMP07206,Guneet Dada,Male,41,IT,Manager,MCA,6,129747.0,2025-03-14,Bangalore,1,No,No
EMP07207,Nisha Chawla,Female,47,HR,Team Lead,M.Tech,8,38985.0,2019-03-03,Mumbai,5,Yes,No
EMP07208,Charvi Oza,Female,49,HR,Team Lead,B.Tech,7,52204.0,2024-06-28,Mumbai,3,No,No
EMP07209,Indali Andra,Female,51,IT,Senior Analyst,MBA,16,146383.0,2025-06-30,Mumbai,4,Yes,No
EMP07210,Niharika Bhargava,Female,51,Marketing,Analyst,MCA,0,75690.0,2025-02-04,Bangalore,1,No,No
EMP07211,Zinal Garg,Male,52,Finance,Senior Analyst,MBA,8,51886.0,2024-07-11,Bangalore,5,No,No
EMP07212,Amrita Warrior,Female,32,Finance,Analyst,MBA,10,64510.0,2021-02-10,Pune,2,Yes,No
EMP07213,Ishanvi Chad,Male,60,IT,Team Lead,MCA,3,146356.0,2018-02-02,Mumbai,3,Yes,No
EMP07214,Zansi Nadkarni,Female,58,IT,Team Lead,MBA,2,135276.0,2018-01-09,Hyderabad,2,Yes,No
EMP07215,Lakshit Trivedi,Female,58,Marketing,Team Lead,B.Tech,3,84189.0,2021-01-29,Chennai,4,Yes,No
EMP07216,Chandani Vig,Female,25,IT,Team Lead,B.Tech,14,111234.0,2024-10-04,Hyderabad,4,Yes,Yes
EMP07217,Darika Narula,Male,60,IT,Manager,MCA,19,133071.0,2022-05-31,Bangalore,3,Yes,No
EMP07218,Daksh Kale,Female,58,Finance,Analyst,MCA,8,101327.0,2016-10-16,Pune,3,Yes,No
EMP07219,Zansi Dugal,Male,47,IT,Manager,BCA,18,55278.0,2020-01-25,Hyderabad,3,No,No
EMP07220,Falak Dubey,Male,54,IT,Senior Analyst,BCA,9,114787.0,2021-05-25,Chennai,2,No,No
EMP07221,Neha Gole,Female,59,Sales,Manager,MCA,13,36279.0,2023-03-04,Bangalore,4,No,Yes
EMP07222,Vinaya Savant,Female,60,Marketing,Senior Analyst,MCA,11,84698.0,2023-05-13,Pune,5,Yes,No
EMP07223,Hardik Babu,Female,58,HR,Team Lead,MCA,8,64892.0,2026-07-05,Chennai,5,Yes,No
EMP07224,Champak Cheema,Female,49,IT,Team Lead,MBA,4,73214.0,2024-06-13,Pune,2,Yes,No
EMP07225,Tara Sachdeva,Male,52,Finance,Team Lead,B.Tech,11,89306.0,2018-03-07,Hyderabad,2,No,No
EMP07226,Rajeshri Patel,Female,37,IT,Manager,BCA,4,121529.0,2023-10-14,Hyderabad,4,No,No
EMP07227,Hritik Dubey,Female,52,HR,Team Lead,B.Tech,12,70188.0,2018-10-20,Mumbai,1,No,No
EMP07228,Gauri Banik,Female,57,Marketing,Senior Analyst,B.Tech,3,47373.0,2017-01-19,Hyderabad,4,No,No
EMP07229,Qushi Dhar,Female,55,Finance,Analyst,BCA,2,94322.0,2021-04-10,Chennai,2,Yes,No
EMP07230,Odika Parekh,Female,41,Sales,Analyst,MCA,3,52866.0,2018-01-01,Hyderabad,2,No,No
EMP07231,Chatura Varma,Male,60,Finance,Analyst,M.Tech,20,51796.0,2017-10-21,Bangalore,5,No,No
EMP07232,Varenya Vaidya,Female,22,Sales,Senior Analyst,M.Tech,8,52534.0,2019-08-27,Chennai,1,Yes,Yes
EMP07233,Prisha Dhar,Male,43,Finance,Analyst,MBA,17,78819.0,2025-10-17,Bangalore,4,No,No
EMP07234,Jeevika Boase,Female,44,HR,Analyst,BCA,6,63481.0,2023-07-16,Hyderabad,3,No,No
EMP07235,Varenya Jani,Male,22,Sales,Senior Analyst,B.Tech,14,84894.0,2021-04-05,Bangalore,2,Yes,No
EMP07236,Hemani Parikh,Male,57,Sales,Analyst,MCA,0,42984.0,2016-09-05,Mumbai,3,No,No
EMP07237,Saanvi Bava,Female,53,HR,Team Lead,BCA,2,39349.0,2025-11-10,Bangalore,5,No,No
EMP07238,Yachana Basak,Male,40,IT,Analyst,BCA,9,81992.0,2025-01-05,Mumbai,3,No,No
EMP07239,Lucky Chaudhari,Female,36,HR,Team Lead,BCA,13,33295.0,2026-03-03,Pune,1,Yes,No
EMP07240,Brinda Mandal,Male,58,IT,Team Lead,B.Tech,1,95800.0,2017-06-08,Hyderabad,4,Yes,No
EMP07241,Chanakya Ratta,Male,48,Marketing,Manager,BCA,5,49861.0,2019-09-25,Chennai,2,No,No
EMP07242,Yashasvi Chacko,Female,41,Marketing,Analyst,MCA,2,78197.0,2025-10-09,Pune,2,Yes,No
EMP07243,Maya Pathak,Female,47,HR,Analyst,B.Tech,11,40195.0,2025-03-01,Hyderabad,2,No,No
EMP07244,Veer Gaba,Female,58,Finance,Senior Analyst,MBA,9,96959.0,2026-01-05,Bangalore,5,No,No
EMP07245,Gaurang Shanker,Male,44,Sales,Manager,M.Tech,2,60137.0,2021-12-30,Chennai,5,Yes,No
EMP07246,Upasna Oza,Female,28,Marketing,Manager,M.Tech,15,68175.0,2018-12-13,Chennai,4,Yes,No
EMP07247,Zansi Prabhu,Female,60,Marketing,Team Lead,MBA,6,63532.0,2024-05-10,Hyderabad,1,Yes,No
EMP07248,Triya Goyal,Male,41,IT,Analyst,BCA,6,91475.0,2025-06-09,Pune,4,Yes,No
EMP07249,Azad Bora,Male,37,HR,Analyst,B.Tech,17,68499.0,2021-01-12,Mumbai,4,Yes,No
EMP07250,Anthony Barad,Female,30,Sales,Team Lead,M.Tech,18,47781.0,2022-02-26,Hyderabad,4,Yes,No
EMP07251,Tanish Chhabra,Male,57,IT,Team Lead,BCA,8,63036.0,2024-03-29,Bangalore,2,Yes,No
EMP07252,Tanmayi Talwar,Female,23,IT,Senior Analyst,M.Tech,13,85963.0,2025-03-02,Chennai,4,Yes,No
EMP07253,Tanish Goda,Male,49,IT,Analyst,MCA,3,119244.0,2022-12-15,Hyderabad,5,Yes,No
EMP07254,Agastya Saha,Male,60,IT,Analyst,B.Tech,9,134770.0,2017-07-10,Bangalore,4,Yes,No
EMP07255,Veda Virk,Male,26,Sales,Manager,MBA,9,38352.0,2023-01-09,Pune,1,No,No
EMP07256,Mugdha Srinivas,Female,43,IT,Manager,M.Tech,19,130282.0,2020-12-06,Bangalore,1,Yes,No
EMP07257,Gagan Kale,Male,60,Sales,Senior Analyst,BCA,7,40083.0,2022-04-20,Pune,5,Yes,No
EMP07258,Chasmum Shanker,Male,32,Marketing,Senior Analyst,MCA,4,83187.0,2025-04-16,Mumbai,4,Yes,No
EMP07259,Devansh Soni,Female,32,Sales,Team Lead,MBA,15,51912.0,2016-11-02,Bangalore,5,Yes,No
EMP07260,Sai Badami,Male,50,Marketing,Manager,B.Tech,3,62565.0,2017-10-04,Bangalore,5,No,No
EMP07261,Qasim Kara,Female,55,HR,Analyst,BCA,8,30665.0,2021-05-12,Hyderabad,3,No,No
EMP07262,Niharika Soman,Female,51,IT,Manager,MCA,13,142987.0,2024-02-29,Bangalore,4,Yes,No
EMP07263,Ishani Gaba,Male,58,Finance,Analyst,B.Tech,15,86078.0,2022-10-03,Hyderabad,4,No,No
EMP07264,Neelima Karpe,Female,59,Sales,Senior Analyst,BCA,13,68362.0,2025-01-24,Bangalore,1,No,No
EMP07265,Ansh Ram,Male,38,Marketing,Analyst,B.Tech,0,49335.0,2017-06-12,Bangalore,5,Yes,No
EMP07266,Ubika Vig,Male,46,HR,Team Lead,MCA,16,44673.0,2021-05-14,Pune,4,No,No
EMP07267,Edhitha Handa,Male,46,HR,Manager,M.Tech,0,68894.0,2020-01-11,Pune,5,Yes,No
EMP07268,Praneel Gala,Female,48,Sales,Team Lead,MCA,19,65488.0,2025-05-18,Chennai,3,Yes,Yes
EMP07269,Harshil Andra,Male,36,Sales,Analyst,BCA,14,42323.0,2019-10-18,Hyderabad,5,Yes,No
EMP07270,Ekanta Vala,Female,40,Sales,Team Lead,MCA,18,46598.0,2019-08-29,Bangalore,4,No,No
EMP07271,Vivaan Devi,Male,34,HR,Manager,M.Tech,19,74443.0,2018-11-07,Pune,3,Yes,No
EMP07272,Qadim Balay,Female,49,IT,Manager,MBA,0,58494.0,2023-12-08,Mumbai,1,Yes,Yes
EMP07273,Yagnesh Randhawa,Male,31,Finance,Analyst,MBA,8,94365.0,2018-02-08,Mumbai,4,Yes,No
EMP07274,Lipika Mistry,Female,59,Marketing,Senior Analyst,MCA,13,71946.0,2024-03-10,Mumbai,3,No,No
EMP07275,Vidhi Minhas,Male,27,HR,Team Lead,B.Tech,11,61044.0,2017-09-16,Chennai,1,No,No
EMP07276,Eiravati Oak,Female,51,Finance,Team Lead,M.Tech,18,82451.0,2023-09-03,Bangalore,1,Yes,No
EMP07277,Hamsini Roy,Female,26,IT,Senior Analyst,MCA,11,90207.0,2020-09-09,Pune,4,Yes,No
EMP07278,Ekiya Purohit,Male,25,Finance,Senior Analyst,BCA,18,115909.0,2024-11-02,Hyderabad,2,No,No
EMP07279,Varenya Kumar,Female,26,IT,Manager,M.Tech,14,118475.0,2021-05-08,Hyderabad,2,Yes,No
EMP07280,Yochana Rajagopalan,Female,50,Sales,Senior Analyst,B.Tech,1,43661.0,2024-01-14,Hyderabad,2,Yes,No
EMP07281,Chandran De,Male,51,HR,Team Lead,MCA,4,56333.0,2025-01-26,Hyderabad,4,Yes,No
EMP07282,Aarush Jain,Male,30,HR,Team Lead,B.Tech,1,70239.0,2024-11-25,Hyderabad,3,Yes,No
EMP07283,Sara Narayanan,Female,27,Marketing,Team Lead,MCA,20,84655.0,2016-10-08,Chennai,4,Yes,No
EMP07284,Priya Chadha,Male,30,Finance,Senior Analyst,M.Tech,16,90902.0,2021-02-11,Pune,5,No,No
EMP07285,Yashica Sachdeva,Female,36,Finance,Senior Analyst,M.Tech,14,55420.0,2018-11-24,Bangalore,5,Yes,No
EMP07286,Isha Subramaniam,Male,55,IT,Senior Analyst,B.Tech,7,147997.0,2022-01-07,Chennai,3,Yes,No
EMP07287,Inaya Bhat,Female,39,HR,Senior Analyst,MCA,3,58638.0,2026-03-26,Bangalore,5,Yes,No
EMP07288,Widisha Ray,Female,27,Sales,Team Lead,BCA,20,88554.0,2022-06-26,Hyderabad,1,No,No
EMP07289,Reyansh Bora,Female,29,Sales,Team Lead,BCA,10,48197.0,2024-05-05,Chennai,4,Yes,Yes
EMP07290,Qasim Chand,Male,57,Marketing,Team Lead,MCA,13,40792.0,2016-11-22,Bangalore,2,Yes,No
EMP07291,Balvan Mody,Female,43,HR,Team Lead,B.Tech,4,53506.0,2026-06-14,Mumbai,4,Yes,No
EMP07292,Abhiram Lal,Female,40,IT,Senior Analyst,BCA,10,104252.0,2019-05-30,Mumbai,2,Yes,Yes
EMP07293,Mugdha Seth,Female,51,Sales,Analyst,MBA,18,94462.0,2022-10-22,Bangalore,1,No,No
EMP07294,Divya Lata,Male,22,IT,Senior Analyst,B.Tech,3,147410.0,2024-06-10,Hyderabad,2,Yes,No
EMP07295,Ayush Nigam,Male,53,HR,Team Lead,MCA,11,76508.0,2022-08-19,Hyderabad,4,No,No
EMP07296,Chaman Narasimhan,Female,28,Finance,Senior Analyst,BCA,1,63023.0,2018-10-19,Chennai,2,Yes,No
EMP07297,Ikshita Bawa,Male,36,Sales,Manager,B.Tech,10,80167.0,2024-09-09,Pune,5,No,No
EMP07298,Januja Nayak,Male,60,HR,Manager,BCA,18,58026.0,2026-01-28,Chennai,5,Yes,No
EMP07299,Indrajit Narayan,Male,44,Marketing,Analyst,MBA,2,35267.0,2026-03-05,Bangalore,1,Yes,No
EMP07300,Ranveer Sehgal,Female,58,Finance,Team Lead,BCA,11,71222.0,2020-06-04,Pune,2,Yes,No
EMP07301,Nidra Sodhi,Female,37,IT,Team Lead,B.Tech,19,72367.0,2017-04-05,Pune,5,No,No
EMP07302,Qushi Bobal,Male,56,IT,Analyst,BCA,2,91843.0,2018-03-11,Chennai,3,No,No
EMP07303,Rajeshri Suresh,Female,59,IT,Senior Analyst,B.Tech,20,91118.0,2022-12-29,Pune,4,No,No
EMP07304,Vasudha Sachdeva,Female,34,Sales,Manager,M.Tech,19,52336.0,2019-03-07,Bangalore,1,Yes,No
EMP07305,Arunima Sarin,Male,25,Finance,Analyst,MCA,12,119729.0,2017-04-21,Pune,4,No,No
EMP07306,Aayush Bhat,Female,31,Sales,Senior Analyst,M.Tech,5,67728.0,2024-09-09,Bangalore,5,Yes,No
EMP07307,Yochana Ray,Male,46,HR,Manager,M.Tech,10,53822.0,2025-06-04,Bangalore,4,Yes,Yes
EMP07308,Saumya Brahmbhatt,Male,37,Finance,Manager,M.Tech,5,105106.0,2021-10-16,Bangalore,5,No,No
EMP07309,Yagnesh Buch,Female,36,Finance,Analyst,MBA,0,67070.0,2024-12-17,Pune,1,Yes,No
EMP07310,Faris Sridhar,Male,35,HR,Team Lead,BCA,8,33906.0,2017-12-15,Chennai,4,Yes,No
EMP07311,Hemal Sarna,Female,52,Marketing,Manager,M.Tech,15,42481.0,2018-01-14,Hyderabad,5,No,No
EMP07312,Amaira Gera,Male,39,Sales,Senior Analyst,BCA,0,64309.0,2018-03-30,Mumbai,4,No,No
EMP07313,Lakshit Patla,Female,59,Sales,Team Lead,B.Tech,15,99619.0,2023-12-12,Bangalore,1,Yes,No
EMP07314,George Krish,Female,37,HR,Team Lead,MCA,12,69610.0,2025-10-28,Hyderabad,1,No,No
EMP07315,Warjas Gola,Male,57,IT,Senior Analyst,B.Tech,20,134898.0,2023-01-23,Bangalore,4,Yes,No
EMP07316,Mahika Vasa,Male,39,Sales,Analyst,M.Tech,19,59097.0,2019-01-23,Pune,1,No,Yes
EMP07317,Leena Karpe,Female,27,Sales,Manager,B.Tech,18,56085.0,2018-07-01,Hyderabad,2,No,No
EMP07318,Aarini Mitra,Male,30,HR,Analyst,B.Tech,16,62747.0,2017-05-20,Hyderabad,2,Yes,No
EMP07319,Suhani Sankar,Male,29,Finance,Analyst,MBA,13,47682.0,2019-09-08,Pune,5,Yes,No
EMP07320,Nitesh Johal,Female,43,Finance,Analyst,B.Tech,8,72962.0,2025-12-19,Mumbai,5,No,No
EMP07321,Ishanvi Amble,Male,42,Finance,Senior Analyst,BCA,7,59746.0,2025-01-20,Mumbai,4,No,No
EMP07322,Nicholas Sagar,Female,34,Marketing,Team Lead,BCA,0,86483.0,2020-11-18,Chennai,4,Yes,No
EMP07323,Siddharth Dani,Male,51,IT,Manager,MCA,17,120302.0,2025-10-23,Hyderabad,2,No,No
EMP07324,Bhavya Yohannan,Female,37,Marketing,Senior Analyst,B.Tech,8,76756.0,2020-12-29,Pune,2,Yes,Yes
EMP07325,Jeevika Puri,Female,41,Sales,Senior Analyst,B.Tech,0,81541.0,2020-05-24,Mumbai,5,Yes,No
EMP07326,Vyanjana Thaker,Male,33,HR,Manager,M.Tech,10,47417.0,2024-06-05,Bangalore,4,No,No
EMP07327,Yahvi Bhavsar,Female,52,Sales,Manager,M.Tech,9,77834.0,2019-07-26,Mumbai,2,No,No
EMP07328,Ekansh Parekh,Male,52,Marketing,Analyst,BCA,11,81876.0,2024-03-17,Bangalore,5,Yes,No
EMP07329,Dev Kaur,Male,53,Finance,Analyst,MCA,1,96828.0,2018-01-11,Pune,3,No,No
EMP07330,Finn Thaman,Male,39,Finance,Senior Analyst,B.Tech,10,58621.0,2020-03-25,Mumbai,4,Yes,No
EMP07331,Ayaan Parmer,Male,36,Sales,Senior Analyst,B.Tech,10,32812.0,2020-07-21,Pune,5,Yes,No
EMP07332,Advay Shah,Male,29,Sales,Analyst,MCA,1,41108.0,2026-03-19,Bangalore,3,No,No
EMP07333,Farhan Pradhan,Female,54,HR,Analyst,M.Tech,17,36668.0,2021-02-01,Bangalore,1,No,No
EMP07334,Anvi Sankaran,Female,31,HR,Manager,B.Tech,10,53365.0,2025-04-07,Pune,3,No,No
EMP07335,Ekani Bala,Male,40,Sales,Manager,MBA,13,78752.0,2022-02-12,Mumbai,2,No,No
EMP07336,Vasana Tripathi,Male,31,Marketing,Analyst,MCA,8,58399.0,2025-09-19,Bangalore,1,Yes,No
EMP07337,Atharv Saran,Female,55,Finance,Team Lead,M.Tech,0,47938.0,2017-12-29,Chennai,4,No,No
EMP07338,Tanvi Saraf,Male,30,Finance,Manager,MBA,13,60905.0,2018-01-02,Hyderabad,4,No,No
EMP07339,Bachittar Issac,Female,41,Sales,Senior Analyst,BCA,11,77353.0,2017-11-02,Mumbai,2,No,No
EMP07340,Ishanvi Mand,Male,44,Finance,Senior Analyst,MCA,14,57079.0,2017-10-11,Hyderabad,2,Yes,Yes
EMP07341,Amaira Lanka,Male,56,Marketing,Manager,M.Tech,12,45937.0,2016-11-16,Hyderabad,4,No,No
EMP07342,Pooja Tiwari,Male,52,Marketing,Team Lead,BCA,7,75992.0,2020-07-11,Hyderabad,1,No,No
EMP07343,Bhavini Kade,Female,26,Marketing,Senior Analyst,M.Tech,12,44350.0,2024-08-29,Mumbai,3,No,No
EMP07344,Anmol Aurora,Male,50,Finance,Team Lead,MCA,17,89046.0,2023-01-28,Hyderabad,5,Yes,No
EMP07345,Xiti Sood,Male,48,Sales,Team Lead,MBA,2,43531.0,2023-07-05,Hyderabad,5,No,Yes
EMP07346,Samesh Hegde,Male,22,IT,Manager,MCA,12,125153.0,2021-03-10,Chennai,3,Yes,No
EMP07347,Lakshit Dara,Female,22,Sales,Analyst,MBA,11,32115.0,2025-08-28,Bangalore,3,No,No
EMP07348,Yuvraj Ben,Female,26,Finance,Senior Analyst,B.Tech,1,81388.0,2023-06-19,Chennai,2,No,No
EMP07349,Jagat Suresh,Female,49,HR,Team Lead,B.Tech,11,62046.0,2022-09-11,Mumbai,4,No,No
EMP07350,Jasmit Kakar,Male,42,HR,Team Lead,MBA,19,67990.0,2017-12-16,Bangalore,4,No,No
EMP07351,Balhaar Pillai,Female,40,Sales,Team Lead,M.Tech,3,85405.0,2020-10-22,Mumbai,5,No,No
EMP07352,Dayita Borra,Female,22,IT,Analyst,M.Tech,10,63513.0,2021-11-04,Bangalore,3,No,No
EMP07353,Rohan Chana,Female,28,HR,Analyst,BCA,11,78261.0,2025-06-02,Chennai,4,Yes,No
EMP07354,Sarthak Sastry,Female,45,Finance,Senior Analyst,BCA,20,101578.0,2020-08-10,Bangalore,4,Yes,Yes
EMP07355,Ojas Jayaraman,Female,31,Sales,Analyst,B.Tech,2,77139.0,2023-08-19,Mumbai,1,Yes,Yes
EMP07356,Ethan Parikh,Male,55,HR,Analyst,BCA,1,69917.0,2017-08-18,Mumbai,1,No,No
EMP07357,Zaitra Pathak,Male,33,Sales,Manager,BCA,6,89498.0,2017-03-24,Bangalore,2,No,No
EMP07358,Wakeeta Handa,Female,26,Finance,Team Lead,B.Tech,8,89892.0,2018-11-24,Bangalore,4,Yes,No
EMP07359,Anya Contractor,Male,32,Sales,Senior Analyst,MCA,17,89895.0,2026-02-13,Hyderabad,4,No,No
EMP07360,Yasti Sharaf,Male,56,Sales,Team Lead,M.Tech,4,50321.0,2017-02-06,Bangalore,2,Yes,Yes
EMP07361,Kala Sehgal,Male,47,HR,Analyst,M.Tech,11,36711.0,2019-06-28,Pune,3,No,No
EMP07362,Lipika Kala,Female,41,Finance,Analyst,M.Tech,4,69853.0,2025-10-07,Pune,1,No,No
EMP07363,Darika Doctor,Male,44,IT,Analyst,MCA,2,77186.0,2025-05-28,Chennai,2,No,No
EMP07364,Arya Bains,Female,56,Sales,Team Lead,MCA,14,82390.0,2020-07-06,Chennai,4,Yes,No
EMP07365,Tarak Handa,Female,54,IT,Manager,MBA,13,124361.0,2019-05-21,Hyderabad,4,Yes,No
EMP07366,Arya Manda,Female,29,HR,Manager,MCA,3,76326.0,2023-06-14,Hyderabad,2,No,No
EMP07367,Girish Ganesan,Male,45,Sales,Team Lead,BCA,2,92999.0,2023-01-06,Pune,3,No,Yes
EMP07368,Keya Korpal,Male,27,IT,Analyst,BCA,3,121120.0,2017-09-09,Bangalore,2,No,No
EMP07369,Chaitaly Sahni,Male,60,HR,Analyst,MBA,18,74597.0,2021-07-15,Hyderabad,5,No,Yes
EMP07370,Rohan Shanker,Male,60,Marketing,Analyst,MBA,17,51196.0,2023-10-12,Bangalore,4,No,No
EMP07371,Vritti Pall,Female,25,IT,Senior Analyst,MCA,17,110520.0,2023-05-06,Pune,1,No,No
EMP07372,Chatresh Savant,Male,32,Marketing,Team Lead,MCA,20,68022.0,2023-12-20,Chennai,5,No,No
EMP07373,Wazir De,Female,40,HR,Senior Analyst,B.Tech,19,71366.0,2019-12-21,Pune,4,No,No
EMP07374,Anamika Tripathi,Male,28,Marketing,Team Lead,MCA,16,49497.0,2026-06-03,Hyderabad,5,Yes,Yes
EMP07375,Qasim Kumar,Male,26,HR,Senior Analyst,M.Tech,7,41045.0,2023-08-04,Chennai,5,Yes,Yes
EMP07376,Omisha Naik,Male,43,HR,Manager,BCA,12,60553.0,2018-05-15,Bangalore,5,No,No
EMP07377,Jalsa Bhasin,Female,46,HR,Senior Analyst,M.Tech,13,36433.0,2017-04-28,Chennai,5,Yes,No
EMP07378,Vaishnavi Barad,Male,26,HR,Team Lead,MCA,11,52229.0,2017-03-13,Pune,4,Yes,No
EMP07379,Ekaraj Gola,Female,34,Sales,Team Lead,MBA,16,98881.0,2017-04-25,Bangalore,4,Yes,No
EMP07380,Charles Bumb,Female,60,IT,Manager,MCA,15,109987.0,2022-01-28,Pune,1,No,Yes
EMP07381,Aadi Shere,Female,47,Sales,Team Lead,BCA,0,36783.0,2020-10-16,Pune,1,No,Yes
EMP07382,Vanya Bhandari,Male,23,Finance,Team Lead,MCA,3,78061.0,2019-12-10,Hyderabad,3,Yes,No
EMP07383,Xiti Chana,Female,59,HR,Manager,M.Tech,14,36574.0,2026-05-11,Mumbai,2,Yes,No
EMP07384,Nidhi Peri,Male,50,Marketing,Manager,M.Tech,3,38841.0,2021-03-20,Pune,5,No,No
EMP07385,Rishi Sharaf,Male,54,Marketing,Senior Analyst,BCA,20,74255.0,2023-09-02,Chennai,4,No,Yes
EMP07386,Joshua Kara,Female,53,IT,Manager,B.Tech,7,119633.0,2024-02-21,Chennai,3,No,No
EMP07387,Jason Gole,Male,26,IT,Manager,BCA,12,65607.0,2020-01-07,Pune,1,Yes,No
EMP07388,Jeevika Mander,Female,56,Sales,Manager,BCA,1,31715.0,2018-04-05,Bangalore,3,Yes,No
EMP07389,Zayan Rattan,Female,51,Finance,Analyst,BCA,13,104231.0,2020-03-08,Mumbai,2,No,Yes
EMP07390,Yatan Narain,Female,46,HR,Senior Analyst,B.Tech,15,49670.0,2024-10-12,Pune,1,No,No
EMP07391,Chanakya Shankar,Male,56,Sales,Senior Analyst,MCA,14,87067.0,2018-11-16,Mumbai,2,Yes,Yes
EMP07392,Kritika Merchant,Female,25,IT,Manager,BCA,12,116457.0,2023-09-19,Mumbai,5,Yes,No
EMP07393,Balveer Contractor,Female,26,Sales,Team Lead,MCA,15,72870.0,2018-09-14,Bangalore,2,No,Yes
EMP07394,Matthew Chowdhury,Female,50,HR,Senior Analyst,BCA,17,59900.0,2020-11-08,Bangalore,1,Yes,No
EMP07395,Aarini Lalla,Male,50,Finance,Analyst,B.Tech,12,95536.0,2025-06-07,Chennai,1,No,Yes
EMP07396,Yashvi Sule,Female,47,Sales,Analyst,BCA,1,97271.0,2024-05-28,Hyderabad,5,Yes,No
EMP07397,Vasudha Mani,Male,34,Sales,Team Lead,MCA,17,45978.0,2017-12-15,Hyderabad,5,Yes,Yes
EMP07398,Vedika Seth,Male,31,IT,Analyst,MBA,20,112361.0,2017-06-06,Pune,5,Yes,No
EMP07399,Rudra Pillay,Female,58,IT,Analyst,B.Tech,11,146440.0,2023-03-13,Chennai,4,No,No
EMP07400,Vamakshi Dixit,Male,46,HR,Senior Analyst,M.Tech,14,69770.0,2024-12-21,Chennai,5,Yes,No
EMP07401,Januja Wason,Male,53,Sales,Analyst,B.Tech,16,39756.0,2022-10-29,Bangalore,1,No,No
EMP07402,Amruta Jayaraman,Female,35,Marketing,Team Lead,B.Tech,5,56478.0,2020-04-13,Bangalore,1,Yes,Yes
EMP07403,Logan Bhasin,Male,59,IT,Analyst,MCA,17,145876.0,2026-08-06,Pune,3,No,No
EMP07404,Lucky Maharaj,Female,37,IT,Senior Analyst,B.Tech,20,136633.0,2022-02-21,Bangalore,2,No,No
EMP07405,Amara Dixit,Female,34,Marketing,Senior Analyst,MCA,11,77869.0,2023-11-27,Pune,2,Yes,No
EMP07406,Laban Behl,Male,23,HR,Team Lead,BCA,1,60573.0,2021-02-22,Mumbai,5,No,No
EMP07407,Charles Karan,Female,51,IT,Senior Analyst,B.Tech,17,140167.0,2019-06-16,Hyderabad,4,Yes,No
EMP07408,Nicholas Johal,Female,26,Sales,Team Lead,B.Tech,3,35735.0,2025-10-01,Pune,2,No,No
EMP07409,Rachana Kale,Female,22,Finance,Team Lead,MBA,15,82416.0,2018-03-29,Bangalore,4,No,Yes
EMP07410,Reva Sathe,Female,57,Sales,Analyst,BCA,10,83727.0,2018-06-10,Mumbai,4,Yes,Yes
EMP07411,Daksh Kala,Male,22,Sales,Manager,B.Tech,2,59753.0,2020-09-05,Pune,1,No,No
EMP07412,Charita Dugar,Male,46,IT,Senior Analyst,B.Tech,5,134603.0,2023-06-21,Chennai,1,Yes,No
EMP07413,Tamanna Toor,Female,30,Sales,Senior Analyst,MBA,14,91177.0,2024-01-10,Mumbai,5,No,No
EMP07414,Theodore Kumar,Female,51,IT,Team Lead,MCA,14,123840.0,2025-12-30,Hyderabad,2,Yes,No
EMP07415,Advika Barman,Male,28,HR,Senior Analyst,B.Tech,6,75367.0,2021-05-09,Hyderabad,5,Yes,No
EMP07416,Waida Balan,Male,39,IT,Senior Analyst,MCA,3,148781.0,2020-02-18,Bangalore,3,Yes,No
EMP07417,Ayaan Pau,Female,26,HR,Analyst,BCA,2,40933.0,2021-10-04,Mumbai,5,Yes,No
EMP07418,Bhavna Sidhu,Male,46,Marketing,Manager,MCA,17,72058.0,2025-04-22,Mumbai,2,No,No
EMP07419,Ridhi Mukhopadhyay,Male,57,Finance,Analyst,MCA,3,80432.0,2017-11-27,Pune,2,No,No
EMP07420,Nicholas Halder,Male,52,IT,Team Lead,MCA,12,120225.0,2025-05-23,Chennai,1,No,No
EMP07421,Patrick Ramachandran,Female,60,Sales,Team Lead,M.Tech,19,73529.0,2020-03-10,Mumbai,5,No,Yes
EMP07422,Yauvani Sarna,Male,25,Finance,Manager,MBA,7,119589.0,2017-09-28,Mumbai,3,Yes,No
EMP07423,Ekapad Sha,Male,44,Finance,Senior Analyst,M.Tech,10,118141.0,2020-06-07,Pune,1,No,No
EMP07424,Ayaan Zachariah,Female,50,HR,Team Lead,B.Tech,10,49456.0,2026-06-30,Bangalore,3,No,No
EMP07425,Panini Apte,Female,59,Sales,Analyst,M.Tech,12,90991.0,2017-06-05,Chennai,2,Yes,No
EMP07426,Lekha Ratti,Female,27,Sales,Analyst,B.Tech,6,56060.0,2024-03-09,Chennai,3,Yes,No
EMP07427,Chanchal Lanka,Female,33,Finance,Analyst,MCA,4,100107.0,2024-07-19,Chennai,4,Yes,No
EMP07428,Vamakshi Banik,Male,58,Sales,Manager,MCA,18,55375.0,2025-08-28,Chennai,3,No,Yes
EMP07429,Qabil Roy,Female,60,HR,Analyst,B.Tech,20,64791.0,2022-12-01,Mumbai,4,No,No
EMP07430,Yatin Rau,Female,56,IT,Analyst,B.Tech,19,107540.0,2022-08-29,Mumbai,5,Yes,No
EMP07431,Barkha Chaudhary,Female,41,IT,Analyst,B.Tech,4,134806.0,2025-08-06,Mumbai,5,Yes,Yes
EMP07432,Libni Divan,Male,26,Finance,Analyst,M.Tech,10,47344.0,2021-08-11,Pune,4,Yes,Yes
EMP07433,Qabil Magar,Male,23,Sales,Manager,MCA,16,65530.0,2022-05-30,Hyderabad,1,No,No
EMP07434,Januja Suresh,Male,33,Finance,Team Lead,MBA,9,113547.0,2024-08-08,Hyderabad,4,Yes,No
EMP07435,Yoshita Iyengar,Male,60,IT,Manager,B.Tech,20,100857.0,2021-06-15,Chennai,2,Yes,No
EMP07436,Simon Oommen,Female,51,Marketing,Manager,MCA,11,59419.0,2020-02-12,Mumbai,3,Yes,No
EMP07437,Ojas Majumdar,Male,55,Marketing,Manager,BCA,11,45805.0,2023-07-30,Mumbai,5,Yes,No
EMP07438,Gunbir Mangat,Male,46,Finance,Team Lead,MBA,4,98553.0,2019-04-24,Chennai,5,Yes,No
EMP07439,Faras Sehgal,Male,55,Marketing,Senior Analyst,MCA,19,85190.0,2020-01-29,Bangalore,5,No,No
EMP07440,Ekansh Talwar,Female,32,Marketing,Manager,M.Tech,12,68193.0,2025-04-26,Mumbai,2,No,No
EMP07441,Jeet Barad,Male,40,Marketing,Analyst,M.Tech,16,60913.0,2025-06-09,Pune,3,Yes,No
EMP07442,Rayaan D’Alia,Male,47,Sales,Manager,MBA,15,39092.0,2017-06-06,Hyderabad,5,Yes,No
EMP07443,Indali Badal,Female,43,Sales,Team Lead,BCA,15,86105.0,2020-02-10,Pune,4,No,No
EMP07444,Sanaya Kari,Female,34,Marketing,Analyst,M.Tech,18,68132.0,2016-08-25,Mumbai,3,Yes,No
EMP07445,Lekha Mahal,Male,28,HR,Team Lead,B.Tech,3,65493.0,2020-10-17,Bangalore,3,No,No
EMP07446,Advik Ganesh,Male,49,Sales,Manager,BCA,8,57356.0,2023-03-29,Mumbai,1,No,No
EMP07447,Girik Raghavan,Female,51,Sales,Team Lead,MBA,5,77668.0,2017-05-22,Chennai,4,Yes,No
EMP07448,Anjali Sani,Male,41,Finance,Analyst,M.Tech,20,92771.0,2022-06-04,Chennai,3,No,No
EMP07449,Oliver Lad,Male,39,IT,Manager,MCA,7,135805.0,2022-03-11,Mumbai,3,Yes,No
EMP07450,Brinda Gara,Female,25,IT,Analyst,MBA,9,90085.0,2024-05-11,Bangalore,2,Yes,No
EMP07451,Ishanvi Nagy,Female,36,Finance,Team Lead,M.Tech,20,113069.0,2020-08-21,Chennai,1,No,No
EMP07452,Jacob Chowdhury,Female,60,Finance,Senior Analyst,MCA,10,116479.0,2026-05-05,Bangalore,3,No,No
EMP07453,Omaja Pradhan,Male,34,Marketing,Manager,BCA,7,70570.0,2020-11-16,Chennai,5,No,No
EMP07454,Yutika Sarin,Male,27,IT,Team Lead,BCA,7,136319.0,2025-05-07,Bangalore,5,Yes,No
EMP07455,Warhi Golla,Male,46,Finance,Senior Analyst,BCA,20,52402.0,2020-08-02,Chennai,5,No,No
EMP07456,Hema Bala,Female,53,Finance,Team Lead,B.Tech,8,97337.0,2022-02-15,Bangalore,3,Yes,No
EMP07457,Aryan Shan,Male,26,IT,Senior Analyst,MBA,17,54927.0,2025-07-06,Bangalore,4,Yes,No
EMP07458,Tejas Sahota,Male,46,IT,Manager,BCA,3,65940.0,2025-12-19,Mumbai,1,Yes,No
EMP07459,Bishakha Murthy,Female,48,Sales,Senior Analyst,MCA,5,62238.0,2024-08-17,Pune,4,No,Yes
EMP07460,Triveni Ratti,Female,59,Sales,Team Lead,B.Tech,1,64758.0,2019-02-03,Pune,5,Yes,No
EMP07461,Zayyan Sandal,Male,42,HR,Senior Analyst,BCA,0,40913.0,2023-03-20,Chennai,4,No,Yes
EMP07462,Advaith Kurian,Female,48,HR,Analyst,M.Tech,10,67214.0,2022-08-16,Hyderabad,4,Yes,No
EMP07463,Anthony Morar,Female,41,IT,Team Lead,BCA,10,109519.0,2025-09-10,Chennai,4,Yes,No
EMP07464,Gaurang Borde,Female,55,IT,Team Lead,MBA,9,141759.0,2019-12-23,Bangalore,4,Yes,No
EMP07465,Lohit Jani,Female,57,Finance,Senior Analyst,MBA,3,109723.0,2018-11-04,Mumbai,1,No,No
EMP07466,Vritti Gade,Male,40,IT,Team Lead,MBA,11,93044.0,2023-01-07,Bangalore,1,No,No
EMP07467,Aahana Thakkar,Male,51,IT,Team Lead,M.Tech,3,113589.0,2024-03-18,Bangalore,1,Yes,No
EMP07468,Ishani Natarajan,Male,29,Marketing,Senior Analyst,M.Tech,20,62579.0,2019-03-03,Pune,3,No,No
EMP07469,Gabriel Dora,Female,27,IT,Team Lead,M.Tech,2,105045.0,2017-03-23,Pune,2,No,Yes
EMP07470,Aadhya Cherian,Female,37,HR,Manager,BCA,10,79276.0,2025-08-02,Mumbai,3,Yes,No
EMP07471,Omisha Comar,Female,39,IT,Team Lead,BCA,12,96858.0,2022-05-04,Mumbai,1,No,No
EMP07472,Aditya Warrior,Male,29,Marketing,Team Lead,MCA,19,45201.0,2022-10-06,Mumbai,4,Yes,No
EMP07473,Gayathri Mani,Female,52,IT,Senior Analyst,MCA,16,80843.0,2019-12-25,Bangalore,5,Yes,No
EMP07474,Nachiket Pingle,Male,41,HR,Analyst,BCA,17,71430.0,2024-09-08,Hyderabad,4,Yes,No
EMP07475,Yasti Thakkar,Male,45,Marketing,Team Lead,MCA,17,83345.0,2021-05-06,Mumbai,5,No,No
EMP07476,Jalsa Sheth,Female,45,IT,Senior Analyst,M.Tech,14,94451.0,2017-08-22,Mumbai,2,Yes,No
EMP07477,Suhani Kothari,Male,50,HR,Analyst,M.Tech,20,77684.0,2024-11-04,Mumbai,3,No,No
EMP07478,Matthew Bhagat,Female,55,Sales,Senior Analyst,M.Tech,6,98967.0,2017-08-12,Hyderabad,4,No,Yes
EMP07479,Jasmit Shere,Male,51,Marketing,Analyst,BCA,16,64644.0,2019-08-25,Pune,1,Yes,No
EMP07480,Alka Sahni,Male,59,IT,Senior Analyst,B.Tech,9,107267.0,2022-02-11,Mumbai,4,Yes,No
EMP07481,Daniel De,Male,46,Sales,Senior Analyst,MBA,11,96102.0,2017-12-01,Hyderabad,5,No,No
EMP07482,Vasudha Dhawan,Male,28,Marketing,Team Lead,MCA,9,77345.0,2017-06-08,Chennai,3,No,No
EMP07483,Dhriti Gour,Male,45,HR,Analyst,MBA,17,56781.0,2024-07-03,Pune,3,Yes,No
EMP07484,Jeet Varma,Male,55,IT,Manager,BCA,10,73332.0,2019-07-05,Bangalore,1,Yes,No
EMP07485,Caleb Randhawa,Male,52,HR,Team Lead,BCA,0,33426.0,2021-01-18,Chennai,2,No,No
EMP07486,Ria Batra,Female,54,HR,Senior Analyst,MBA,4,48304.0,2021-04-27,Bangalore,1,Yes,No
EMP07487,Ryan Mammen,Female,44,Marketing,Senior Analyst,M.Tech,16,54843.0,2023-10-07,Bangalore,3,No,No
EMP07488,Isaiah Grover,Female,23,IT,Analyst,M.Tech,14,146386.0,2025-08-29,Mumbai,1,Yes,No
EMP07489,Samesh Palla,Male,29,Marketing,Manager,B.Tech,17,67421.0,2021-06-14,Mumbai,2,No,No
EMP07490,Zayyan Hora,Female,38,IT,Manager,M.Tech,13,129564.0,2017-08-13,Pune,5,Yes,No
EMP07491,Diya Jayaraman,Male,30,IT,Analyst,MBA,14,75358.0,2026-01-30,Hyderabad,3,Yes,No
EMP07492,Fiyaz Saran,Female,54,Finance,Team Lead,MBA,5,104830.0,2025-12-06,Mumbai,2,Yes,No
EMP07493,Rishi Tata,Female,37,Marketing,Team Lead,B.Tech,15,83722.0,2017-09-23,Bangalore,3,Yes,No
EMP07494,Kashvi Suresh,Male,44,HR,Analyst,M.Tech,9,33628.0,2018-05-23,Hyderabad,3,No,No
EMP07495,Jeet Manne,Female,22,IT,Senior Analyst,MBA,6,109220.0,2020-01-31,Mumbai,2,No,No
EMP07496,Dakshesh Sant,Male,45,HR,Team Lead,BCA,13,34451.0,2016-08-22,Mumbai,5,Yes,No
EMP07497,Jhalak Dar,Male,26,HR,Senior Analyst,MBA,16,59592.0,2024-01-10,Bangalore,2,Yes,Yes
EMP07498,Aahana Shanker,Female,39,HR,Team Lead,MCA,4,44177.0,2024-06-04,Bangalore,2,Yes,No
EMP07499,Meghana Agarwal,Female,56,Finance,Manager,MBA,13,45346.0,2023-06-19,Bangalore,4,No,No
EMP07500,Suhani Kannan,Female,24,Sales,Manager,MBA,9,46641.0,2023-02-10,Bangalore,2,No,No
EMP07501,Zaitra Bora,Male,27,Marketing,Senior Analyst,M.Tech,19,45221.0,2019-01-17,Mumbai,5,No,No
EMP07502,Yachana Chaudhry,Male,44,IT,Team Lead,B.Tech,2,116594.0,2021-01-13,Hyderabad,1,Yes,No
EMP07503,Gautam Hans,Female,39,HR,Team Lead,MBA,12,39188.0,2024-10-13,Chennai,4,No,No
EMP07504,Robert Char,Female,42,Finance,Analyst,M.Tech,10,89839.0,2025-05-05,Pune,2,No,Yes
EMP07505,Kabir Ganesh,Female,22,HR,Team Lead,BCA,10,48141.0,2024-11-14,Bangalore,3,No,No
EMP07506,Kala Vohra,Female,22,Marketing,Team Lead,MBA,8,64513.0,2022-10-24,Pune,2,No,No
EMP07507,Janya Kalita,Male,54,HR,Analyst,B.Tech,10,49680.0,2021-03-29,Hyderabad,4,Yes,No
EMP07508,Lakshit Parsa,Female,57,HR,Analyst,MCA,18,61452.0,2017-01-17,Chennai,5,No,No
EMP07509,Hiral Khosla,Male,44,Marketing,Senior Analyst,BCA,14,78861.0,2023-07-15,Bangalore,5,No,No
EMP07510,Aahana Rau,Female,49,Finance,Senior Analyst,BCA,2,56159.0,2022-04-14,Hyderabad,5,No,Yes
EMP07511,Aarush Behl,Male,57,Finance,Team Lead,MBA,20,90061.0,2023-12-26,Mumbai,1,No,No
EMP07512,Watika Sharma,Male,37,HR,Team Lead,MCA,2,47407.0,2026-02-27,Bangalore,3,Yes,No
EMP07513,Anmol Prabhakar,Female,49,IT,Manager,B.Tech,18,82122.0,2017-06-10,Bangalore,5,Yes,No
EMP07514,Isha Brar,Male,53,Sales,Senior Analyst,MBA,17,30514.0,2020-07-25,Pune,4,Yes,No
EMP07515,Finn Kapadia,Female,49,IT,Manager,B.Tech,2,148887.0,2020-09-20,Bangalore,1,Yes,No
EMP07516,Faris Morar,Female,60,Marketing,Senior Analyst,M.Tech,8,70695.0,2016-09-30,Hyderabad,5,Yes,No
EMP07517,Ayushman Ratti,Female,53,HR,Manager,MBA,8,31264.0,2017-06-23,Mumbai,4,No,No
EMP07518,Baghyawati Rout,Female,28,Marketing,Analyst,BCA,8,63261.0,2023-01-12,Pune,3,Yes,Yes
EMP07519,Daksha Pant,Female,34,Marketing,Analyst,MCA,14,78002.0,2025-11-08,Hyderabad,1,Yes,No
EMP07520,Qasim Jain,Male,58,HR,Senior Analyst,BCA,16,59180.0,2018-02-07,Bangalore,4,Yes,No
EMP07521,Krishna Sachar,Female,29,Finance,Manager,MBA,7,89674.0,2021-02-25,Chennai,2,Yes,No
EMP07522,Gaurangi Dara,Male,46,Finance,Senior Analyst,MCA,12,82872.0,2021-01-05,Mumbai,3,Yes,Yes
EMP07523,Urvi Koshy,Female,30,Sales,Analyst,M.Tech,11,65314.0,2018-04-25,Mumbai,2,No,No
EMP07524,Ijaya Ahluwalia,Female,28,HR,Manager,M.Tech,10,67714.0,2023-05-22,Mumbai,5,Yes,No
EMP07525,Falguni Chanda,Male,24,Finance,Senior Analyst,MBA,10,47283.0,2025-10-08,Bangalore,2,No,No
EMP07526,Yachana Sachdev,Female,47,Sales,Analyst,BCA,12,76197.0,2017-04-04,Pune,2,No,No
EMP07527,Sathvik Ramachandran,Female,41,HR,Senior Analyst,MCA,6,74775.0,2017-10-18,Pune,4,No,No
EMP07528,Charan Tiwari,Female,22,Marketing,Manager,MCA,1,42799.0,2024-06-08,Mumbai,4,Yes,No
EMP07529,Onkar Singhal,Female,57,Sales,Team Lead,MBA,16,98420.0,2017-11-12,Mumbai,1,No,Yes
EMP07530,Zansi Borah,Female,41,Finance,Team Lead,MCA,10,119855.0,2024-02-13,Bangalore,2,Yes,No
EMP07531,Arunima Patil,Male,38,HR,Senior Analyst,MBA,3,39771.0,2025-03-29,Pune,2,No,No
EMP07532,Forum Singhal,Female,42,Marketing,Team Lead,MCA,18,41740.0,2022-08-19,Mumbai,2,No,No
EMP07533,Xiti Sahota,Female,29,HR,Manager,M.Tech,14,76009.0,2019-12-02,Mumbai,2,No,No
EMP07534,Laban Gara,Female,23,HR,Team Lead,M.Tech,8,37808.0,2019-02-08,Mumbai,1,Yes,No
EMP07535,Samesh Kunda,Female,47,Finance,Senior Analyst,MCA,0,96714.0,2020-07-06,Bangalore,5,Yes,No
EMP07536,Yachana Jha,Male,23,Marketing,Senior Analyst,MBA,6,89278.0,2021-06-28,Hyderabad,2,No,No
EMP07537,Falak Lata,Female,53,HR,Analyst,B.Tech,17,69391.0,2021-02-10,Chennai,4,Yes,No
EMP07538,Zarna Deol,Male,45,IT,Manager,MBA,17,72001.0,2023-07-20,Hyderabad,1,No,No
EMP07539,Sarthak Vig,Female,56,Sales,Manager,M.Tech,7,83214.0,2019-04-16,Bangalore,2,No,No
EMP07540,Neelima Sidhu,Female,56,IT,Senior Analyst,B.Tech,16,86838.0,2020-01-19,Mumbai,5,Yes,No
EMP07541,Chakradhar Banerjee,Female,50,HR,Analyst,MBA,13,68229.0,2018-07-10,Mumbai,2,Yes,Yes
EMP07542,Gabriel Karan,Female,41,IT,Team Lead,BCA,6,53693.0,2022-02-04,Pune,5,No,No
EMP07543,Hemal Brahmbhatt,Female,55,Marketing,Senior Analyst,M.Tech,18,79995.0,2025-09-14,Chennai,3,Yes,No
EMP07544,Aayush Saini,Male,23,HR,Senior Analyst,BCA,3,65793.0,2018-10-07,Pune,4,Yes,No
EMP07545,Benjamin Madan,Female,28,HR,Manager,B.Tech,0,65021.0,2017-03-11,Hyderabad,5,No,No
EMP07546,Adya Balan,Male,26,Marketing,Analyst,M.Tech,9,65964.0,2016-12-24,Mumbai,2,Yes,No
EMP07547,Panini Tandon,Male,34,Sales,Senior Analyst,MBA,16,44653.0,2026-03-13,Hyderabad,5,No,No
EMP07548,Ekbal De,Female,52,Finance,Analyst,M.Tech,20,53147.0,2019-10-27,Chennai,3,Yes,No
EMP07549,Arjun Dhingra,Male,32,Finance,Manager,MBA,20,76455.0,2021-05-03,Mumbai,5,Yes,No
EMP07550,Akshay Bhattacharyya,Male,58,HR,Manager,MBA,4,72107.0,2020-03-23,Chennai,2,Yes,No
EMP07551,Omisha Konda,Female,26,Marketing,Senior Analyst,M.Tech,2,48326.0,2026-06-10,Hyderabad,5,Yes,No
EMP07552,Girindra Rana,Female,24,Finance,Senior Analyst,B.Tech,11,94542.0,2024-12-08,Bangalore,3,No,No
EMP07553,Lekha Yadav,Female,58,HR,Analyst,MBA,0,36234.0,2018-11-27,Pune,5,Yes,No
EMP07554,Jackson Sodhi,Male,44,Sales,Manager,MBA,3,57958.0,2025-12-26,Hyderabad,1,No,No
EMP07555,Ojasvi Gill,Female,52,IT,Senior Analyst,MCA,20,127111.0,2022-11-08,Hyderabad,4,Yes,Yes
EMP07556,Ekbal Soman,Female,56,HR,Analyst,M.Tech,1,63816.0,2026-07-29,Bangalore,1,No,No
EMP07557,Libni Dhillon,Female,30,IT,Senior Analyst,BCA,14,87153.0,2022-07-13,Chennai,5,No,No
EMP07558,Amol Mall,Male,56,Finance,Team Lead,BCA,7,98753.0,2025-06-29,Pune,2,Yes,No
EMP07559,Aahana Krishnan,Male,25,Sales,Senior Analyst,M.Tech,18,98250.0,2023-08-04,Bangalore,1,No,No
EMP07560,Ekanta Rajagopalan,Female,38,Finance,Manager,MBA,11,58829.0,2017-05-13,Hyderabad,2,No,No
EMP07561,Kashish Lad,Female,50,HR,Team Lead,MBA,13,55755.0,2017-04-16,Pune,1,Yes,No
EMP07562,Lavanya Date,Male,28,HR,Team Lead,B.Tech,11,31253.0,2021-12-16,Chennai,4,No,No
EMP07563,Kamala Gole,Male,51,IT,Team Lead,M.Tech,19,101507.0,2021-04-03,Pune,4,Yes,Yes
EMP07564,Rajeshri Deep,Male,33,Marketing,Analyst,M.Tech,20,62157.0,2022-01-17,Pune,3,No,No
EMP07565,Lakshmi Balasubramanian,Male,60,Finance,Manager,BCA,7,78439.0,2022-04-07,Hyderabad,2,No,No
EMP07566,Warinder Mangal,Male,50,HR,Manager,BCA,1,58590.0,2024-01-07,Chennai,1,No,No
EMP07567,Chaaya Raman,Female,26,Marketing,Manager,MBA,1,76990.0,2019-01-29,Mumbai,5,Yes,Yes
EMP07568,Sarthak Deep,Female,46,Sales,Manager,B.Tech,20,41506.0,2025-03-21,Pune,2,No,Yes
EMP07569,Umang Sachar,Female,54,Sales,Team Lead,B.Tech,4,34559.0,2019-04-17,Chennai,1,No,No
EMP07570,Ojas Kohli,Female,41,IT,Manager,MBA,6,107559.0,2022-11-17,Bangalore,3,Yes,No
EMP07571,Vasana Agate,Male,46,Finance,Analyst,MBA,8,114772.0,2021-09-13,Pune,5,Yes,No
EMP07572,Meera Bera,Male,25,Marketing,Senior Analyst,MCA,16,76085.0,2025-10-03,Bangalore,5,Yes,No
EMP07573,Vaishnavi Sha,Female,37,Marketing,Senior Analyst,MCA,3,60855.0,2025-12-06,Pune,1,Yes,Yes
EMP07574,Varsha Minhas,Male,58,IT,Senior Analyst,BCA,5,72884.0,2019-05-08,Chennai,1,Yes,Yes
EMP07575,Nicholas Saini,Female,22,HR,Manager,B.Tech,16,70074.0,2016-11-21,Chennai,2,Yes,No
EMP07576,Harsh Chaudhary,Male,25,HR,Analyst,B.Tech,18,42831.0,2020-08-20,Hyderabad,2,No,No
EMP07577,Vamakshi Gole,Male,46,HR,Senior Analyst,B.Tech,3,39270.0,2018-07-13,Pune,1,No,No
EMP07578,Shaurya Krishnan,Female,39,Sales,Senior Analyst,MCA,16,83099.0,2023-09-23,Chennai,4,Yes,Yes
EMP07579,Laksh Sachar,Male,51,HR,Manager,M.Tech,18,31022.0,2024-06-26,Mumbai,5,Yes,No
EMP07580,Yug Atwal,Male,23,Sales,Senior Analyst,MBA,10,36141.0,2019-06-23,Mumbai,2,No,No
EMP07581,Ati Kalita,Female,32,Marketing,Team Lead,B.Tech,5,88756.0,2022-09-24,Mumbai,5,Yes,No
EMP07582,Rayaan Dani,Female,25,Finance,Analyst,B.Tech,9,86460.0,2024-08-26,Chennai,5,No,No
EMP07583,Yoshita Natarajan,Female,34,Marketing,Senior Analyst,BCA,1,70147.0,2026-01-17,Chennai,3,Yes,No
EMP07584,Amara Sinha,Male,50,IT,Analyst,MBA,4,84559.0,2018-09-25,Pune,3,No,No
EMP07585,Balendra Chauhan,Female,39,Finance,Analyst,B.Tech,7,79542.0,2024-06-30,Hyderabad,2,No,No
EMP07586,Warhi Wable,Female,33,Finance,Senior Analyst,BCA,2,99636.0,2025-01-20,Mumbai,1,No,No
EMP07587,Jacob Agate,Female,43,HR,Senior Analyst,BCA,6,76164.0,2019-06-10,Pune,3,Yes,No
EMP07588,Neha Karnik,Female,53,Sales,Senior Analyst,M.Tech,4,37779.0,2024-11-08,Mumbai,5,Yes,No
EMP07589,Turvi Bandi,Female,46,Finance,Senior Analyst,M.Tech,12,59899.0,2025-02-07,Pune,3,Yes,No
EMP07590,Waida Mandal,Male,49,IT,Manager,M.Tech,5,68029.0,2018-01-09,Mumbai,4,No,Yes
EMP07591,Yashodhara Jaggi,Male,42,IT,Manager,BCA,5,112557.0,2022-09-09,Hyderabad,4,Yes,No
EMP07592,Harini Savant,Male,25,IT,Analyst,BCA,7,118083.0,2024-11-01,Hyderabad,5,Yes,No
EMP07593,Maanav Pradhan,Male,58,IT,Senior Analyst,M.Tech,3,58004.0,2022-06-13,Hyderabad,1,Yes,No
EMP07594,Mason Prasad,Male,43,HR,Analyst,MCA,17,64723.0,2021-11-26,Bangalore,4,Yes,No
EMP07595,Waida Batta,Male,47,Finance,Senior Analyst,MCA,11,82415.0,2016-12-26,Hyderabad,5,No,No
EMP07596,Watika Reddy,Male,58,Sales,Manager,M.Tech,11,59107.0,2019-02-23,Bangalore,3,No,No
EMP07597,Xiti Jha,Male,45,HR,Senior Analyst,B.Tech,5,76520.0,2025-06-20,Mumbai,2,No,No
EMP07598,Kiaan Singh,Female,41,IT,Team Lead,M.Tech,11,119481.0,2025-04-08,Chennai,2,Yes,No
EMP07599,Vedhika Raju,Female,47,Sales,Analyst,MCA,4,68176.0,2016-11-22,Chennai,2,No,No
EMP07600,Fiyaz Kannan,Male,23,Marketing,Analyst,BCA,8,45078.0,2024-04-07,Pune,2,Yes,No
EMP07601,Bimala Din,Female,23,IT,Manager,MBA,2,106870.0,2024-10-27,Bangalore,3,Yes,No
EMP07602,Keya Chacko,Male,44,IT,Analyst,M.Tech,5,85788.0,2026-05-04,Bangalore,3,No,No
EMP07603,Noah Dada,Female,40,HR,Analyst,MCA,6,44455.0,2018-01-21,Bangalore,5,Yes,No
EMP07604,Onkar Chakraborty,Male,45,HR,Analyst,MCA,8,41592.0,2021-03-16,Chennai,2,Yes,No
EMP07605,Avi Chand,Male,44,Sales,Team Lead,MBA,7,90858.0,2026-01-27,Hyderabad,5,No,No
EMP07606,Hemal Ben,Male,55,Finance,Analyst,MBA,17,84608.0,2017-11-24,Hyderabad,5,Yes,No
EMP07607,Ayushman Chowdhury,Male,38,Finance,Senior Analyst,MCA,3,71054.0,2025-01-07,Bangalore,5,Yes,No
EMP07608,Watika Garde,Female,58,Finance,Senior Analyst,B.Tech,20,71097.0,2025-07-31,Mumbai,3,No,No
EMP07609,Riya Choudhry,Female,46,Sales,Senior Analyst,B.Tech,0,73914.0,2018-11-03,Bangalore,5,Yes,No
EMP07610,Alexander Chauhan,Female,30,Finance,Manager,M.Tech,0,46289.0,2017-05-23,Chennai,1,Yes,No
EMP07611,Krisha Rajagopal,Female,24,Marketing,Manager,MBA,9,54473.0,2020-11-07,Mumbai,5,No,No
EMP07612,Rushil Jha,Female,35,HR,Senior Analyst,B.Tech,16,57104.0,2024-06-07,Mumbai,5,No,No
EMP07613,Ria Bali,Male,41,HR,Manager,B.Tech,10,79698.0,2022-01-01,Pune,2,No,No
EMP07614,Falguni Bail,Male,42,Sales,Senior Analyst,M.Tech,17,33845.0,2025-03-16,Pune,2,Yes,No
EMP07615,Noah Sanghvi,Male,26,HR,Team Lead,M.Tech,2,43899.0,2018-08-17,Pune,4,No,No
EMP07616,Ekani Dara,Male,60,IT,Senior Analyst,MBA,14,85056.0,2018-06-15,Hyderabad,1,No,No
EMP07617,Maanav Mahal,Male,49,HR,Team Lead,MCA,3,49565.0,2019-11-15,Hyderabad,3,No,No
EMP07618,Sathvik Mitra,Female,47,Finance,Analyst,BCA,0,60379.0,2021-06-01,Chennai,1,Yes,No
EMP07619,Bahadurjit Banik,Male,44,IT,Team Lead,M.Tech,15,89038.0,2020-02-01,Chennai,1,No,No
EMP07620,Chakrika Chopra,Male,25,IT,Analyst,B.Tech,16,97342.0,2021-08-14,Bangalore,4,Yes,No
EMP07621,Rachita Keer,Female,51,Sales,Manager,BCA,9,92708.0,2024-08-14,Hyderabad,4,Yes,Yes
EMP07622,Shivansh Barad,Female,30,HR,Manager,BCA,3,35791.0,2025-12-09,Bangalore,1,Yes,No
EMP07623,Aishani Puri,Male,49,Finance,Senior Analyst,B.Tech,12,101501.0,2019-07-31,Mumbai,4,Yes,No
EMP07624,Azaan Lall,Female,49,Sales,Analyst,MBA,18,65769.0,2017-12-26,Mumbai,3,No,No
EMP07625,Abhimanyu Guha,Male,39,Marketing,Senior Analyst,MBA,18,88164.0,2022-05-18,Pune,1,Yes,No
EMP07626,Zansi Baria,Male,47,IT,Team Lead,MCA,12,133612.0,2019-09-22,Hyderabad,1,No,No
EMP07627,Unnati Verma,Male,22,HR,Analyst,MCA,7,30979.0,2016-11-10,Pune,2,Yes,No
EMP07628,Sara Goyal,Female,54,Marketing,Senior Analyst,BCA,5,48288.0,2022-08-06,Bangalore,3,No,No
EMP07629,Varenya Thaman,Female,38,HR,Team Lead,BCA,16,56981.0,2019-07-26,Hyderabad,1,Yes,No
EMP07630,Kabir Mishra,Male,29,Finance,Manager,M.Tech,1,95080.0,2019-06-09,Mumbai,3,Yes,No
EMP07631,Advay Kala,Male,35,Finance,Analyst,B.Tech,0,70762.0,2020-05-21,Mumbai,1,No,No
EMP07632,Caleb De,Male,54,Sales,Senior Analyst,M.Tech,4,76107.0,2024-02-04,Mumbai,1,Yes,No
EMP07633,Gopal Wable,Female,22,HR,Analyst,B.Tech,3,32171.0,2026-05-02,Pune,3,Yes,No
EMP07634,Vasana Nagarajan,Female,48,HR,Manager,B.Tech,12,30473.0,2020-11-28,Hyderabad,2,Yes,No
EMP07635,Saumya Parmer,Male,25,Finance,Team Lead,MCA,3,66511.0,2025-09-02,Pune,1,Yes,No
EMP07636,Tanish Aggarwal,Female,58,Sales,Analyst,MCA,7,79399.0,2021-03-24,Mumbai,1,Yes,No
EMP07637,Shivansh Swaminathan,Female,58,IT,Senior Analyst,BCA,12,103664.0,2024-08-11,Bangalore,5,Yes,No
EMP07638,Rachita Mannan,Female,48,HR,Manager,MBA,16,74168.0,2023-03-19,Bangalore,2,No,No
EMP07639,Onveer Sharaf,Female,39,HR,Senior Analyst,BCA,17,38559.0,2025-11-14,Pune,4,Yes,No
EMP07640,Isha Issac,Male,44,Sales,Analyst,B.Tech,5,93604.0,2019-09-25,Mumbai,3,No,Yes
EMP07641,Jagdish Subramaniam,Female,29,IT,Analyst,BCA,9,124615.0,2019-06-02,Hyderabad,5,No,No
EMP07642,Aayush Soni,Female,33,HR,Senior Analyst,B.Tech,10,56963.0,2023-03-05,Chennai,5,No,No
EMP07643,Tarak Vig,Female,52,HR,Senior Analyst,MBA,11,35860.0,2017-04-30,Chennai,5,Yes,No
EMP07644,Charita Mann,Female,55,Sales,Senior Analyst,BCA,11,76850.0,2026-04-30,Bangalore,2,No,No
EMP07645,Vamakshi Khare,Female,40,Sales,Senior Analyst,BCA,13,64947.0,2016-09-04,Mumbai,4,No,No
EMP07646,Nitesh Peri,Male,26,Marketing,Senior Analyst,B.Tech,2,44505.0,2019-07-06,Chennai,5,No,No
EMP07647,Upkaar Murty,Female,32,IT,Team Lead,MCA,19,56677.0,2019-08-01,Hyderabad,1,No,No
EMP07648,Falguni Mahajan,Female,53,HR,Analyst,B.Tech,0,43170.0,2024-08-14,Mumbai,4,No,Yes
EMP07649,Chaitaly Basak,Male,57,HR,Analyst,BCA,6,73548.0,2025-04-05,Hyderabad,4,Yes,No
EMP07650,Omkaar Pradhan,Male,29,Sales,Team Lead,B.Tech,18,68621.0,2020-06-22,Pune,3,Yes,No
EMP07651,Azaan Sha,Male,40,Finance,Team Lead,MBA,3,118373.0,2018-02-13,Chennai,5,Yes,No
EMP07652,Sneha Atwal,Female,52,HR,Analyst,MBA,18,57919.0,2025-05-25,Hyderabad,1,No,No
EMP07653,Ikshita Saraf,Female,36,Finance,Analyst,MCA,19,92659.0,2017-06-28,Pune,2,Yes,No
EMP07654,Abhimanyu Menon,Female,37,Marketing,Team Lead,M.Tech,14,54681.0,2022-12-30,Bangalore,4,Yes,No
EMP07655,Abhimanyu Badal,Male,51,IT,Senior Analyst,B.Tech,19,108253.0,2024-06-25,Mumbai,4,Yes,No
EMP07656,Bhavani Atwal,Male,59,Sales,Senior Analyst,B.Tech,3,33226.0,2019-03-16,Bangalore,5,No,No
EMP07657,Gagan Agrawal,Female,58,Marketing,Analyst,MCA,7,78763.0,2021-03-02,Chennai,5,Yes,No
EMP07658,Ekaraj Jayaraman,Male,57,Finance,Analyst,BCA,12,96000.0,2019-09-25,Mumbai,1,Yes,No
EMP07659,Amaira Raman,Female,29,Finance,Team Lead,BCA,7,66015.0,2020-06-17,Mumbai,4,Yes,No
EMP07660,Saanvi Majumdar,Male,51,Sales,Manager,MCA,16,81444.0,2025-10-19,Pune,3,Yes,Yes
EMP07661,Zaitra Mammen,Female,54,Finance,Manager,M.Tech,20,92604.0,2020-07-22,Bangalore,3,No,No
EMP07662,Jacob Tripathi,Male,27,Finance,Senior Analyst,M.Tech,18,51990.0,2023-05-31,Mumbai,3,No,No
EMP07663,Kamala Krish,Male,37,Marketing,Senior Analyst,BCA,14,39691.0,2018-03-05,Bangalore,4,Yes,No
EMP07664,Harrison Contractor,Female,28,Sales,Team Lead,MBA,18,68483.0,2016-08-24,Mumbai,4,Yes,No
EMP07665,Arya Kala,Female,55,Marketing,Analyst,B.Tech,18,44087.0,2026-04-02,Hyderabad,3,Yes,No
EMP07666,Falak Dube,Female,25,Marketing,Analyst,MCA,11,83340.0,2026-05-13,Pune,3,Yes,No
EMP07667,Eesha Tripathi,Female,37,IT,Analyst,MBA,9,67576.0,2016-08-20,Chennai,3,Yes,No
EMP07668,Chasmum Dora,Female,23,Marketing,Senior Analyst,MBA,18,73412.0,2019-02-17,Pune,1,Yes,No
EMP07669,Triveni Kota,Female,57,Marketing,Senior Analyst,B.Tech,17,89262.0,2023-07-04,Hyderabad,4,Yes,Yes
EMP07670,Liam Raja,Female,54,IT,Team Lead,MBA,0,53036.0,2016-12-04,Hyderabad,5,Yes,No
EMP07671,Priya Rajagopalan,Male,28,Sales,Senior Analyst,MBA,11,43180.0,2018-03-20,Hyderabad,2,Yes,No
EMP07672,Thomas Upadhyay,Male,47,Marketing,Analyst,MBA,2,85263.0,2019-11-24,Chennai,1,Yes,No
EMP07673,Ekaraj Tailor,Male,43,Sales,Manager,M.Tech,4,36585.0,2019-01-19,Hyderabad,1,No,No
EMP07674,Ishanvi Chaudry,Female,58,HR,Team Lead,BCA,15,74523.0,2026-08-02,Bangalore,5,Yes,No
EMP07675,Anjali Basak,Male,46,Finance,Manager,MCA,13,68806.0,2021-11-22,Bangalore,5,No,No
EMP07676,Vedika Dugal,Male,33,Sales,Team Lead,MBA,13,35078.0,2020-10-24,Bangalore,2,No,Yes
EMP07677,Jagat Dash,Male,39,Marketing,Analyst,MBA,6,57717.0,2019-04-06,Chennai,1,No,No
EMP07678,Lucky Kaul,Male,48,Marketing,Analyst,M.Tech,16,67216.0,2017-12-10,Pune,2,Yes,No
EMP07679,Chasmum Lata,Male,40,Marketing,Manager,MBA,16,55199.0,2023-01-15,Chennai,3,Yes,No
EMP07680,Aarna Iyer,Male,41,Sales,Team Lead,BCA,9,86257.0,2018-10-22,Mumbai,1,Yes,No
EMP07681,Libni Dar,Male,41,HR,Senior Analyst,M.Tech,17,31851.0,2025-02-25,Pune,2,Yes,No
EMP07682,Tejas Ratta,Female,45,Finance,Manager,B.Tech,8,110667.0,2022-03-15,Bangalore,3,No,Yes
EMP07683,Girindra Mane,Male,60,Sales,Senior Analyst,MBA,4,52403.0,2021-12-16,Mumbai,1,No,No
EMP07684,Sanya Shan,Female,51,Sales,Analyst,M.Tech,1,37047.0,2022-02-02,Hyderabad,2,Yes,No
EMP07685,Pranit Upadhyay,Male,55,Finance,Senior Analyst,M.Tech,18,105263.0,2024-06-24,Chennai,5,Yes,No
EMP07686,Harsh Sunder,Female,33,Finance,Analyst,MCA,4,70848.0,2016-09-26,Bangalore,2,No,No
EMP07687,Indali Basu,Male,23,Marketing,Analyst,B.Tech,19,46108.0,2021-09-18,Hyderabad,5,No,No
EMP07688,Harish Ravel,Male,40,Finance,Team Lead,MCA,0,80263.0,2018-09-25,Bangalore,4,Yes,No
EMP07689,Siddharth Kakar,Male,33,Marketing,Manager,BCA,16,88673.0,2021-01-05,Bangalore,3,No,No
EMP07690,Darika Ramakrishnan,Male,57,Sales,Analyst,MBA,8,40177.0,2024-03-25,Chennai,1,Yes,Yes
EMP07691,Madhav Rege,Female,28,IT,Team Lead,B.Tech,4,116654.0,2021-04-06,Mumbai,3,Yes,No
EMP07692,Indrajit Chacko,Female,23,IT,Senior Analyst,B.Tech,2,94436.0,2025-11-12,Pune,5,No,No
EMP07693,Udyati Kaul,Female,24,Marketing,Team Lead,MCA,1,38975.0,2026-06-29,Hyderabad,1,No,No
EMP07694,Ayaan Sankar,Female,59,HR,Manager,M.Tech,15,59280.0,2021-01-22,Hyderabad,1,Yes,No
EMP07695,Tanish Balay,Male,38,Finance,Senior Analyst,MBA,15,100342.0,2024-05-12,Pune,3,Yes,No
EMP07696,Samarth Ramakrishnan,Female,48,Finance,Senior Analyst,MBA,19,93680.0,2024-01-01,Bangalore,4,Yes,No
EMP07697,Eesha Dhillon,Female,57,Marketing,Senior Analyst,BCA,0,55113.0,2023-01-30,Hyderabad,2,No,No
EMP07698,Zashil Doctor,Female,24,IT,Analyst,B.Tech,0,78178.0,2026-01-09,Mumbai,3,No,No
EMP07699,Ekta Sarma,Female,50,IT,Analyst,BCA,6,122808.0,2025-10-02,Chennai,5,No,No
EMP07700,Rajeshri Sinha,Female,31,HR,Senior Analyst,BCA,2,60678.0,2025-11-12,Bangalore,1,Yes,No
EMP07701,Abhimanyu Bali,Female,44,Marketing,Analyst,B.Tech,9,58156.0,2019-07-30,Bangalore,1,Yes,No
EMP07702,Eiravati Prabhakar,Male,46,IT,Senior Analyst,MCA,15,79308.0,2022-04-07,Mumbai,1,Yes,Yes
EMP07703,Chanchal Palla,Female,32,IT,Team Lead,MBA,10,52669.0,2026-07-09,Chennai,2,No,No
EMP07704,Ryan Krishnan,Female,37,IT,Manager,BCA,19,91711.0,2025-06-28,Hyderabad,4,Yes,No
EMP07705,Onveer Khosla,Male,40,Sales,Senior Analyst,MCA,17,76940.0,2026-05-18,Mumbai,2,Yes,No
EMP07706,Indali Aurora,Female,46,Marketing,Senior Analyst,B.Tech,0,86759.0,2017-01-23,Chennai,2,Yes,No
EMP07707,Krish Dar,Male,43,Marketing,Analyst,B.Tech,2,61863.0,2017-07-07,Pune,5,No,No
EMP07708,Wakeeta Bhatti,Female,25,Sales,Analyst,MBA,5,74123.0,2024-09-17,Hyderabad,3,No,No
EMP07709,Theodore Gara,Male,24,HR,Team Lead,MCA,18,63001.0,2024-12-08,Bangalore,2,No,No
EMP07710,Faqid Mallick,Male,50,HR,Analyst,MBA,17,41661.0,2018-04-22,Pune,2,Yes,No
EMP07711,Ayushman Puri,Male,25,Finance,Manager,M.Tech,19,88806.0,2024-01-31,Pune,1,Yes,No
EMP07712,Yochana Chand,Male,32,Finance,Senior Analyst,BCA,1,66573.0,2026-02-23,Hyderabad,3,No,No
EMP07713,Omaja Hari,Female,54,Finance,Team Lead,M.Tech,4,75987.0,2023-03-02,Mumbai,2,No,No
EMP07714,Mitali Keer,Male,43,Marketing,Analyst,M.Tech,16,36016.0,2022-02-05,Bangalore,2,No,No
EMP07715,Tanmayi Boase,Female,33,Finance,Analyst,MCA,17,56979.0,2017-10-26,Bangalore,3,No,No
EMP07716,Hardik Chauhan,Male,25,IT,Team Lead,MBA,18,129229.0,2019-11-19,Bangalore,3,Yes,No
EMP07717,Rachit Narula,Female,40,Finance,Manager,MBA,3,59472.0,2023-05-25,Bangalore,3,No,Yes
EMP07718,Ikbal Bhalla,Male,36,HR,Manager,M.Tech,9,30858.0,2020-11-18,Bangalore,5,No,No
EMP07719,Qasim Keer,Female,32,Sales,Senior Analyst,MCA,14,71247.0,2020-12-07,Pune,5,No,No
EMP07720,Vasana Kakar,Female,45,HR,Senior Analyst,MCA,18,50694.0,2022-06-21,Bangalore,1,Yes,No
EMP07721,Jai Sankaran,Female,41,Marketing,Analyst,M.Tech,15,77117.0,2023-01-26,Mumbai,2,Yes,No
EMP07722,Vanya Mand,Male,60,Marketing,Manager,B.Tech,6,53965.0,2023-05-27,Pune,3,Yes,No
EMP07723,Faraj Lad,Female,51,Sales,Senior Analyst,MBA,8,78596.0,2025-10-11,Hyderabad,3,No,No
EMP07724,Yashica Morar,Male,60,Sales,Manager,B.Tech,0,36289.0,2018-10-23,Mumbai,4,No,Yes
EMP07725,Xavier Goswami,Male,58,Marketing,Senior Analyst,M.Tech,5,70505.0,2023-10-14,Pune,5,Yes,No
EMP07726,Neelima Puri,Female,36,Sales,Team Lead,BCA,1,84905.0,2019-04-10,Bangalore,2,Yes,Yes
EMP07727,Kamya Vora,Male,26,IT,Senior Analyst,B.Tech,3,136904.0,2025-02-03,Chennai,2,Yes,No
EMP07728,Qushi Srivastava,Female,59,Marketing,Manager,MBA,17,71193.0,2019-07-23,Chennai,5,No,No
EMP07729,Ishwar Rege,Male,44,Finance,Senior Analyst,M.Tech,6,81153.0,2016-10-31,Bangalore,2,Yes,No
EMP07730,Priya Bali,Female,24,IT,Team Lead,MBA,19,51883.0,2018-10-17,Mumbai,1,No,No
EMP07731,Sanaya Deep,Female,38,HR,Manager,M.Tech,13,75977.0,2017-03-07,Pune,3,Yes,No
EMP07732,Siya Joshi,Male,24,IT,Team Lead,B.Tech,2,51832.0,2016-10-15,Bangalore,2,Yes,No
EMP07733,Eshana Tak,Male,57,Finance,Manager,BCA,20,56749.0,2017-02-22,Bangalore,3,Yes,No
EMP07734,Wyatt Vora,Female,36,Sales,Senior Analyst,B.Tech,8,86100.0,2026-07-09,Mumbai,3,Yes,No
EMP07735,Chatresh Dalal,Female,58,IT,Analyst,MCA,9,145440.0,2026-01-19,Chennai,2,No,No
EMP07736,Hemal Peri,Female,29,Marketing,Manager,B.Tech,1,56780.0,2022-04-18,Bangalore,5,Yes,No
EMP07737,Victor Vora,Female,58,Finance,Senior Analyst,BCA,11,50006.0,2021-06-08,Pune,2,Yes,No
EMP07738,Fariq Brar,Female,40,IT,Analyst,MBA,10,53083.0,2023-05-31,Mumbai,5,Yes,No
EMP07739,Banjeet Raj,Male,59,HR,Senior Analyst,MBA,20,45355.0,2021-07-02,Pune,5,Yes,No
EMP07740,Jonathan Murty,Male,27,HR,Manager,BCA,0,75233.0,2018-11-22,Mumbai,5,No,Yes
EMP07741,Kiaan Borde,Male,56,Sales,Analyst,B.Tech,18,72355.0,2025-12-12,Pune,1,Yes,No
EMP07742,Gautam Chandra,Female,58,HR,Analyst,M.Tech,19,31778.0,2019-10-07,Pune,2,No,No
EMP07743,Garima Balay,Female,47,IT,Manager,MBA,1,104305.0,2021-05-25,Bangalore,2,No,No
EMP07744,Vasudha Dewan,Female,28,Marketing,Manager,MBA,19,43052.0,2026-01-15,Hyderabad,2,No,No
EMP07745,Ekapad Bhardwaj,Female,56,Marketing,Analyst,BCA,20,56436.0,2017-02-08,Pune,2,No,No
EMP07746,Akshay Mohanty,Female,36,IT,Analyst,M.Tech,13,136699.0,2021-07-26,Pune,3,Yes,No
EMP07747,Keya Varghese,Female,56,Sales,Manager,M.Tech,13,90053.0,2018-05-18,Bangalore,3,No,No
EMP07748,Barkha Dass,Female,60,IT,Analyst,BCA,2,105496.0,2020-12-01,Pune,2,No,No
EMP07749,Tamanna Deol,Female,30,IT,Manager,M.Tech,20,91506.0,2018-12-02,Mumbai,4,No,No
EMP07750,Osha Ravel,Male,25,Marketing,Manager,M.Tech,14,61945.0,2022-05-23,Hyderabad,5,Yes,No
EMP07751,Veer Bhatia,Male,53,Finance,Manager,MCA,0,79272.0,2017-10-30,Bangalore,3,No,No
EMP07752,Azaan Naidu,Male,22,IT,Senior Analyst,BCA,6,122301.0,2018-01-14,Bangalore,1,No,No
EMP07753,Hemangini D’Alia,Male,22,Sales,Manager,M.Tech,15,93058.0,2023-10-27,Pune,5,Yes,Yes
EMP07754,Lucky Parmar,Female,46,Marketing,Analyst,M.Tech,5,84167.0,2026-06-17,Pune,2,Yes,No
EMP07755,Vasatika Nadkarni,Male,30,IT,Senior Analyst,M.Tech,3,75793.0,2025-11-29,Hyderabad,3,No,No
EMP07756,Frado Bhatnagar,Male,34,IT,Team Lead,MCA,7,98965.0,2025-08-17,Chennai,2,No,No
EMP07757,Gaurangi Desai,Female,42,Marketing,Manager,B.Tech,2,43571.0,2018-09-14,Pune,1,No,No
EMP07758,Triya Hans,Female,49,Sales,Analyst,MBA,18,79815.0,2021-01-23,Chennai,4,No,Yes
EMP07759,Ekta Sathe,Female,47,Finance,Senior Analyst,MCA,2,64270.0,2021-09-13,Mumbai,3,No,No
EMP07760,Nisha Rajagopalan,Female,53,Marketing,Analyst,BCA,14,57343.0,2022-10-25,Pune,5,Yes,No
EMP07761,Chatresh Varkey,Male,47,HR,Analyst,MBA,13,72029.0,2017-04-30,Hyderabad,1,Yes,No
EMP07762,Jai Mangat,Male,24,Finance,Team Lead,M.Tech,19,113129.0,2017-10-03,Hyderabad,4,Yes,No
EMP07763,Chandani Kakar,Female,57,HR,Senior Analyst,MCA,5,64964.0,2016-09-23,Pune,1,Yes,No
EMP07764,Vinaya Nori,Female,44,Finance,Analyst,MCA,2,52290.0,2026-06-04,Bangalore,2,Yes,No
EMP07765,Adya Kothari,Male,46,HR,Team Lead,M.Tech,5,57214.0,2018-10-06,Mumbai,2,No,No
EMP07766,Chasmum Jhaveri,Female,31,Marketing,Analyst,MCA,19,60334.0,2018-10-02,Mumbai,5,Yes,No
EMP07767,Yashvi Mand,Female,60,Sales,Analyst,B.Tech,4,79814.0,2024-10-13,Mumbai,5,No,No
EMP07768,Chaitaly Chakraborty,Female,24,IT,Team Lead,M.Tech,11,115921.0,2023-10-22,Chennai,1,Yes,No
EMP07769,Noah Gera,Male,53,Marketing,Manager,MBA,19,40294.0,2024-06-18,Bangalore,3,No,No
EMP07770,Balvan Goyal,Female,28,Sales,Manager,BCA,16,31057.0,2017-11-04,Bangalore,1,Yes,No
EMP07771,Mugdha Gara,Male,26,Finance,Manager,B.Tech,10,53972.0,2025-01-13,Pune,4,No,No
EMP07772,Lakshmi Kala,Female,33,Marketing,Team Lead,M.Tech,3,50710.0,2019-10-19,Mumbai,3,No,No
EMP07773,Jagat Sangha,Male,30,Marketing,Team Lead,B.Tech,8,46588.0,2025-12-26,Pune,3,Yes,No
EMP07774,Agastya Dass,Female,33,Sales,Manager,MBA,7,34841.0,2023-04-30,Hyderabad,4,Yes,Yes
EMP07775,Kevin Krishnan,Male,24,HR,Team Lead,B.Tech,10,36991.0,2019-07-13,Bangalore,5,Yes,No
EMP07776,Charles Krishna,Male,32,Sales,Team Lead,M.Tech,10,59039.0,2021-03-14,Bangalore,3,No,Yes
EMP07777,Gautami Jani,Male,51,Sales,Analyst,B.Tech,9,92990.0,2025-11-20,Pune,5,No,No
EMP07778,Shravya Sagar,Female,59,IT,Analyst,MBA,20,116524.0,2021-10-22,Hyderabad,5,No,No
EMP07779,Wyatt Dada,Male,53,Finance,Senior Analyst,MCA,2,63862.0,2021-11-24,Bangalore,5,No,No
EMP07780,Reyansh Kibe,Male,25,Marketing,Manager,MCA,6,88257.0,2021-10-28,Pune,5,No,No
EMP07781,Eshana Chaudhari,Male,30,Finance,Analyst,B.Tech,2,76710.0,2022-09-17,Hyderabad,4,No,No
EMP07782,Anita Kalita,Male,24,IT,Analyst,B.Tech,15,109898.0,2021-05-19,Mumbai,1,No,No
EMP07783,Varsha Raval,Female,56,Sales,Senior Analyst,B.Tech,2,89352.0,2022-03-01,Bangalore,1,No,Yes
EMP07784,Mugdha Sampath,Female,30,Marketing,Team Lead,MBA,7,58755.0,2026-07-15,Pune,1,No,No
EMP07785,Bhanumati Sura,Male,30,IT,Analyst,BCA,20,94769.0,2025-03-07,Mumbai,5,No,No
EMP07786,Garima Issac,Male,53,IT,Team Lead,BCA,18,59061.0,2019-02-12,Chennai,2,No,No
EMP07787,Janaki Malhotra,Male,32,HR,Team Lead,BCA,4,69537.0,2022-12-25,Pune,2,No,No
EMP07788,Kabir Rastogi,Female,57,Sales,Team Lead,M.Tech,6,42241.0,2019-09-03,Pune,2,Yes,Yes
EMP07789,Aachal Kuruvilla,Female,39,Marketing,Manager,B.Tech,8,41115.0,2022-09-08,Bangalore,3,Yes,No
EMP07790,Indali Merchant,Female,33,Sales,Manager,B.Tech,10,95473.0,2022-07-11,Bangalore,2,Yes,No
EMP07791,Adweta Edwin,Male,59,IT,Senior Analyst,M.Tech,3,134268.0,2019-02-21,Bangalore,4,No,No
EMP07792,Ekani Varghese,Female,33,HR,Analyst,B.Tech,16,52500.0,2025-09-05,Hyderabad,1,No,No
EMP07793,Ekaja Ramakrishnan,Female,51,Sales,Senior Analyst,B.Tech,3,71598.0,2017-11-01,Chennai,4,Yes,No
EMP07794,Avi Bumb,Female,57,IT,Manager,MBA,14,68071.0,2022-11-22,Pune,5,No,No
EMP07795,Dev Naidu,Female,52,HR,Analyst,MCA,4,49057.0,2018-11-08,Bangalore,2,Yes,No
EMP07796,Unni Rajagopal,Female,54,IT,Senior Analyst,MBA,19,67926.0,2024-10-03,Mumbai,2,No,No
EMP07797,Anvi Chaudhari,Female,44,IT,Team Lead,B.Tech,14,56317.0,2024-02-02,Chennai,4,No,No
EMP07798,Diya Badami,Female,34,Finance,Senior Analyst,B.Tech,18,75967.0,2023-05-21,Hyderabad,5,Yes,No
EMP07799,Wishi Ratti,Male,33,Finance,Manager,B.Tech,5,54737.0,2023-09-01,Hyderabad,2,Yes,No
EMP07800,Eesha Shanker,Male,22,Sales,Team Lead,MCA,9,67822.0,2025-11-16,Hyderabad,3,No,Yes
EMP07801,Aditya Kadakia,Female,60,Sales,Senior Analyst,M.Tech,12,54247.0,2023-06-15,Bangalore,4,Yes,No
EMP07802,Saumya Nath,Male,38,Finance,Manager,MBA,5,81181.0,2022-03-15,Hyderabad,1,No,No
EMP07803,Hema Lad,Female,46,Marketing,Senior Analyst,M.Tech,8,53797.0,2017-08-20,Hyderabad,3,No,No
EMP07804,Ojas Pandey,Female,57,Marketing,Senior Analyst,MBA,19,55141.0,2019-06-04,Pune,5,No,No
EMP07805,Azaan Nadkarni,Female,28,Sales,Senior Analyst,BCA,11,94533.0,2025-09-29,Bangalore,5,No,No
EMP07806,Nathan Sagar,Female,60,IT,Analyst,MBA,1,105299.0,2026-06-28,Mumbai,2,Yes,No
EMP07807,Ekapad Jani,Female,46,Marketing,Team Lead,M.Tech,5,79005.0,2019-12-27,Pune,4,No,No
EMP07808,Samarth Dugar,Male,53,Sales,Manager,B.Tech,12,84348.0,2021-05-17,Pune,3,Yes,Yes
EMP07809,Bahadurjit Mahal,Male,51,HR,Senior Analyst,MCA,1,68123.0,2023-03-30,Mumbai,3,No,No
EMP07810,Shaurya Pathak,Female,41,Marketing,Senior Analyst,MBA,9,75944.0,2026-07-24,Pune,3,No,No
EMP07811,Yatan Gole,Female,39,HR,Team Lead,BCA,14,32633.0,2019-06-27,Pune,5,No,No
EMP07812,Garima Prasad,Male,33,Sales,Senior Analyst,B.Tech,8,46017.0,2025-03-23,Mumbai,3,Yes,No
EMP07813,Oni Radhakrishnan,Female,46,Marketing,Analyst,BCA,11,78397.0,2022-09-01,Chennai,3,No,No
EMP07814,Urmi Soni,Male,55,IT,Manager,MBA,16,129620.0,2021-12-10,Mumbai,5,Yes,No
EMP07815,Ethan Ramaswamy,Male,25,Sales,Team Lead,M.Tech,14,66529.0,2021-06-17,Chennai,5,Yes,No
EMP07816,Bahadurjit Madan,Female,54,Marketing,Senior Analyst,B.Tech,0,81773.0,2019-12-14,Pune,5,Yes,No
EMP07817,Hamsini Dubey,Female,39,Marketing,Manager,M.Tech,7,55329.0,2021-06-30,Pune,4,No,No
EMP07818,Zarna Badami,Female,43,HR,Analyst,MCA,5,63043.0,2023-02-11,Chennai,2,No,No
EMP07819,Eshana Shere,Male,59,Marketing,Team Lead,B.Tech,19,50340.0,2022-02-05,Bangalore,3,Yes,No
EMP07820,Eesha Keer,Male,48,IT,Senior Analyst,MBA,3,103064.0,2021-09-30,Pune,5,No,Yes
EMP07821,Ekta Puri,Female,54,HR,Team Lead,MBA,18,63194.0,2020-01-28,Chennai,1,No,No
EMP07822,Advika Basak,Female,45,IT,Senior Analyst,M.Tech,10,111625.0,2024-07-24,Hyderabad,5,Yes,No
EMP07823,Abdul Borah,Male,38,Marketing,Analyst,MCA,16,85501.0,2020-01-11,Pune,5,No,No
EMP07824,Omkaar Ghosh,Male,56,Finance,Senior Analyst,MCA,11,67614.0,2021-01-01,Mumbai,1,No,No
EMP07825,Maya Karnik,Male,22,Marketing,Team Lead,MCA,6,38306.0,2024-02-10,Hyderabad,4,Yes,No
EMP07826,Tanish Varghese,Male,27,HR,Manager,B.Tech,8,48061.0,2025-02-21,Mumbai,3,No,No
EMP07827,Forum Ramesh,Female,57,HR,Team Lead,M.Tech,14,47178.0,2016-10-25,Pune,1,No,No
EMP07828,Rayaan Srinivasan,Female,30,IT,Senior Analyst,B.Tech,2,81407.0,2018-12-21,Pune,3,Yes,No
EMP07829,Saanvi Soni,Male,25,Sales,Manager,B.Tech,9,33320.0,2020-08-22,Bangalore,5,Yes,No
EMP07830,Oscar Badami,Male,38,HR,Analyst,B.Tech,0,37424.0,2022-04-15,Pune,5,No,No
EMP07831,Adweta Bhatnagar,Male,30,IT,Senior Analyst,MCA,9,128326.0,2021-06-02,Bangalore,5,Yes,No
EMP07832,Ubika Mahal,Female,43,IT,Senior Analyst,MBA,3,63776.0,2019-10-23,Bangalore,4,Yes,No
EMP07833,Mitali Dave,Female,29,Marketing,Senior Analyst,MCA,4,67087.0,2021-09-07,Mumbai,2,No,Yes
EMP07834,Indira Kale,Female,24,Marketing,Senior Analyst,MBA,15,61593.0,2017-04-10,Bangalore,5,Yes,No
EMP07835,Leena Setty,Female,59,IT,Team Lead,B.Tech,3,51452.0,2022-10-08,Pune,3,Yes,Yes
EMP07836,William Dhar,Male,57,IT,Senior Analyst,MCA,6,97768.0,2016-10-08,Pune,4,No,No
EMP07837,Chatura Peri,Female,31,Sales,Manager,M.Tech,18,69189.0,2023-11-14,Bangalore,1,No,No
EMP07838,Aarush Ratti,Female,46,IT,Manager,B.Tech,13,140995.0,2023-02-02,Hyderabad,4,No,No
EMP07839,Aachal Butala,Female,54,HR,Manager,MBA,2,63614.0,2017-10-19,Mumbai,2,No,No
EMP07840,Tamanna Shetty,Female,27,Sales,Manager,MBA,16,69705.0,2017-09-07,Hyderabad,4,Yes,No
EMP07841,Neel Memon,Female,43,Sales,Senior Analyst,MCA,14,72421.0,2022-12-04,Bangalore,3,No,No
EMP07842,Xiti Nagar,Male,29,IT,Team Lead,B.Tech,13,120188.0,2024-10-02,Bangalore,3,No,No
EMP07843,Chameli Som,Male,34,HR,Senior Analyst,MBA,20,45556.0,2022-09-13,Bangalore,3,No,No
EMP07844,Vritti Datta,Female,27,Sales,Senior Analyst,MCA,8,31117.0,2024-09-25,Hyderabad,2,Yes,Yes
EMP07845,Hemangini Sachdev,Female,22,Sales,Team Lead,B.Tech,16,50874.0,2019-10-30,Chennai,4,Yes,Yes
EMP07846,Urishilla Ramaswamy,Male,41,HR,Team Lead,B.Tech,12,72557.0,2017-08-04,Mumbai,3,Yes,No
EMP07847,David Dhillon,Male,31,Marketing,Analyst,BCA,10,68654.0,2022-08-21,Hyderabad,2,No,Yes
EMP07848,Chaaya Basu,Female,42,Marketing,Senior Analyst,BCA,12,68597.0,2026-04-18,Bangalore,4,No,No
EMP07849,Lila Srinivasan,Male,25,Marketing,Team Lead,M.Tech,0,35737.0,2016-09-04,Hyderabad,5,Yes,No
EMP07850,Eshana Shenoy,Male,46,HR,Manager,BCA,1,54754.0,2016-09-07,Hyderabad,1,No,No
EMP07851,Yashica Bumb,Male,51,Marketing,Senior Analyst,MCA,5,87718.0,2024-05-09,Bangalore,1,Yes,No
EMP07852,Ubika Nagarajan,Male,30,Finance,Analyst,BCA,14,62446.0,2022-05-08,Mumbai,5,No,No
EMP07853,Madhav Parmar,Male,54,Marketing,Team Lead,B.Tech,6,38700.0,2018-10-28,Mumbai,2,Yes,No
EMP07854,Neelima Butala,Female,27,HR,Analyst,M.Tech,11,42529.0,2026-05-24,Chennai,2,No,No
EMP07855,Wridesh Buch,Male,51,Sales,Team Lead,MBA,5,55396.0,2024-05-28,Bangalore,2,No,No
EMP07856,Luke Sathe,Female,60,HR,Team Lead,MCA,3,37469.0,2023-04-25,Pune,5,Yes,No
EMP07857,Kavya Karpe,Female,43,Finance,Manager,MBA,17,52897.0,2022-01-03,Hyderabad,3,Yes,No
EMP07858,Jeremiah Lad,Female,39,Finance,Analyst,B.Tech,5,93896.0,2022-05-19,Hyderabad,4,Yes,No
EMP07859,Zilmil Pathak,Female,51,Marketing,Team Lead,BCA,6,38522.0,2022-10-15,Hyderabad,5,No,No
EMP07860,Pranit Barman,Male,43,IT,Team Lead,B.Tech,7,112213.0,2023-06-17,Pune,2,Yes,No
EMP07861,Jackson Chand,Female,51,Finance,Manager,B.Tech,20,48081.0,2023-06-29,Bangalore,4,No,No
EMP07862,Hemal Shanker,Male,46,HR,Team Lead,BCA,17,59748.0,2016-11-03,Bangalore,2,Yes,No
EMP07863,Yatin Kala,Male,49,HR,Manager,B.Tech,6,54448.0,2025-07-27,Pune,2,No,No
EMP07864,Unni Sanghvi,Male,35,Finance,Team Lead,B.Tech,3,117082.0,2022-01-27,Bangalore,2,Yes,No
EMP07865,Charvi Raval,Male,59,Sales,Senior Analyst,BCA,10,75682.0,2023-09-05,Pune,5,Yes,Yes
EMP07866,Aachal Venkataraman,Female,24,IT,Manager,M.Tech,11,141363.0,2018-09-30,Chennai,2,Yes,Yes
EMP07867,Hritik Mahal,Male,57,Marketing,Manager,BCA,3,38248.0,2019-09-28,Mumbai,5,No,No
EMP07868,Vasudha Dalal,Male,28,IT,Senior Analyst,B.Tech,1,56457.0,2019-05-21,Bangalore,2,No,No
EMP07869,Thomas Bhat,Male,53,IT,Team Lead,M.Tech,18,101818.0,2022-08-13,Chennai,1,Yes,Yes
EMP07870,Jacob Patla,Male,52,Finance,Senior Analyst,MCA,18,45232.0,2020-04-01,Pune,4,No,No
EMP07871,Ekaraj Sodhi,Male,32,Marketing,Senior Analyst,BCA,0,76856.0,2022-12-10,Mumbai,2,No,No
EMP07872,Bakhshi Madan,Male,39,Marketing,Team Lead,MBA,20,84060.0,2018-09-17,Bangalore,1,No,No
EMP07873,Madhavi Gupta,Male,35,Marketing,Team Lead,M.Tech,2,74619.0,2026-07-04,Hyderabad,1,Yes,No
EMP07874,Lila Malhotra,Female,55,Finance,Analyst,MCA,6,52124.0,2025-03-08,Pune,1,Yes,No
EMP07875,Charles Anand,Male,26,Sales,Manager,MBA,8,58734.0,2016-10-08,Bangalore,3,Yes,Yes
EMP07876,Tanay Bhavsar,Male,42,HR,Senior Analyst,MCA,2,33748.0,2023-05-16,Pune,2,Yes,No
EMP07877,Ubika Mukhopadhyay,Female,44,Finance,Team Lead,M.Tech,11,72576.0,2026-03-31,Pune,5,Yes,No
EMP07878,Netra Rege,Female,33,HR,Team Lead,M.Tech,20,66025.0,2020-05-09,Bangalore,3,No,No
EMP07879,Mason Ravi,Female,47,Marketing,Team Lead,M.Tech,12,42501.0,2024-09-29,Pune,3,No,No
EMP07880,Raghav Chopra,Male,22,HR,Analyst,MBA,19,66141.0,2025-06-15,Bangalore,2,No,No
EMP07881,Bimala Ravel,Male,54,Marketing,Analyst,BCA,4,54534.0,2025-05-21,Pune,1,No,No
EMP07882,Ikshita Bera,Male,35,IT,Senior Analyst,BCA,13,119673.0,2016-11-05,Chennai,1,Yes,No
EMP07883,Urmi Iyer,Male,24,Sales,Analyst,MCA,12,90875.0,2024-09-27,Chennai,1,No,No
EMP07884,Ekanta Cherian,Female,37,Sales,Analyst,B.Tech,14,34783.0,2016-11-15,Chennai,4,No,No
EMP07885,Aarush Chowdhury,Male,39,Marketing,Team Lead,BCA,18,43191.0,2025-10-20,Pune,2,Yes,No
EMP07886,Samuel Sahota,Male,60,HR,Team Lead,MCA,8,41080.0,2021-12-23,Bangalore,1,No,No
EMP07887,Advay Chad,Female,52,HR,Manager,MCA,19,60678.0,2018-10-30,Hyderabad,4,Yes,No
EMP07888,Daksha Gour,Female,48,HR,Senior Analyst,BCA,6,38042.0,2023-03-29,Hyderabad,4,No,No
EMP07889,Lavanya Bail,Female,28,IT,Manager,B.Tech,9,51778.0,2020-02-27,Mumbai,4,No,No
EMP07890,Joshua Hayre,Female,59,HR,Senior Analyst,MCA,19,34508.0,2018-08-08,Mumbai,4,Yes,No
EMP07891,Mitesh Bir,Female,54,Finance,Senior Analyst,BCA,9,96903.0,2025-04-21,Chennai,5,No,No
EMP07892,Rudra Swamy,Male,39,HR,Manager,MCA,1,62675.0,2021-05-14,Mumbai,2,No,No
EMP07893,Netra Barad,Male,53,IT,Manager,B.Tech,10,77554.0,2026-05-03,Bangalore,4,No,No
EMP07894,Pranit Soni,Female,38,Marketing,Senior Analyst,BCA,3,82025.0,2025-04-13,Hyderabad,1,Yes,No
EMP07895,Karan Borah,Female,51,Finance,Senior Analyst,MCA,4,90774.0,2026-07-13,Chennai,3,Yes,No
EMP07896,Ranbir Jayaraman,Male,49,IT,Team Lead,MBA,15,123657.0,2026-07-29,Pune,4,Yes,No
EMP07897,Janani Chokshi,Female,39,Marketing,Analyst,MCA,3,56656.0,2017-08-09,Chennai,5,No,No
EMP07898,Gagan Amble,Male,36,IT,Team Lead,B.Tech,8,149021.0,2024-07-05,Mumbai,2,Yes,No
EMP07899,Keya Murthy,Male,31,Marketing,Senior Analyst,MCA,14,69519.0,2018-07-30,Hyderabad,3,Yes,No
EMP07900,Vincent Bhatnagar,Male,57,HR,Manager,M.Tech,3,44600.0,2017-08-31,Chennai,5,No,No
EMP07901,Baljiwan Shah,Female,25,HR,Senior Analyst,M.Tech,5,51484.0,2018-10-31,Pune,4,No,No
EMP07902,Advik Majumdar,Male,41,Marketing,Team Lead,B.Tech,11,75615.0,2025-11-12,Hyderabad,5,Yes,No
EMP07903,Tripti Walla,Female,45,IT,Analyst,MBA,19,83572.0,2022-04-27,Chennai,5,Yes,No
EMP07904,Ishanvi Vohra,Female,54,IT,Team Lead,M.Tech,15,59747.0,2023-09-02,Pune,1,No,No
EMP07905,Hamsini Issac,Female,22,HR,Manager,MBA,12,38273.0,2018-05-28,Mumbai,2,No,No
EMP07906,Nikita Mand,Male,46,HR,Team Lead,M.Tech,14,48583.0,2026-08-06,Chennai,3,No,No
EMP07907,Nathaniel Chander,Female,31,Sales,Team Lead,M.Tech,4,38768.0,2022-04-14,Mumbai,3,No,No
EMP07908,Kevin Krishna,Male,60,Finance,Manager,M.Tech,10,81827.0,2024-10-24,Hyderabad,1,No,No
EMP07909,Siya Borde,Female,25,IT,Team Lead,B.Tech,0,86857.0,2026-07-11,Hyderabad,4,Yes,No
EMP07910,Megha Kumer,Male,43,HR,Senior Analyst,BCA,9,61794.0,2024-09-25,Chennai,3,Yes,No
EMP07911,Adya Amble,Female,22,Marketing,Manager,MBA,2,75617.0,2022-07-09,Mumbai,2,No,No
EMP07912,Laban Walia,Male,32,Sales,Analyst,BCA,16,43990.0,2018-06-06,Pune,1,Yes,No
EMP07913,Bishakha Loke,Male,55,Sales,Senior Analyst,B.Tech,10,43546.0,2019-09-02,Mumbai,5,No,No
EMP07914,Amara Dutta,Male,42,IT,Manager,B.Tech,9,130389.0,2018-03-21,Hyderabad,4,No,No
EMP07915,Sudiksha Basak,Male,31,IT,Manager,MCA,6,103173.0,2024-07-22,Hyderabad,3,No,Yes
EMP07916,Gaurav Sama,Male,47,Finance,Team Lead,B.Tech,17,106783.0,2023-02-15,Chennai,5,No,No
EMP07917,Onveer Dubey,Female,41,Marketing,Senior Analyst,BCA,15,83106.0,2021-06-16,Chennai,1,Yes,No
EMP07918,Dalbir Natt,Female,58,Finance,Senior Analyst,MBA,16,79962.0,2018-08-21,Hyderabad,3,No,No
EMP07919,Aadhya Saha,Male,51,Sales,Team Lead,MCA,19,35555.0,2018-05-13,Mumbai,5,Yes,No
EMP07920,Urishilla Mangat,Male,38,Sales,Analyst,BCA,19,74093.0,2023-04-08,Bangalore,1,No,No
EMP07921,Alexander Banik,Female,41,HR,Manager,BCA,12,67424.0,2022-11-30,Hyderabad,4,Yes,No
EMP07922,Geetika Kapoor,Female,49,Marketing,Team Lead,M.Tech,4,59643.0,2024-04-03,Mumbai,1,Yes,No
EMP07923,Baghyawati Nigam,Female,36,Finance,Analyst,B.Tech,0,69995.0,2016-10-20,Pune,3,No,No
EMP07924,Samuel Varty,Female,48,IT,Manager,MCA,15,95965.0,2017-12-14,Bangalore,1,Yes,Yes
EMP07925,Gaurangi Agarwal,Male,48,Marketing,Analyst,MBA,12,66815.0,2023-08-28,Hyderabad,1,No,No
EMP07926,Darpan Bajwa,Male,43,IT,Team Lead,MBA,8,112414.0,2019-04-02,Chennai,1,Yes,No
EMP07927,Rachita Prasad,Female,25,Marketing,Senior Analyst,M.Tech,20,45901.0,2022-08-23,Chennai,2,No,No
EMP07928,Leela Chahal,Male,56,Sales,Manager,BCA,1,79536.0,2023-04-15,Pune,3,Yes,No
EMP07929,Samarth Khare,Male,31,Finance,Manager,MCA,0,108179.0,2025-02-07,Mumbai,4,No,No
EMP07930,Agastya Prasad,Male,23,HR,Analyst,M.Tech,4,78629.0,2020-12-04,Pune,2,No,Yes
EMP07931,Januja Nanda,Female,43,Sales,Team Lead,MCA,19,86128.0,2026-02-07,Pune,2,Yes,No
EMP07932,Ucchal Dube,Female,34,HR,Team Lead,MBA,6,58657.0,2019-08-11,Hyderabad,5,No,Yes
EMP07933,Yatin Kamdar,Female,30,Marketing,Team Lead,M.Tech,7,45318.0,2026-03-27,Chennai,1,No,No
EMP07934,Kalpit D’Alia,Female,56,IT,Analyst,M.Tech,16,118646.0,2021-06-28,Mumbai,2,No,No
EMP07935,Yatan Kulkarni,Female,27,Sales,Senior Analyst,MCA,19,31887.0,2023-10-23,Pune,4,Yes,No
EMP07936,Jonathan Ahluwalia,Male,41,Sales,Team Lead,M.Tech,13,56746.0,2020-06-19,Pune,1,No,No
EMP07937,Vedika Saha,Female,37,HR,Manager,MBA,1,63184.0,2020-12-18,Chennai,3,No,No
EMP07938,Nitara Sidhu,Male,59,IT,Manager,BCA,10,90579.0,2018-05-13,Hyderabad,1,No,No
EMP07939,Max Kalla,Female,29,Marketing,Senior Analyst,BCA,11,66511.0,2024-04-17,Mumbai,1,Yes,No
EMP07940,Pratyush Date,Female,30,Marketing,Team Lead,MCA,15,69804.0,2024-07-27,Bangalore,4,No,No
EMP07941,Simon Shankar,Male,51,HR,Analyst,BCA,11,76570.0,2025-03-27,Mumbai,5,Yes,Yes
EMP07942,Kashish Peri,Male,50,HR,Senior Analyst,B.Tech,2,46243.0,2024-08-01,Chennai,1,Yes,No
EMP07943,Theodore Rau,Male,23,HR,Analyst,BCA,20,79473.0,2019-06-04,Mumbai,3,No,No
EMP07944,Yatin Jani,Female,38,IT,Team Lead,BCA,16,133676.0,2021-10-12,Hyderabad,2,No,No
EMP07945,Neha Krishna,Female,34,Finance,Manager,MCA,14,48815.0,2021-01-31,Bangalore,3,Yes,No
EMP07946,Nitara Samra,Female,33,HR,Analyst,M.Tech,5,55419.0,2017-05-14,Pune,5,No,No
EMP07947,Hardik Vohra,Male,35,Finance,Team Lead,B.Tech,2,118063.0,2024-10-23,Chennai,4,Yes,Yes
EMP07948,Niharika Issac,Male,57,IT,Team Lead,BCA,2,117029.0,2021-10-03,Chennai,3,Yes,No
EMP07949,Xalak Comar,Male,38,IT,Manager,M.Tech,19,134172.0,2017-09-05,Bangalore,5,Yes,No
EMP07950,Arin Nayar,Male,43,IT,Analyst,MBA,8,59287.0,2019-04-03,Mumbai,5,Yes,No
EMP07951,Naveen Dutt,Female,45,HR,Manager,M.Tech,2,46751.0,2017-03-15,Chennai,2,Yes,No
EMP07952,Unni Oommen,Male,39,Sales,Analyst,BCA,13,93948.0,2019-12-08,Pune,1,No,No
EMP07953,Arin Grewal,Male,27,Finance,Analyst,BCA,18,89316.0,2016-08-26,Hyderabad,3,No,No
EMP07954,Rushil Dey,Male,53,Sales,Analyst,MBA,16,36199.0,2017-10-23,Chennai,2,Yes,No
EMP07955,Xalak Mukhopadhyay,Male,33,Marketing,Senior Analyst,BCA,17,50575.0,2020-06-02,Bangalore,2,Yes,No
EMP07956,Warinder Ravel,Female,29,Sales,Manager,BCA,4,55679.0,2022-08-01,Mumbai,2,Yes,No
EMP07957,Mekhala Mane,Female,50,HR,Analyst,M.Tech,10,59336.0,2023-07-27,Pune,1,No,No
EMP07958,Jack Konda,Male,30,Sales,Analyst,B.Tech,3,89627.0,2018-04-30,Chennai,1,No,No
EMP07959,Krisha Dhillon,Female,24,IT,Senior Analyst,MBA,9,125789.0,2023-03-27,Mumbai,3,No,No
EMP07960,Jackson Bajwa,Female,35,Sales,Analyst,MCA,15,83302.0,2025-09-09,Bangalore,2,Yes,No
EMP07961,Zilmil Bhalla,Male,33,Marketing,Senior Analyst,B.Tech,5,75448.0,2020-02-04,Mumbai,3,No,No
EMP07962,Jeevika Jani,Male,44,Marketing,Analyst,MBA,1,88984.0,2023-08-23,Chennai,1,No,No
EMP07963,Ayushman Varty,Female,49,Finance,Analyst,BCA,12,72541.0,2026-01-31,Bangalore,5,No,No
EMP07964,Finn Ghose,Male,39,HR,Team Lead,BCA,8,65009.0,2022-01-09,Pune,4,Yes,No
EMP07965,Megha Anand,Male,44,HR,Manager,B.Tech,13,71534.0,2018-09-07,Pune,5,No,No
EMP07966,Bhavna Chandran,Male,39,HR,Team Lead,B.Tech,4,43360.0,2019-03-11,Mumbai,5,No,No
EMP07967,Zayan Agrawal,Female,22,Sales,Team Lead,M.Tech,17,57687.0,2022-04-17,Chennai,1,Yes,Yes
EMP07968,Sathvik Ganesan,Female,51,HR,Senior Analyst,MBA,6,30549.0,2024-07-09,Hyderabad,5,Yes,No
EMP07969,Yahvi Ghosh,Female,44,Marketing,Senior Analyst,B.Tech,14,57823.0,2020-11-25,Mumbai,2,No,Yes
EMP07970,Agastya Gandhi,Male,30,Marketing,Team Lead,MBA,11,87950.0,2020-11-08,Chennai,5,No,No
EMP07971,Hemani Vyas,Female,31,Marketing,Team Lead,BCA,18,47603.0,2020-11-05,Bangalore,5,No,No
EMP07972,Wazir Chaudhry,Female,45,Finance,Analyst,M.Tech,9,56266.0,2025-05-08,Mumbai,3,No,No
EMP07973,Chanchal Deep,Female,44,HR,Senior Analyst,B.Tech,19,48371.0,2020-03-06,Mumbai,3,Yes,No
EMP07974,Anthony Balasubramanian,Male,27,IT,Analyst,MCA,9,103829.0,2017-06-18,Pune,5,No,No
EMP07975,Arjun Dhillon,Male,39,Marketing,Analyst,B.Tech,8,47107.0,2019-07-16,Hyderabad,3,Yes,No
EMP07976,Kalpit Balasubramanian,Male,46,Finance,Team Lead,BCA,5,111614.0,2019-06-25,Mumbai,3,No,No
EMP07977,Vedika Master,Female,22,Sales,Senior Analyst,MCA,8,76833.0,2016-10-30,Chennai,4,Yes,No
EMP07978,Watika Goyal,Female,38,Marketing,Analyst,MBA,15,47656.0,2020-04-13,Chennai,3,No,No
EMP07979,Advay Sanghvi,Female,59,IT,Analyst,B.Tech,15,108864.0,2019-11-18,Bangalore,1,Yes,No
EMP07980,Bina More,Female,34,HR,Manager,BCA,11,63569.0,2020-01-15,Hyderabad,1,No,No
EMP07981,Caleb Dhaliwal,Male,31,Marketing,Manager,MBA,16,66229.0,2022-01-10,Chennai,1,No,Yes
EMP07982,Suhani Karnik,Female,60,HR,Manager,BCA,17,38922.0,2017-04-03,Hyderabad,1,Yes,No
EMP07983,Aarnav Chanda,Male,31,Finance,Manager,M.Tech,2,91341.0,2020-11-10,Bangalore,1,No,Yes
EMP07984,Anvi Bora,Male,52,HR,Team Lead,B.Tech,13,46093.0,2020-06-20,Bangalore,5,No,No
EMP07985,Laksh Bora,Male,31,IT,Team Lead,BCA,1,73394.0,2019-09-17,Chennai,3,No,No
EMP07986,Ranveer Srivastava,Male,38,Finance,Senior Analyst,B.Tech,19,98537.0,2025-06-12,Hyderabad,1,No,No
EMP07987,Arya Srinivas,Female,38,Sales,Analyst,MCA,17,69512.0,2026-05-29,Hyderabad,1,Yes,No
EMP07988,Vincent Ranganathan,Female,55,IT,Analyst,MBA,9,110898.0,2023-10-08,Bangalore,4,No,No
EMP07989,Rudra Wali,Female,49,Finance,Team Lead,MBA,7,112429.0,2025-11-13,Bangalore,5,Yes,No
EMP07990,Dayamai Suri,Female,51,Sales,Senior Analyst,MCA,8,99410.0,2018-11-08,Pune,2,No,No
EMP07991,Dominic Dalal,Female,59,Sales,Senior Analyst,B.Tech,11,71159.0,2019-01-16,Hyderabad,5,Yes,No
EMP07992,Omaja Panchal,Male,36,Sales,Analyst,MBA,3,84992.0,2025-09-30,Mumbai,2,Yes,No
EMP07993,Liam Jayaraman,Female,24,HR,Senior Analyst,MCA,19,39187.0,2025-12-20,Bangalore,2,No,No
EMP07994,Gautami Mutti,Female,51,Marketing,Analyst,MCA,1,67750.0,2018-10-26,Bangalore,3,Yes,No
EMP07995,Divya Kulkarni,Female,24,Sales,Analyst,M.Tech,17,80408.0,2022-01-05,Chennai,5,Yes,Yes
EMP07996,Elijah Gara,Male,28,HR,Analyst,BCA,5,70113.0,2025-12-07,Mumbai,2,No,No
EMP07997,Zayyan Bobal,Female,54,Marketing,Senior Analyst,MBA,17,81998.0,2024-07-11,Hyderabad,3,No,No
EMP07998,Abhiram Choudhary,Male,25,Marketing,Team Lead,M.Tech,19,69298.0,2019-09-09,Hyderabad,3,No,No
EMP07999,Mitesh Tandon,Female,37,Sales,Analyst,MBA,0,54698.0,2021-07-06,Hyderabad,2,No,No
EMP08000,Tristan Bhasin,Female,26,Marketing,Senior Analyst,B.Tech,18,70367.0,2020-01-05,Pune,2,No,No
EMP08001,Gagan Chadha,Male,57,Finance,Senior Analyst,MCA,20,112619.0,2022-08-30,Bangalore,1,No,No
EMP08002,Luke Kant,Male,27,HR,Team Lead,MBA,0,73204.0,2023-02-07,Hyderabad,2,Yes,No
EMP08003,Chatura Dora,Female,53,Marketing,Manager,MCA,1,76390.0,2024-11-05,Pune,5,Yes,No
EMP08004,Ekiya Peri,Male,24,HR,Manager,MCA,4,67786.0,2023-02-28,Hyderabad,2,Yes,No
EMP08005,Yauvani Kaur,Male,41,Marketing,Analyst,MBA,19,51015.0,2017-01-10,Mumbai,3,No,Yes
EMP08006,Aadi Ravel,Male,26,IT,Senior Analyst,MBA,13,76425.0,2020-07-14,Chennai,1,No,No
EMP08007,Vansha Seshadri,Male,39,Marketing,Manager,B.Tech,5,83157.0,2024-03-25,Mumbai,2,No,No
EMP08008,Gayathri Mistry,Male,51,Finance,Team Lead,MCA,19,102811.0,2021-04-29,Pune,1,Yes,Yes
EMP08009,Garima Saraf,Male,26,HR,Senior Analyst,BCA,1,63721.0,2016-09-11,Bangalore,1,Yes,No
EMP08010,Ranveer Gara,Female,38,Sales,Senior Analyst,MCA,17,44735.0,2019-06-14,Hyderabad,3,No,Yes
EMP08011,Aarini Sami,Male,45,IT,Team Lead,MBA,10,146544.0,2018-06-18,Chennai,2,Yes,No
EMP08012,Farhan Bhalla,Female,42,Finance,Manager,BCA,6,111671.0,2023-05-18,Mumbai,1,Yes,No
EMP08013,Ikshita Seth,Male,40,HR,Analyst,BCA,19,49305.0,2020-03-12,Hyderabad,4,Yes,No
EMP08014,Ekta Seshadri,Male,54,Sales,Manager,B.Tech,3,94741.0,2023-08-24,Hyderabad,5,Yes,No
EMP08015,Naveen Vaidya,Female,48,Finance,Senior Analyst,MBA,8,90811.0,2023-02-16,Pune,4,No,No
EMP08016,Peter Shukla,Male,32,Finance,Analyst,M.Tech,14,117489.0,2016-08-16,Chennai,4,Yes,No
EMP08017,Dipta Purohit,Female,55,HR,Senior Analyst,MBA,14,39724.0,2016-08-16,Hyderabad,1,Yes,No
EMP08018,Kevin Babu,Female,44,Sales,Analyst,MCA,10,38517.0,2020-06-16,Bangalore,4,Yes,No
EMP08019,Nachiket Rana,Female,25,Finance,Senior Analyst,BCA,7,73672.0,2024-09-20,Pune,2,Yes,No
EMP08020,Dakshesh Bansal,Male,36,Finance,Manager,B.Tech,4,56469.0,2017-12-26,Hyderabad,3,Yes,No
EMP08021,Liam Sura,Female,31,Marketing,Analyst,MBA,4,47883.0,2018-07-22,Bangalore,2,Yes,No
EMP08022,Ranbir Narain,Male,22,HR,Analyst,MBA,0,40296.0,2018-12-22,Hyderabad,2,Yes,No
EMP08023,Kavya Mander,Female,39,Sales,Analyst,MCA,17,65878.0,2018-07-31,Bangalore,2,No,No
EMP08024,Elijah Bala,Female,38,Sales,Analyst,BCA,20,88720.0,2021-10-14,Pune,4,Yes,Yes
EMP08025,Jeevika Dua,Male,25,Sales,Senior Analyst,B.Tech,4,63261.0,2026-05-12,Hyderabad,2,Yes,No
EMP08026,Lila Minhas,Male,35,Sales,Senior Analyst,B.Tech,6,51957.0,2017-09-11,Bangalore,1,No,No
EMP08027,Yatan Dara,Female,44,IT,Manager,BCA,12,72523.0,2018-01-30,Mumbai,5,Yes,No
EMP08028,Kritika Dhar,Male,26,Finance,Senior Analyst,M.Tech,16,102826.0,2025-12-06,Pune,4,Yes,No
EMP08029,Lipika Kanda,Male,53,Sales,Team Lead,M.Tech,1,53858.0,2017-06-06,Hyderabad,1,Yes,No
EMP08030,Aayush Saha,Female,45,HR,Senior Analyst,MBA,16,73543.0,2023-04-12,Hyderabad,1,No,No
EMP08031,Nitara Khare,Male,36,Finance,Team Lead,MBA,20,75890.0,2022-02-11,Chennai,2,No,No
EMP08032,Gagan Sha,Female,23,IT,Manager,B.Tech,6,78155.0,2022-04-16,Pune,5,Yes,No
EMP08033,Ikshita Dara,Male,51,Finance,Team Lead,BCA,14,46876.0,2018-05-02,Mumbai,1,Yes,No
EMP08034,Tristan Shukla,Male,49,Sales,Senior Analyst,B.Tech,7,73313.0,2026-06-10,Mumbai,4,No,Yes
EMP08035,Azad Das,Female,41,HR,Team Lead,MBA,5,36814.0,2017-08-29,Bangalore,2,Yes,No
EMP08036,Rayaan Oza,Male,46,Sales,Manager,BCA,2,98091.0,2022-04-24,Chennai,2,No,Yes
EMP08037,Yasti Chauhan,Male,55,HR,Analyst,M.Tech,13,77773.0,2026-05-27,Pune,5,No,Yes
EMP08038,Ladli Batta,Female,26,Marketing,Analyst,BCA,12,67730.0,2026-02-26,Mumbai,1,Yes,No
EMP08039,Chaitaly Ranganathan,Male,50,HR,Manager,B.Tech,20,79003.0,2020-02-05,Pune,4,Yes,No
EMP08040,Zansi Sahota,Male,57,IT,Team Lead,M.Tech,12,129139.0,2017-12-21,Bangalore,4,Yes,No
EMP08041,David Dhaliwal,Male,23,Sales,Analyst,B.Tech,17,49763.0,2021-09-10,Chennai,4,No,No
EMP08042,Chandresh Char,Male,52,Sales,Senior Analyst,B.Tech,17,35323.0,2024-03-29,Chennai,4,No,No
EMP08043,Lavanya Devan,Male,47,Marketing,Team Lead,MBA,6,39617.0,2023-05-19,Pune,5,No,No
EMP08044,Manthan Narayanan,Female,36,Marketing,Senior Analyst,MCA,12,69148.0,2019-01-13,Chennai,3,No,No
EMP08045,Fiyaz Majumdar,Male,34,HR,Team Lead,BCA,7,65223.0,2019-07-23,Pune,2,Yes,No
EMP08046,Oeshi Cheema,Male,27,Marketing,Manager,M.Tech,19,78899.0,2022-01-11,Chennai,2,Yes,No
EMP08047,Kiaan Bera,Female,40,IT,Manager,B.Tech,7,114130.0,2018-06-25,Bangalore,4,No,No
EMP08048,Gayathri Bala,Female,31,Marketing,Analyst,M.Tech,14,78230.0,2022-04-24,Hyderabad,4,No,No
EMP08049,Damini Bail,Male,36,Sales,Analyst,BCA,18,32544.0,2024-06-19,Hyderabad,1,Yes,Yes
EMP08050,Naksh Zacharia,Male,34,Sales,Analyst,B.Tech,20,67994.0,2021-05-15,Mumbai,4,Yes,No
EMP08051,Oeshi Ahuja,Male,53,Marketing,Team Lead,BCA,18,57338.0,2020-01-23,Hyderabad,2,Yes,No
EMP08052,Idika Raja,Male,48,IT,Team Lead,BCA,7,69860.0,2026-04-27,Bangalore,3,Yes,No
EMP08053,Faqid Lanka,Female,29,Sales,Senior Analyst,BCA,12,56834.0,2021-06-25,Hyderabad,5,No,No
EMP08054,Harita Pingle,Male,34,Marketing,Senior Analyst,BCA,4,83120.0,2017-04-02,Hyderabad,3,Yes,Yes
EMP08055,Nimrat Chaudhuri,Male,57,HR,Senior Analyst,MCA,17,67598.0,2023-09-15,Hyderabad,2,No,No
EMP08056,Chandran Lanka,Female,57,Finance,Team Lead,MBA,10,46985.0,2017-04-09,Pune,3,No,No
EMP08057,Omaja Konda,Male,47,Finance,Team Lead,MCA,18,45904.0,2025-09-08,Pune,2,Yes,No
EMP08058,Urvi Mody,Female,59,Sales,Manager,MCA,15,70238.0,2016-10-24,Chennai,3,Yes,No
EMP08059,Naveen Sodhi,Female,25,HR,Team Lead,B.Tech,15,43329.0,2023-09-15,Hyderabad,1,No,No
EMP08060,Rohan Modi,Female,22,IT,Team Lead,B.Tech,2,70144.0,2022-05-06,Chennai,5,No,No
EMP08061,Amruta Kari,Female,30,Sales,Team Lead,BCA,0,66957.0,2024-12-03,Chennai,3,Yes,No
EMP08062,Maya Ravi,Female,60,Marketing,Analyst,MBA,14,71049.0,2023-10-25,Bangalore,4,No,No
EMP08063,Teerth Memon,Female,38,HR,Senior Analyst,MBA,1,72904.0,2017-12-10,Pune,1,No,No
EMP08064,Vanya Peri,Male,45,Finance,Analyst,BCA,15,111765.0,2018-11-17,Mumbai,1,No,No
EMP08065,Waida Sem,Female,26,Sales,Analyst,M.Tech,20,95959.0,2018-03-26,Chennai,4,No,No
EMP08066,Fariq Upadhyay,Male,46,Finance,Senior Analyst,MBA,14,89698.0,2017-01-31,Mumbai,4,Yes,No
EMP08067,Vinaya Kunda,Female,44,Finance,Analyst,MCA,12,119693.0,2017-03-27,Pune,1,Yes,No
EMP08068,Chakradhar Sathe,Female,31,HR,Team Lead,MBA,17,70614.0,2026-06-06,Pune,2,No,No
EMP08069,Abha Ahuja,Male,32,Finance,Team Lead,MBA,12,118438.0,2025-01-05,Bangalore,3,No,No
EMP08070,Vrishti Prabhu,Male,53,Sales,Team Lead,MCA,8,78648.0,2022-11-16,Mumbai,3,Yes,No
EMP08071,Pranav Dada,Female,50,Marketing,Analyst,M.Tech,16,44941.0,2016-10-01,Pune,4,No,Yes
EMP08072,Tanish Malhotra,Female,33,Finance,Senior Analyst,BCA,4,91514.0,2020-11-11,Mumbai,3,No,No
EMP08073,Adweta Anne,Female,41,Sales,Team Lead,M.Tech,20,68613.0,2023-02-22,Hyderabad,4,No,No
EMP08074,Kalpit Sharaf,Female,49,Finance,Senior Analyst,M.Tech,18,46614.0,2024-10-08,Pune,5,Yes,No
EMP08075,Girindra Bhatti,Female,50,Finance,Manager,B.Tech,18,108625.0,2020-07-20,Mumbai,5,No,No
EMP08076,Bimala Chad,Male,43,Marketing,Analyst,M.Tech,0,61086.0,2020-11-18,Chennai,2,No,No
EMP08077,Ubika Golla,Male,58,Sales,Senior Analyst,MBA,14,94201.0,2019-05-17,Chennai,4,No,No
EMP08078,Bahadurjit Lall,Male,32,IT,Senior Analyst,BCA,14,109878.0,2019-01-02,Mumbai,2,Yes,No
EMP08079,Gautami Gole,Female,42,HR,Analyst,BCA,1,31436.0,2017-01-04,Chennai,2,No,No
EMP08080,Dalaja Brar,Male,24,Sales,Senior Analyst,MBA,9,30013.0,2018-03-11,Hyderabad,2,No,No
EMP08081,Ekaja Khanna,Female,36,Finance,Analyst,MCA,5,84652.0,2022-03-02,Chennai,5,No,No
EMP08082,Samuel Edwin,Male,34,IT,Analyst,BCA,10,134631.0,2019-09-17,Chennai,4,Yes,No
EMP08083,Gautami Magar,Female,43,Marketing,Team Lead,MBA,9,60739.0,2026-05-11,Pune,2,Yes,No
EMP08084,Idika Saha,Female,45,Finance,Manager,BCA,0,114781.0,2025-04-23,Bangalore,1,Yes,No
EMP08085,Kai Pal,Female,51,Marketing,Team Lead,M.Tech,1,89982.0,2019-10-14,Bangalore,3,Yes,No
EMP08086,Chandani Gour,Male,45,Sales,Analyst,B.Tech,16,66994.0,2023-07-10,Bangalore,2,No,No
EMP08087,Rehaan Rao,Male,26,HR,Team Lead,BCA,10,79165.0,2025-01-04,Chennai,5,No,No
EMP08088,Faras Kala,Male,28,IT,Senior Analyst,B.Tech,12,95871.0,2023-06-23,Mumbai,3,Yes,No
EMP08089,Vasana Kothari,Female,30,Sales,Manager,MBA,11,48137.0,2018-09-23,Chennai,4,Yes,No
EMP08090,Chaman Raja,Male,46,Marketing,Senior Analyst,M.Tech,1,46384.0,2021-12-29,Chennai,5,Yes,No
EMP08091,Nitara Chahal,Female,53,Marketing,Senior Analyst,BCA,18,65142.0,2025-01-25,Pune,2,Yes,Yes
EMP08092,Oeshi Merchant,Female,36,Finance,Senior Analyst,MBA,14,91151.0,2020-06-09,Chennai,4,No,No
EMP08093,Advika Gandhi,Male,56,HR,Manager,BCA,3,37127.0,2025-02-14,Pune,2,No,No
EMP08094,Eiravati Bora,Male,40,Finance,Analyst,BCA,16,118864.0,2018-07-19,Mumbai,3,Yes,No
EMP08095,Charles Chander,Male,47,Sales,Team Lead,B.Tech,13,62811.0,2024-01-09,Bangalore,5,No,Yes
EMP08096,Aarush Shenoy,Male,22,HR,Manager,MCA,9,56084.0,2023-04-27,Mumbai,5,No,No
EMP08097,Gopal Ram,Female,37,IT,Analyst,B.Tech,14,120398.0,2020-08-21,Pune,1,No,No
EMP08098,Qasim Sachdev,Male,39,Finance,Senior Analyst,MBA,18,65080.0,2017-10-19,Pune,1,No,No
EMP08099,Rishi Suresh,Female,24,IT,Senior Analyst,MCA,12,142594.0,2021-01-24,Bangalore,5,No,Yes
EMP08100,Kabir Sani,Female,40,Finance,Manager,MCA,7,49938.0,2025-02-22,Hyderabad,3,Yes,Yes
EMP08101,Sachi Singhal,Male,27,Sales,Team Lead,MCA,17,55177.0,2022-10-04,Bangalore,4,No,No
EMP08102,Leela Mannan,Female,48,Sales,Senior Analyst,MCA,7,57921.0,2021-06-13,Bangalore,1,Yes,No
EMP08103,Lopa Date,Female,38,Marketing,Manager,M.Tech,10,74320.0,2017-01-16,Pune,5,Yes,No
EMP08104,Ati Rajan,Male,56,Marketing,Senior Analyst,MCA,11,78552.0,2016-11-26,Mumbai,4,No,No
EMP08105,Harish Ratta,Male,54,HR,Senior Analyst,MCA,4,44687.0,2026-05-31,Mumbai,5,No,No
EMP08106,Leena Saraf,Female,24,Sales,Manager,M.Tech,2,42630.0,2023-12-29,Pune,1,Yes,No
EMP08107,Mahika Mammen,Female,28,IT,Analyst,B.Tech,12,112117.0,2019-03-27,Bangalore,1,Yes,No
EMP08108,Ucchal Sekhon,Male,55,IT,Senior Analyst,BCA,13,139967.0,2023-03-26,Pune,3,No,No
EMP08109,Vedhika Padmanabhan,Male,59,Sales,Manager,BCA,3,30676.0,2026-03-30,Mumbai,4,Yes,No
EMP08110,Jyoti De,Male,43,Sales,Manager,BCA,19,48508.0,2023-01-26,Hyderabad,1,No,Yes
EMP08111,Rachit Sandhu,Female,25,Sales,Manager,M.Tech,5,77602.0,2025-04-20,Mumbai,2,No,No
EMP08112,Sanya Zachariah,Female,51,Marketing,Senior Analyst,MCA,18,87426.0,2021-07-03,Bangalore,2,Yes,No
EMP08113,Ethan Bawa,Female,42,HR,Analyst,M.Tech,0,66064.0,2024-01-12,Mumbai,1,No,No
EMP08114,Aarnav Walla,Male,45,IT,Team Lead,MBA,3,130808.0,2019-09-05,Bangalore,4,Yes,No
EMP08115,Sachi Ratti,Male,46,Sales,Analyst,B.Tech,8,45756.0,2020-02-02,Pune,1,Yes,No
EMP08116,Aarush Vasa,Female,55,Finance,Senior Analyst,MBA,0,61177.0,2022-12-13,Bangalore,5,Yes,No
EMP08117,Bahadurjit Vyas,Female,22,Finance,Senior Analyst,MBA,13,50931.0,2023-01-30,Hyderabad,3,No,No
EMP08118,Krish Rout,Female,43,Marketing,Senior Analyst,M.Tech,17,65117.0,2019-03-23,Mumbai,1,Yes,No
EMP08119,Laban Ram,Male,49,IT,Manager,MBA,12,67862.0,2019-11-14,Bangalore,5,Yes,No
EMP08120,Ucchal Kumar,Male,44,HR,Analyst,M.Tech,7,65582.0,2024-08-24,Hyderabad,3,Yes,No
EMP08121,Chandran Bhandari,Female,47,IT,Team Lead,BCA,2,111467.0,2021-12-19,Bangalore,2,Yes,Yes
EMP08122,Nicholas Sood,Male,48,Finance,Analyst,B.Tech,1,94261.0,2020-12-07,Pune,3,Yes,Yes
EMP08123,Hema Pillai,Female,48,HR,Manager,M.Tech,14,50203.0,2022-06-27,Hyderabad,4,Yes,No
EMP08124,Lakshmi Subramanian,Female,49,Sales,Senior Analyst,MCA,15,35634.0,2022-05-09,Mumbai,5,No,No
EMP08125,Eshana Lall,Female,30,Marketing,Analyst,MCA,16,72040.0,2020-08-01,Pune,1,No,No
EMP08126,Gagan Gole,Female,22,Finance,Senior Analyst,MCA,4,111887.0,2018-05-27,Hyderabad,2,Yes,No
EMP08127,Ayush Dara,Female,30,Marketing,Manager,MBA,2,73949.0,2021-01-07,Bangalore,2,No,No
EMP08128,Oliver Karan,Male,37,Sales,Analyst,B.Tech,17,52780.0,2019-03-07,Bangalore,5,No,No
EMP08129,Zinal Saxena,Male,37,Marketing,Analyst,MBA,19,80692.0,2025-05-14,Pune,3,Yes,No
EMP08130,Ikshita Nagarajan,Female,59,HR,Manager,MCA,11,36895.0,2024-05-05,Chennai,5,No,No
EMP08131,Yasti Salvi,Female,51,Finance,Analyst,MCA,15,58720.0,2021-07-30,Hyderabad,5,No,No
EMP08132,Advaith Deo,Female,32,IT,Team Lead,BCA,13,65201.0,2019-06-03,Pune,2,No,No
EMP08133,Adweta Nath,Male,36,Finance,Senior Analyst,B.Tech,14,64082.0,2016-08-14,Chennai,1,No,No
EMP08134,Urmi Choudhary,Female,56,HR,Manager,MBA,9,72119.0,2023-01-03,Bangalore,1,No,No
EMP08135,Xiti Swaminathan,Male,22,HR,Senior Analyst,B.Tech,18,54421.0,2024-08-17,Pune,1,No,No
EMP08136,Kai Khalsa,Male,52,IT,Analyst,M.Tech,9,100663.0,2022-07-09,Pune,1,Yes,No
EMP08137,Samar Sem,Male,47,Sales,Senior Analyst,MCA,4,92498.0,2020-07-18,Pune,1,No,No
EMP08138,Nathan Saxena,Male,48,Finance,Senior Analyst,B.Tech,0,55755.0,2016-10-19,Pune,5,Yes,No
EMP08139,Mason Shukla,Female,51,Marketing,Analyst,MCA,20,78072.0,2016-09-09,Mumbai,4,No,No
EMP08140,Tamanna Vaidya,Male,43,Marketing,Analyst,MCA,19,40220.0,2021-05-12,Chennai,1,No,No
EMP08141,Madhavi Chaudry,Female,29,IT,Team Lead,MBA,15,60088.0,2018-07-25,Bangalore,1,No,No
EMP08142,Krisha Varghese,Male,48,Finance,Manager,BCA,7,46960.0,2022-10-02,Hyderabad,1,Yes,No
EMP08143,Ranbir Vasa,Female,38,IT,Manager,MBA,4,126145.0,2024-04-12,Mumbai,2,No,No
EMP08144,Turvi Guha,Male,40,IT,Manager,BCA,12,60424.0,2019-06-02,Bangalore,5,Yes,No
EMP08145,Vivaan Wadhwa,Male,24,Finance,Analyst,MBA,6,71962.0,2017-07-29,Pune,5,Yes,No
EMP08146,Ekalinga Som,Male,22,HR,Team Lead,MBA,17,45033.0,2025-02-08,Hyderabad,3,Yes,No
EMP08147,Gaurangi Lad,Female,27,Marketing,Manager,M.Tech,13,73198.0,2023-12-12,Mumbai,1,No,No
EMP08148,Ladli Bhakta,Male,26,Marketing,Senior Analyst,BCA,1,80427.0,2024-01-23,Hyderabad,1,Yes,No
EMP08149,Ishani Balay,Male,46,Finance,Team Lead,MBA,6,101314.0,2019-12-06,Chennai,3,No,No
EMP08150,Benjamin Mannan,Male,24,Marketing,Team Lead,M.Tech,12,58129.0,2022-01-12,Hyderabad,2,No,No
EMP08151,Mekhala Wagle,Female,46,Sales,Manager,BCA,0,69716.0,2024-12-13,Bangalore,4,Yes,No
EMP08152,Nandini Seshadri,Female,56,Marketing,Team Lead,M.Tech,19,71119.0,2021-05-07,Bangalore,4,No,No
EMP08153,Oni Kulkarni,Female,40,Marketing,Analyst,MBA,9,73761.0,2021-04-17,Mumbai,4,Yes,Yes
EMP08154,Vedant Pant,Male,39,Sales,Team Lead,BCA,5,76495.0,2025-09-23,Hyderabad,1,Yes,No
EMP08155,Ubika Deshmukh,Male,22,Marketing,Analyst,MCA,19,44264.0,2020-08-07,Pune,2,Yes,No
EMP08156,Pushti Choudhary,Male,35,IT,Analyst,MBA,17,89555.0,2017-07-31,Pune,5,No,No
EMP08157,Aradhana Kari,Male,29,Sales,Analyst,MBA,11,54601.0,2020-01-28,Pune,5,Yes,No
EMP08158,Jatin Shenoy,Male,45,HR,Manager,B.Tech,20,54415.0,2017-12-28,Mumbai,1,No,No
EMP08159,Vincent Kanda,Female,60,Finance,Senior Analyst,B.Tech,13,103142.0,2023-09-23,Pune,1,No,No
EMP08160,Kashish Sengupta,Male,53,Sales,Analyst,BCA,18,97011.0,2019-05-08,Mumbai,5,No,No
EMP08161,Vedant Verma,Female,55,HR,Manager,M.Tech,7,69778.0,2023-04-09,Mumbai,1,No,No
EMP08162,Joshua Shetty,Female,55,Finance,Team Lead,B.Tech,13,91816.0,2018-10-09,Bangalore,2,No,No
EMP08163,Nandini Aggarwal,Female,35,Finance,Analyst,MCA,17,101052.0,2026-06-08,Bangalore,1,Yes,No
EMP08164,Faras Sibal,Female,52,Marketing,Senior Analyst,MBA,11,48850.0,2022-04-11,Hyderabad,5,Yes,No
EMP08165,Lipika Chatterjee,Male,54,Finance,Team Lead,MCA,16,109500.0,2023-05-31,Bangalore,3,Yes,No
EMP08166,Inaya Joshi,Male,57,Sales,Manager,M.Tech,7,60310.0,2025-06-24,Bangalore,5,No,No
EMP08167,Vansha Bedi,Female,34,Finance,Team Lead,M.Tech,10,109869.0,2024-05-18,Pune,3,No,No
EMP08168,Advaith Tiwari,Female,36,HR,Team Lead,MBA,8,41418.0,2022-07-13,Pune,4,Yes,No
EMP08169,Maanav Gola,Female,36,IT,Team Lead,M.Tech,13,103456.0,2025-02-03,Chennai,3,No,No
EMP08170,Hredhaan Rajagopalan,Male,27,HR,Manager,MBA,16,67032.0,2018-10-16,Mumbai,4,No,No
EMP08171,Girish Hari,Male,42,Finance,Manager,B.Tech,20,110480.0,2024-03-03,Bangalore,4,No,No
EMP08172,Chanchal Nadig,Female,51,Marketing,Manager,MBA,4,57383.0,2018-08-10,Mumbai,1,Yes,No
EMP08173,Aachal Shankar,Male,37,IT,Manager,B.Tech,5,108772.0,2019-11-11,Chennai,3,Yes,No
EMP08174,Banjeet Dhar,Female,59,HR,Senior Analyst,MCA,10,50487.0,2024-02-27,Hyderabad,2,No,No
EMP08175,Dakshesh Wali,Male,47,IT,Team Lead,B.Tech,5,140491.0,2025-12-07,Chennai,5,No,Yes
EMP08176,Jyoti Kale,Female,51,Finance,Team Lead,M.Tech,18,82338.0,2017-03-03,Hyderabad,1,No,No
EMP08177,Alka Wadhwa,Male,52,IT,Senior Analyst,MBA,6,63468.0,2025-10-25,Mumbai,2,Yes,No
EMP08178,Yatan Kade,Female,51,Marketing,Analyst,BCA,3,80191.0,2022-09-04,Mumbai,4,No,No
EMP08179,Odika Maharaj,Male,30,Marketing,Senior Analyst,M.Tech,8,64362.0,2026-02-27,Hyderabad,4,Yes,No
EMP08180,Nilima Randhawa,Female,54,Finance,Manager,M.Tech,16,91577.0,2024-03-15,Bangalore,2,Yes,No
EMP08181,Anita Hora,Female,60,IT,Analyst,MBA,9,95222.0,2018-07-31,Chennai,1,No,Yes
EMP08182,Avni Bath,Male,28,IT,Analyst,BCA,7,113028.0,2023-04-26,Bangalore,4,Yes,No
EMP08183,Harshil Narayan,Female,45,Sales,Analyst,B.Tech,11,52254.0,2020-05-20,Chennai,1,Yes,No
EMP08184,Tanveer Kaul,Male,41,Sales,Manager,MBA,6,95614.0,2022-10-10,Mumbai,5,No,No
EMP08185,Lipika Patel,Female,55,IT,Analyst,M.Tech,11,148842.0,2023-12-30,Chennai,5,No,No
EMP08186,Bhanumati Bumb,Female,50,Finance,Senior Analyst,B.Tech,13,61457.0,2020-12-14,Hyderabad,3,No,No
EMP08187,Warda Balakrishnan,Female,52,IT,Analyst,BCA,14,117055.0,2022-06-27,Hyderabad,1,Yes,No
EMP08188,Aayush Memon,Male,56,Finance,Team Lead,MBA,17,101899.0,2022-09-12,Pune,4,Yes,No
EMP08189,Ekaraj Nagarajan,Female,54,Finance,Team Lead,M.Tech,18,119937.0,2022-06-05,Chennai,5,No,No
EMP08190,Shivansh Gour,Female,27,HR,Manager,M.Tech,17,40563.0,2017-07-05,Pune,3,Yes,No
EMP08191,Vrinda Sani,Female,35,HR,Analyst,MCA,2,40712.0,2022-05-09,Hyderabad,5,Yes,No
EMP08192,Amrita Mane,Male,47,Sales,Analyst,B.Tech,19,30106.0,2016-08-21,Mumbai,1,No,No
EMP08193,Neelima Anand,Female,43,IT,Analyst,B.Tech,12,77762.0,2017-09-14,Mumbai,3,Yes,No
EMP08194,Tanmayi Koshy,Male,53,HR,Analyst,BCA,0,62891.0,2022-08-03,Pune,5,No,No
EMP08195,Bishakha Goswami,Female,37,HR,Analyst,MBA,8,64561.0,2017-06-06,Chennai,3,Yes,No
EMP08196,Meera Sen,Male,35,Finance,Manager,M.Tech,15,60114.0,2019-04-10,Chennai,5,No,No
EMP08197,Zashil Srivastava,Male,39,Marketing,Senior Analyst,MBA,19,74714.0,2017-02-12,Hyderabad,3,Yes,No
EMP08198,Krish Bawa,Female,48,Finance,Senior Analyst,MBA,14,89101.0,2023-09-11,Bangalore,1,No,No
EMP08199,Harshil Balasubramanian,Male,34,HR,Analyst,M.Tech,6,52415.0,2025-03-04,Pune,2,No,No
EMP08200,Tamanna Contractor,Female,35,Finance,Analyst,MBA,2,94041.0,2021-11-30,Chennai,2,Yes,No
EMP08201,Anthony Iyengar,Male,40,Marketing,Team Lead,MBA,14,41960.0,2021-12-05,Mumbai,3,Yes,No
EMP08202,Wriddhish Raman,Female,40,Marketing,Analyst,B.Tech,18,87543.0,2019-05-10,Pune,2,Yes,No
EMP08203,Jack Varghese,Female,60,HR,Senior Analyst,M.Tech,6,74630.0,2022-01-08,Chennai,5,Yes,No
EMP08204,Rehaan Chaudhary,Female,29,Finance,Analyst,BCA,1,54350.0,2018-06-23,Bangalore,2,Yes,No
EMP08205,Shravya Ahuja,Female,60,HR,Manager,MCA,7,35477.0,2021-09-29,Pune,3,Yes,Yes
EMP08206,Chavvi Korpal,Female,46,Finance,Senior Analyst,MCA,20,101114.0,2020-06-12,Hyderabad,5,Yes,No
EMP08207,Victor Thaker,Female,54,HR,Senior Analyst,BCA,15,58548.0,2024-11-25,Hyderabad,1,No,No
EMP08208,Balveer More,Male,53,Finance,Manager,M.Tech,15,58452.0,2025-10-23,Mumbai,3,Yes,No
EMP08209,Anthony Setty,Female,38,HR,Team Lead,MCA,17,42553.0,2018-10-07,Mumbai,2,No,No
EMP08210,Triveni Menon,Male,48,HR,Manager,BCA,20,69109.0,2023-01-30,Pune,5,No,No
EMP08211,Ekansh Babu,Male,49,IT,Senior Analyst,M.Tech,0,117516.0,2020-01-19,Hyderabad,3,No,No
EMP08212,Odika Sem,Male,28,Marketing,Team Lead,MCA,1,73494.0,2021-02-20,Chennai,2,Yes,No
EMP08213,Brijesh Khare,Female,54,Sales,Senior Analyst,BCA,4,78994.0,2022-10-14,Hyderabad,3,Yes,No
EMP08214,Aarini Khosla,Male,38,HR,Analyst,M.Tech,6,62840.0,2026-05-08,Mumbai,4,Yes,No
EMP08215,Deepa Dube,Male,43,IT,Manager,M.Tech,7,76489.0,2016-08-30,Bangalore,5,No,No
EMP08216,Azad Om,Male,48,HR,Team Lead,M.Tech,20,46656.0,2017-03-02,Pune,3,No,No
EMP08217,Vrishti Ramesh,Female,32,Finance,Manager,M.Tech,0,55499.0,2023-05-09,Pune,2,No,No
EMP08218,Lavanya Wable,Female,39,Sales,Analyst,MCA,10,95246.0,2025-07-18,Mumbai,2,No,No
EMP08219,Faraj Pradhan,Male,23,Sales,Analyst,B.Tech,0,45166.0,2021-10-21,Mumbai,1,Yes,No
EMP08220,Ojas Parikh,Female,37,HR,Manager,MBA,2,31822.0,2023-10-30,Mumbai,1,Yes,No
EMP08221,Amrita Vora,Male,33,IT,Senior Analyst,BCA,10,62474.0,2016-09-21,Hyderabad,3,Yes,Yes
EMP08222,Yutika Parekh,Male,30,Marketing,Analyst,B.Tech,11,58499.0,2022-03-26,Pune,2,Yes,No
EMP08223,Chavvi Bandi,Female,42,HR,Manager,M.Tech,16,64797.0,2026-02-27,Chennai,4,No,No
EMP08224,Harshil Mammen,Female,58,HR,Manager,BCA,1,40448.0,2023-09-06,Bangalore,1,Yes,No
EMP08225,Anita Raju,Male,44,IT,Senior Analyst,MCA,8,137117.0,2022-04-27,Bangalore,3,Yes,No
EMP08226,Osha Sethi,Male,34,Finance,Team Lead,MBA,13,92068.0,2024-09-27,Bangalore,1,Yes,No
EMP08227,Megha Jhaveri,Male,47,Finance,Team Lead,BCA,10,51151.0,2019-10-10,Pune,2,No,No
EMP08228,Lipika Setty,Female,39,IT,Analyst,BCA,3,135942.0,2022-01-31,Hyderabad,5,No,No
EMP08229,Anay Bal,Female,41,Finance,Manager,MBA,13,79871.0,2017-10-23,Chennai,1,Yes,No
EMP08230,Nicholas Ghosh,Male,32,HR,Analyst,B.Tech,9,59754.0,2020-06-04,Hyderabad,3,Yes,No
EMP08231,Atharv Karpe,Male,52,Finance,Analyst,MBA,12,57606.0,2022-01-31,Pune,2,No,No
EMP08232,Pahal Goda,Male,29,Finance,Senior Analyst,B.Tech,3,64234.0,2018-03-18,Chennai,5,Yes,No
EMP08233,Ranbir Patla,Male,31,Marketing,Senior Analyst,M.Tech,2,52388.0,2017-08-25,Mumbai,2,No,No
EMP08234,Netra Shukla,Female,29,Marketing,Senior Analyst,MCA,14,52280.0,2018-08-31,Bangalore,3,Yes,No
EMP08235,Zaitra Kunda,Male,37,Marketing,Team Lead,BCA,8,47248.0,2017-05-27,Bangalore,3,Yes,No
EMP08236,Omaja Thaker,Female,32,Finance,Team Lead,M.Tech,0,65571.0,2022-02-22,Hyderabad,2,No,No
EMP08237,Samarth Sha,Male,32,Sales,Analyst,BCA,13,59952.0,2019-06-01,Bangalore,5,No,No
EMP08238,Ekalinga Ghosh,Male,53,Finance,Senior Analyst,B.Tech,1,53849.0,2020-09-15,Mumbai,4,Yes,No
EMP08239,Indira Vohra,Male,24,IT,Manager,MBA,18,135444.0,2019-03-12,Hyderabad,2,No,Yes
EMP08240,Nathan Patel,Male,32,Marketing,Senior Analyst,BCA,11,57657.0,2021-02-08,Bangalore,4,No,No
EMP08241,Samaksh Saha,Male,30,Sales,Analyst,MBA,7,34411.0,2022-01-19,Chennai,2,Yes,Yes
EMP08242,Panini Balay,Female,54,Finance,Senior Analyst,B.Tech,14,75631.0,2022-03-04,Mumbai,4,No,No
EMP08243,Onveer Kala,Female,37,Finance,Analyst,MCA,8,61377.0,2016-11-25,Mumbai,4,Yes,No
EMP08244,Kabir Taneja,Male,52,HR,Manager,MBA,16,39932.0,2016-11-01,Hyderabad,4,No,No
EMP08245,Hiral Ray,Female,47,Marketing,Analyst,MBA,20,50555.0,2022-07-30,Pune,3,No,No
EMP08246,Balhaar Aggarwal,Male,46,Marketing,Manager,M.Tech,10,71379.0,2025-12-19,Chennai,4,Yes,No
EMP08247,Kai Subramaniam,Female,23,Marketing,Manager,MCA,12,77694.0,2020-10-26,Chennai,4,Yes,No
EMP08248,Vanya Sangha,Male,56,Marketing,Team Lead,BCA,12,82529.0,2023-04-28,Bangalore,1,No,No
EMP08249,Kashvi Bail,Female,60,Marketing,Team Lead,MBA,11,70119.0,2017-12-12,Chennai,1,Yes,No
EMP08250,Dakshesh Gandhi,Male,31,Sales,Team Lead,MCA,13,53691.0,2022-04-10,Pune,4,Yes,No
EMP08251,Widisha Dua,Male,31,Finance,Team Lead,BCA,18,82496.0,2018-07-19,Pune,4,No,No
EMP08252,Vanya Date,Male,51,Sales,Team Lead,MBA,14,37171.0,2020-12-07,Bangalore,5,Yes,No
EMP08253,Ikshita Saini,Female,30,Sales,Team Lead,BCA,5,66442.0,2022-01-13,Chennai,4,No,No
EMP08254,Lopa Swaminathan,Female,57,Marketing,Senior Analyst,M.Tech,14,53051.0,2025-04-16,Chennai,1,No,No
EMP08255,Yug Parikh,Male,54,Marketing,Senior Analyst,BCA,6,87611.0,2026-04-23,Bangalore,5,Yes,No
EMP08256,Aarnav Wali,Female,28,Sales,Manager,M.Tech,16,78865.0,2016-08-30,Mumbai,4,Yes,Yes
EMP08257,Utkarsh Nanda,Male,55,Sales,Senior Analyst,MCA,8,33041.0,2024-05-11,Chennai,5,Yes,No
EMP08258,Frado Venkataraman,Male,23,HR,Analyst,MBA,5,70202.0,2024-01-26,Mumbai,2,Yes,No
EMP08259,Daksh Chaudhry,Male,54,Marketing,Team Lead,MCA,6,82660.0,2017-04-14,Hyderabad,2,No,No
EMP08260,Oliver Oak,Female,25,Finance,Senior Analyst,MBA,14,107093.0,2021-12-06,Bangalore,5,Yes,Yes
EMP08261,Leela Mangat,Female,49,Marketing,Manager,MCA,12,44360.0,2024-11-06,Mumbai,1,No,No
EMP08262,Harrison Kulkarni,Female,44,HR,Manager,MCA,8,79778.0,2018-07-07,Pune,3,Yes,No
EMP08263,Aarna Deshpande,Female,43,IT,Team Lead,MCA,3,132721.0,2021-03-27,Pune,3,No,No
EMP08264,Januja Sahota,Female,58,HR,Analyst,MCA,6,41474.0,2021-12-10,Bangalore,1,No,No
EMP08265,Max Shanker,Male,48,Sales,Analyst,MBA,6,75199.0,2016-09-14,Bangalore,2,No,No
EMP08266,David Goswami,Male,58,HR,Team Lead,MCA,15,39140.0,2025-10-12,Pune,3,No,Yes
EMP08267,Manan Dora,Female,31,Marketing,Team Lead,MCA,15,46276.0,2024-10-01,Mumbai,2,No,No
EMP08268,Saanvi Sangha,Male,35,IT,Analyst,M.Tech,14,97625.0,2022-10-25,Mumbai,4,Yes,No
EMP08269,Krish Prakash,Female,39,HR,Manager,MCA,20,56997.0,2020-09-21,Pune,1,No,No
EMP08270,Ekaraj Bhagat,Male,36,HR,Senior Analyst,B.Tech,15,38796.0,2024-11-07,Mumbai,5,Yes,No
EMP08271,Lavanya Sood,Female,46,Sales,Senior Analyst,MBA,13,74731.0,2019-10-03,Chennai,5,Yes,No
EMP08272,Ekaraj Devan,Male,42,Marketing,Team Lead,B.Tech,15,52921.0,2018-01-15,Chennai,2,No,No
EMP08273,Vasatika Panchal,Male,44,Marketing,Analyst,M.Tech,20,42677.0,2016-08-13,Pune,5,No,No
EMP08274,Abhimanyu Baral,Female,36,Finance,Manager,B.Tech,13,95228.0,2026-04-03,Pune,5,No,No
EMP08275,Ekbal Mangat,Male,33,HR,Analyst,MBA,10,73736.0,2023-03-27,Mumbai,2,Yes,No
EMP08276,Pooja Venkatesh,Male,39,Finance,Senior Analyst,B.Tech,11,69640.0,2017-11-13,Chennai,5,No,No
EMP08277,Sathvik Nadkarni,Male,40,HR,Analyst,M.Tech,15,57665.0,2020-02-12,Bangalore,5,No,No
EMP08278,Daksh Mand,Female,51,IT,Analyst,B.Tech,5,71358.0,2017-11-19,Pune,5,Yes,No
EMP08279,Anusha Shetty,Female,60,IT,Senior Analyst,M.Tech,18,74277.0,2020-01-12,Mumbai,5,Yes,No
EMP08280,Arin Goyal,Female,44,IT,Manager,MBA,14,82920.0,2022-01-10,Hyderabad,5,Yes,No
EMP08281,Bhavani Mistry,Female,26,IT,Manager,B.Tech,3,68331.0,2022-06-30,Bangalore,1,Yes,No
EMP08282,Gagan Mangat,Male,56,IT,Senior Analyst,B.Tech,4,128553.0,2025-04-18,Mumbai,1,No,No
EMP08283,Darsh Mander,Female,45,Sales,Analyst,MCA,12,94402.0,2021-04-24,Chennai,1,Yes,No
EMP08284,Advay Vora,Male,26,HR,Manager,MBA,8,62279.0,2024-07-27,Hyderabad,5,No,No
EMP08285,Ekiya Goswami,Female,27,Sales,Team Lead,MBA,10,35740.0,2020-04-03,Bangalore,1,No,No
EMP08286,Shivansh Kalla,Male,27,Finance,Analyst,BCA,12,119869.0,2019-04-19,Mumbai,5,Yes,No
EMP08287,Rachit Ahuja,Female,31,Marketing,Manager,B.Tech,14,82853.0,2018-11-04,Chennai,4,No,No
EMP08288,Jairaj Viswanathan,Female,22,IT,Team Lead,MBA,6,55994.0,2021-12-06,Pune,3,Yes,No
EMP08289,Geetika Randhawa,Female,37,Sales,Analyst,BCA,6,98742.0,2023-12-20,Chennai,1,Yes,No
EMP08290,Ekta Munshi,Male,49,Finance,Analyst,M.Tech,10,60004.0,2024-07-20,Hyderabad,3,No,No
EMP08291,Azaan Hayre,Female,39,Sales,Manager,BCA,19,87172.0,2017-06-16,Bangalore,4,Yes,No
EMP08292,Vaishnavi Aggarwal,Male,25,HR,Manager,B.Tech,11,69820.0,2020-08-14,Pune,3,No,No
EMP08293,Aarush Gole,Male,59,Finance,Senior Analyst,BCA,0,66873.0,2025-12-09,Pune,4,No,No
EMP08294,Amol Dhar,Male,39,HR,Senior Analyst,M.Tech,5,63939.0,2025-08-12,Bangalore,2,Yes,No
EMP08295,Waida Dara,Male,50,IT,Team Lead,M.Tech,16,87772.0,2019-12-27,Hyderabad,4,No,No
EMP08296,Harita Vig,Female,54,Marketing,Team Lead,M.Tech,18,49216.0,2020-01-03,Mumbai,2,Yes,No
EMP08297,Fariq Badami,Female,31,Marketing,Manager,BCA,17,73475.0,2026-07-16,Mumbai,3,Yes,No
EMP08298,Anjali Kulkarni,Female,56,Marketing,Analyst,M.Tech,2,55379.0,2017-03-12,Bangalore,3,No,No
EMP08299,Vincent Dubey,Male,56,Marketing,Senior Analyst,M.Tech,2,63539.0,2017-04-13,Mumbai,1,Yes,No
EMP08300,Faraj Wable,Male,56,Marketing,Analyst,BCA,12,46263.0,2025-12-04,Bangalore,5,Yes,No
EMP08301,Anthony Batta,Male,35,HR,Analyst,MBA,16,73444.0,2022-02-08,Chennai,4,No,No
EMP08302,Om Wable,Female,30,Sales,Senior Analyst,M.Tech,15,74515.0,2020-08-12,Bangalore,3,Yes,Yes
EMP08303,Irya Pradhan,Male,30,IT,Senior Analyst,MCA,12,103012.0,2022-03-12,Mumbai,1,No,No
EMP08304,Ronith Gera,Female,53,IT,Team Lead,MCA,4,69705.0,2022-01-24,Bangalore,3,No,No
EMP08305,Falak Jhaveri,Male,38,Marketing,Manager,MBA,11,45917.0,2018-04-14,Mumbai,3,Yes,No
EMP08306,Gayathri Patel,Female,58,HR,Senior Analyst,MBA,0,53686.0,2019-02-06,Chennai,3,Yes,No
EMP08307,Vasana Desai,Male,53,HR,Senior Analyst,B.Tech,0,72171.0,2024-05-27,Mumbai,4,Yes,No
EMP08308,Nicholas Garg,Male,33,Marketing,Senior Analyst,MBA,2,81678.0,2026-03-10,Mumbai,1,Yes,No
EMP08309,Abeer Barad,Female,43,Sales,Analyst,MBA,12,62379.0,2016-12-22,Chennai,4,No,No
EMP08310,Jeevika Goda,Male,51,Sales,Analyst,MCA,1,93295.0,2022-04-04,Chennai,1,Yes,No
EMP08311,Diya Basu,Male,36,HR,Team Lead,MBA,5,59072.0,2019-11-05,Chennai,2,No,No
EMP08312,Warjas Sekhon,Male,46,Finance,Team Lead,MCA,17,72810.0,2017-06-19,Pune,4,No,No
EMP08313,Garima Doctor,Male,34,Sales,Senior Analyst,BCA,4,36848.0,2021-09-09,Pune,4,Yes,No
EMP08314,Edhitha Chaudhuri,Male,53,Finance,Analyst,B.Tech,3,81689.0,2020-05-27,Chennai,4,No,Yes
EMP08315,Brijesh Bains,Female,38,IT,Manager,BCA,19,61579.0,2021-11-16,Mumbai,2,Yes,Yes
EMP08316,Yochana Mishra,Female,44,IT,Manager,MCA,19,72048.0,2017-06-07,Pune,2,Yes,No
EMP08317,Charita Mann,Male,24,HR,Senior Analyst,B.Tech,15,58245.0,2024-12-23,Mumbai,2,Yes,No
EMP08318,Vasudha Ray,Male,27,Marketing,Analyst,MBA,9,70442.0,2021-03-29,Bangalore,5,No,No
EMP08319,Hemal Maharaj,Female,33,HR,Analyst,B.Tech,3,58443.0,2025-03-24,Chennai,5,Yes,No
EMP08320,Ridhi More,Female,41,Marketing,Team Lead,B.Tech,7,47278.0,2025-05-30,Bangalore,4,Yes,No
EMP08321,Vrishti Kara,Male,44,Finance,Team Lead,MBA,17,62285.0,2025-01-29,Chennai,1,Yes,No
EMP08322,Warda Batra,Female,41,IT,Analyst,MBA,2,73805.0,2017-12-16,Bangalore,3,No,No
EMP08323,Kiaan Sahni,Male,53,Sales,Senior Analyst,BCA,6,79454.0,2026-07-12,Pune,2,Yes,Yes
EMP08324,Harita Bhalla,Female,30,Sales,Manager,M.Tech,18,55661.0,2025-05-20,Mumbai,3,Yes,No
EMP08325,Xavier Dalal,Male,43,Marketing,Team Lead,B.Tech,3,47675.0,2019-10-06,Chennai,3,No,No
EMP08326,Chanakya Hari,Female,47,Marketing,Team Lead,B.Tech,1,52194.0,2024-01-30,Hyderabad,2,No,No
EMP08327,Pranav Dara,Male,41,Marketing,Manager,B.Tech,6,71877.0,2026-01-29,Bangalore,1,Yes,Yes
EMP08328,Samaksh Bir,Male,53,Marketing,Senior Analyst,BCA,2,43965.0,2017-09-06,Bangalore,3,No,No
EMP08329,Yashasvi Sidhu,Male,48,Finance,Manager,MCA,7,72656.0,2022-08-04,Hyderabad,3,No,No
EMP08330,Upkaar Sathe,Female,34,Finance,Team Lead,B.Tech,0,89940.0,2021-04-17,Pune,2,No,No
EMP08331,Gautami Rao,Female,52,Finance,Analyst,MCA,10,52879.0,2021-02-02,Hyderabad,3,No,No
EMP08332,Fitan Tara,Female,58,Sales,Senior Analyst,MBA,15,65574.0,2022-07-04,Bangalore,1,Yes,Yes
EMP08333,Yatin Vora,Female,58,Marketing,Analyst,MCA,6,66579.0,2020-09-24,Bangalore,5,No,No
EMP08334,Sathvik Andra,Female,49,Sales,Team Lead,M.Tech,13,90072.0,2020-08-24,Mumbai,1,Yes,No
EMP08335,Falguni Naidu,Male,43,IT,Senior Analyst,B.Tech,4,92594.0,2018-04-27,Bangalore,3,No,No
EMP08336,Aadi Salvi,Male,30,HR,Team Lead,MCA,13,31884.0,2018-05-22,Bangalore,4,Yes,No
EMP08337,Laban Sama,Female,30,Marketing,Senior Analyst,BCA,9,72326.0,2019-07-31,Pune,2,Yes,No
EMP08338,Radha Tandon,Male,45,Marketing,Senior Analyst,M.Tech,19,61951.0,2024-04-25,Hyderabad,2,No,Yes
EMP08339,Yutika Dar,Female,55,Sales,Manager,MCA,6,66162.0,2026-06-26,Chennai,4,No,No
EMP08340,Zaitra Joshi,Male,32,Sales,Senior Analyst,MCA,20,58472.0,2018-01-30,Bangalore,2,Yes,No
EMP08341,Damyanti Narayan,Male,53,Sales,Senior Analyst,B.Tech,12,89311.0,2026-04-14,Hyderabad,4,No,No
EMP08342,Aarna Trivedi,Female,35,Finance,Team Lead,MBA,2,55419.0,2022-11-02,Chennai,4,No,No
EMP08343,Libni Banerjee,Female,36,HR,Manager,B.Tech,12,50615.0,2017-11-27,Bangalore,1,No,No
EMP08344,Jhalak Narula,Male,37,IT,Analyst,M.Tech,3,59780.0,2026-07-19,Bangalore,5,Yes,No
EMP08345,Daksh Mammen,Male,41,Finance,Manager,B.Tech,4,94799.0,2019-12-06,Bangalore,4,Yes,Yes
EMP08346,Garima Swamy,Male,59,HR,Manager,B.Tech,7,56478.0,2023-06-28,Chennai,5,No,No
EMP08347,Nirja Bahri,Female,24,Marketing,Analyst,BCA,3,82403.0,2017-10-23,Chennai,3,No,No
EMP08348,Damini Baria,Male,31,HR,Analyst,M.Tech,17,76851.0,2018-11-29,Chennai,3,Yes,No
EMP08349,Amrita Padmanabhan,Female,39,HR,Senior Analyst,BCA,16,39560.0,2023-02-10,Hyderabad,3,Yes,No
EMP08350,Isaiah Jayaraman,Male,32,IT,Analyst,BCA,17,59377.0,2020-12-17,Pune,1,Yes,No
EMP08351,Tripti Nagy,Male,41,Sales,Team Lead,MBA,7,39215.0,2020-11-12,Mumbai,4,No,Yes
EMP08352,Matthew Ramaswamy,Female,43,Sales,Team Lead,MCA,19,62268.0,2018-11-21,Pune,2,Yes,No
EMP08353,Nandini Sur,Female,59,Marketing,Team Lead,MCA,0,70841.0,2017-01-22,Pune,5,No,No
EMP08354,Jagrati Patla,Male,33,HR,Team Lead,BCA,9,65532.0,2021-06-11,Chennai,1,Yes,No
EMP08355,Harrison Sani,Female,33,IT,Manager,MBA,19,126595.0,2025-05-24,Bangalore,5,Yes,No
EMP08356,Bakhshi Chahal,Female,35,HR,Team Lead,BCA,8,40156.0,2025-07-13,Mumbai,3,Yes,No
EMP08357,Jeremiah Arya,Female,54,Sales,Analyst,MCA,6,72497.0,2017-08-29,Mumbai,3,Yes,No
EMP08358,Caleb Issac,Female,59,Marketing,Senior Analyst,MCA,12,68392.0,2017-02-27,Mumbai,2,No,No
EMP08359,Fitan Chanda,Female,50,Finance,Senior Analyst,BCA,7,108848.0,2021-01-01,Chennai,2,No,No
EMP08360,Sarthak Samra,Male,56,Sales,Analyst,MBA,20,80000.0,2016-12-18,Hyderabad,3,Yes,Yes
EMP08361,Rachit Gara,Female,50,Sales,Senior Analyst,MBA,17,92103.0,2021-06-03,Hyderabad,3,No,No
EMP08362,Bhavya Upadhyay,Female,54,Finance,Senior Analyst,MCA,4,62322.0,2020-05-03,Mumbai,5,Yes,No
EMP08363,Anmol Ravi,Female,36,Marketing,Manager,B.Tech,4,54676.0,2018-08-21,Pune,2,Yes,No
EMP08364,Udarsh Puri,Female,60,IT,Team Lead,B.Tech,19,71516.0,2021-11-07,Mumbai,1,No,No
EMP08365,Anamika Nori,Female,26,IT,Analyst,MCA,15,145290.0,2023-04-11,Mumbai,3,Yes,No
EMP08366,Keya Borra,Female,47,HR,Senior Analyst,MCA,14,68505.0,2017-04-30,Pune,5,Yes,No
EMP08367,Upasna Narula,Female,51,Finance,Analyst,M.Tech,10,85562.0,2018-03-03,Chennai,2,Yes,No
EMP08368,Azad Som,Male,54,Marketing,Analyst,BCA,3,78808.0,2022-11-30,Bangalore,1,Yes,Yes
EMP08369,Michael Rama,Male,45,IT,Senior Analyst,BCA,7,138256.0,2025-11-21,Chennai,2,No,No
EMP08370,Eesha Ramachandran,Female,24,Finance,Team Lead,M.Tech,4,80694.0,2024-04-29,Mumbai,1,Yes,No
EMP08371,Kamala Saran,Female,40,IT,Team Lead,MBA,14,108361.0,2016-10-17,Hyderabad,2,No,No
EMP08372,Joshua Talwar,Male,29,Finance,Manager,B.Tech,20,78868.0,2018-06-18,Hyderabad,5,Yes,No
EMP08373,Thomas Bakshi,Male,54,Finance,Manager,BCA,10,60683.0,2021-04-02,Pune,5,No,No
EMP08374,Alka Raghavan,Female,57,Marketing,Manager,B.Tech,11,74798.0,2022-01-27,Chennai,1,No,No
EMP08375,Onkar Bali,Female,55,Marketing,Manager,MBA,15,83595.0,2021-07-31,Pune,3,Yes,No
EMP08376,Pushti Wagle,Female,47,IT,Senior Analyst,M.Tech,16,88598.0,2018-12-21,Chennai,3,No,No
EMP08377,Vasana Buch,Female,29,Marketing,Manager,BCA,14,83760.0,2021-09-15,Bangalore,2,No,No
EMP08378,Watika Bali,Male,59,Finance,Analyst,BCA,20,77199.0,2018-12-26,Pune,4,Yes,No
EMP08379,Triveni Baral,Male,59,IT,Analyst,B.Tech,9,97000.0,2018-01-29,Pune,2,No,No
EMP08380,Sanaya Tandon,Female,46,Sales,Manager,MCA,15,68005.0,2023-09-07,Pune,2,Yes,No
EMP08381,Vedhika Lad,Female,44,Marketing,Analyst,MBA,17,61170.0,2017-10-04,Bangalore,4,Yes,No
EMP08382,Janya Iyengar,Male,26,IT,Analyst,B.Tech,16,58248.0,2024-11-14,Bangalore,5,Yes,No
EMP08383,Tanay Nanda,Female,35,IT,Manager,BCA,12,112032.0,2021-10-05,Mumbai,2,No,No
EMP08384,Janaki Sangha,Male,40,HR,Analyst,MBA,16,51128.0,2022-02-08,Mumbai,3,Yes,No
EMP08385,Veda Nanda,Male,38,Marketing,Manager,B.Tech,2,79687.0,2017-07-31,Pune,4,Yes,No
EMP08386,Upma Prabhu,Female,25,HR,Senior Analyst,MCA,2,74312.0,2018-06-12,Hyderabad,5,Yes,No
EMP08387,Chatresh Brar,Male,23,Finance,Senior Analyst,B.Tech,18,110241.0,2023-08-30,Bangalore,5,No,No
EMP08388,Frado Talwar,Male,45,Marketing,Analyst,MBA,11,68274.0,2026-06-18,Pune,5,Yes,No
EMP08389,Akshay Ramakrishnan,Male,44,Sales,Senior Analyst,MCA,11,77928.0,2021-08-03,Chennai,1,No,No
EMP08390,Baghyawati Khanna,Female,30,Marketing,Senior Analyst,MBA,3,41191.0,2020-03-13,Bangalore,2,No,No
EMP08391,Simon Walia,Female,44,Finance,Analyst,B.Tech,10,76661.0,2018-10-16,Pune,2,No,No
EMP08392,Fiyaz Ghosh,Female,39,Marketing,Senior Analyst,B.Tech,11,70862.0,2018-11-24,Bangalore,1,No,No
EMP08393,Aishani Naik,Male,25,Sales,Manager,MBA,19,58610.0,2025-03-14,Bangalore,5,Yes,No
EMP08394,Leena Upadhyay,Female,37,Marketing,Team Lead,BCA,11,77999.0,2017-02-23,Chennai,1,No,No
EMP08395,Hritik Devan,Female,57,IT,Senior Analyst,BCA,20,83008.0,2018-12-14,Hyderabad,5,No,No
EMP08396,Lekha Bali,Male,31,IT,Analyst,B.Tech,13,92534.0,2017-09-28,Bangalore,5,No,No
EMP08397,Owen Rege,Male,58,IT,Analyst,MCA,15,100897.0,2025-07-23,Mumbai,1,No,No
EMP08398,Imaran Bhatnagar,Female,29,Marketing,Manager,BCA,5,55007.0,2024-01-01,Chennai,2,Yes,No
EMP08399,Amaira Khosla,Female,46,HR,Senior Analyst,MCA,11,66184.0,2017-08-27,Bangalore,4,Yes,No
EMP08400,Simon Golla,Female,49,Marketing,Analyst,BCA,20,50171.0,2025-04-29,Chennai,3,No,No
EMP08401,Rehaan Samra,Female,48,HR,Team Lead,MCA,16,58952.0,2022-11-17,Hyderabad,2,Yes,No
EMP08402,Tanay Bedi,Female,46,HR,Analyst,M.Tech,10,48074.0,2021-01-26,Bangalore,1,No,No
EMP08403,Darika Bhatnagar,Male,33,Marketing,Team Lead,BCA,7,79587.0,2021-02-27,Pune,1,Yes,No
EMP08404,Aahana Dyal,Female,34,IT,Manager,B.Tech,4,91212.0,2024-02-28,Hyderabad,3,Yes,Yes
EMP08405,Garima Karpe,Male,34,HR,Senior Analyst,MBA,0,58293.0,2021-07-09,Mumbai,1,No,No
EMP08406,Ojas Deep,Female,52,Finance,Analyst,MCA,19,95816.0,2025-03-19,Mumbai,5,Yes,No
EMP08407,Henry Sethi,Female,55,Marketing,Manager,B.Tech,12,55138.0,2017-09-07,Mumbai,1,Yes,No
EMP08408,Ekantika Setty,Female,48,Marketing,Analyst,B.Tech,8,59614.0,2019-01-12,Pune,5,Yes,No
EMP08409,Netra Chandra,Male,32,HR,Team Lead,M.Tech,9,56771.0,2021-09-07,Chennai,5,Yes,No
EMP08410,Jackson Shukla,Male,53,Finance,Team Lead,M.Tech,13,84641.0,2017-12-07,Mumbai,1,Yes,No
EMP08411,Zehaan Mukherjee,Female,54,IT,Senior Analyst,B.Tech,7,53124.0,2016-11-22,Hyderabad,1,No,No
EMP08412,Charles Kuruvilla,Female,25,Finance,Senior Analyst,BCA,2,85304.0,2020-04-05,Hyderabad,5,No,No
EMP08413,Gaurang Bobal,Male,29,Marketing,Team Lead,MBA,2,80007.0,2024-12-02,Pune,2,No,No
EMP08414,Nathaniel Dhaliwal,Female,34,HR,Senior Analyst,B.Tech,16,49825.0,2023-05-19,Hyderabad,1,No,No
EMP08415,Chatura Maharaj,Female,51,IT,Analyst,MCA,11,56317.0,2018-06-05,Chennai,5,No,No
EMP08416,Falguni Hegde,Female,58,IT,Manager,BCA,5,99478.0,2024-03-21,Pune,2,Yes,No
EMP08417,Ridhi Butala,Male,29,Finance,Manager,M.Tech,16,95435.0,2024-11-26,Chennai,1,Yes,No
EMP08418,Oni Sridhar,Male,32,Sales,Analyst,MCA,14,79751.0,2021-02-02,Chennai,1,Yes,No
EMP08419,Oliver Ben,Female,44,Marketing,Senior Analyst,B.Tech,11,43467.0,2025-05-12,Bangalore,4,No,No
EMP08420,Nihal Tripathi,Female,52,Finance,Team Lead,MCA,7,87330.0,2024-06-12,Chennai,5,Yes,No
EMP08421,Gagan Kamdar,Female,29,Sales,Team Lead,MCA,8,50622.0,2025-12-09,Bangalore,4,No,No
EMP08422,Akshay Pau,Female,56,Finance,Team Lead,MCA,1,47095.0,2019-12-06,Chennai,3,Yes,Yes
EMP08423,Nitesh Lala,Female,29,HR,Analyst,MCA,11,56457.0,2025-11-13,Chennai,3,Yes,No
EMP08424,Girish Iyengar,Male,32,Sales,Senior Analyst,MCA,17,94515.0,2023-02-22,Hyderabad,5,No,No
EMP08425,Oliver Savant,Male,29,IT,Team Lead,B.Tech,16,66235.0,2023-05-09,Bangalore,5,Yes,No
EMP08426,Daksha Bains,Male,49,HR,Analyst,B.Tech,1,56256.0,2023-03-04,Pune,5,No,No
EMP08427,Jack Muni,Female,31,IT,Team Lead,BCA,7,114609.0,2021-09-11,Bangalore,2,No,No
EMP08428,Mugdha Gill,Female,24,HR,Team Lead,M.Tech,4,46845.0,2023-06-27,Bangalore,1,Yes,Yes
EMP08429,Bhavya Palan,Male,57,Marketing,Analyst,B.Tech,1,84136.0,2020-05-24,Chennai,5,No,No
EMP08430,Jairaj Lal,Male,50,HR,Team Lead,B.Tech,8,71097.0,2020-10-02,Hyderabad,4,No,No
EMP08431,Kashish Zacharia,Male,28,Sales,Analyst,B.Tech,17,75021.0,2024-02-01,Bangalore,1,Yes,Yes
EMP08432,Samesh Vyas,Male,38,HR,Senior Analyst,MBA,8,32664.0,2018-02-28,Chennai,2,Yes,No
EMP08433,Geetika Ghosh,Female,54,Finance,Manager,MCA,10,119281.0,2021-02-03,Pune,2,No,No
EMP08434,Nandini Bora,Female,59,Sales,Manager,B.Tech,19,94966.0,2022-09-01,Hyderabad,2,No,No
EMP08435,Keya Sha,Female,38,Finance,Senior Analyst,B.Tech,9,67532.0,2018-10-23,Pune,3,Yes,No
EMP08436,Harshil Saxena,Female,52,Finance,Manager,MCA,11,72143.0,2022-02-27,Hyderabad,4,Yes,No
EMP08437,Vansha Majumdar,Female,36,IT,Team Lead,M.Tech,0,68571.0,2025-09-16,Bangalore,1,No,No
EMP08438,Owen Kamdar,Female,48,Marketing,Manager,BCA,1,44792.0,2018-07-02,Chennai,4,Yes,No
EMP08439,Hredhaan Chacko,Female,45,HR,Team Lead,BCA,2,47216.0,2022-10-10,Bangalore,3,Yes,No
EMP08440,Triveni Halder,Male,29,HR,Team Lead,MCA,8,73050.0,2019-11-02,Chennai,3,No,No
EMP08441,Yutika Khurana,Female,53,HR,Senior Analyst,MBA,2,59372.0,2021-01-01,Chennai,4,Yes,Yes
EMP08442,Andrew Ben,Female,58,Finance,Senior Analyst,M.Tech,18,101220.0,2023-08-18,Chennai,2,Yes,No
EMP08443,Ubika Kakar,Male,24,Marketing,Analyst,MCA,5,56095.0,2024-03-08,Pune,2,Yes,No
EMP08444,Bachittar Bhat,Male,39,Finance,Analyst,MCA,20,103313.0,2022-06-14,Mumbai,2,Yes,No
EMP08445,Abhiram Murthy,Female,49,HR,Manager,BCA,8,33132.0,2024-01-01,Chennai,3,Yes,No
EMP08446,Daksh Kalita,Female,48,Finance,Senior Analyst,M.Tech,8,95214.0,2026-06-11,Bangalore,1,Yes,No
EMP08447,Darika Dhillon,Female,45,HR,Manager,M.Tech,3,42647.0,2018-09-12,Bangalore,4,No,No
EMP08448,Ekbal Wali,Male,29,Finance,Senior Analyst,BCA,14,102727.0,2018-06-29,Hyderabad,5,No,No
EMP08449,Hritik Deo,Female,38,Marketing,Senior Analyst,M.Tech,11,57008.0,2022-05-12,Mumbai,5,No,No
EMP08450,Megha Nigam,Female,39,IT,Senior Analyst,MCA,3,76829.0,2018-05-03,Bangalore,3,No,No
EMP08451,Eiravati Raval,Female,57,IT,Analyst,M.Tech,12,136491.0,2025-04-27,Bangalore,4,No,No
EMP08452,Triveni Pillai,Male,57,Marketing,Manager,B.Tech,15,66265.0,2017-11-10,Chennai,1,No,No
EMP08453,Vidhi Sabharwal,Female,35,IT,Team Lead,M.Tech,2,50240.0,2025-07-21,Hyderabad,5,No,No
EMP08454,Parth Chaudhary,Male,58,HR,Manager,B.Tech,10,62879.0,2025-03-10,Bangalore,5,Yes,Yes
EMP08455,Agastya Peri,Female,37,IT,Senior Analyst,BCA,18,119670.0,2024-06-24,Chennai,4,No,No
EMP08456,Faris Karnik,Female,25,Marketing,Analyst,BCA,7,64662.0,2026-01-13,Hyderabad,5,Yes,No
EMP08457,Wahab Jayaraman,Female,54,IT,Manager,B.Tech,12,62473.0,2016-11-06,Bangalore,1,Yes,No
EMP08458,Jairaj Sura,Male,37,Sales,Team Lead,M.Tech,8,46081.0,2022-09-04,Hyderabad,2,Yes,No
EMP08459,Ekansh Buch,Female,29,Sales,Team Lead,BCA,14,40989.0,2024-10-20,Pune,2,No,No
EMP08460,Madhav Mandal,Female,27,Sales,Analyst,M.Tech,17,76503.0,2024-05-29,Chennai,5,Yes,No
EMP08461,Shivani Mody,Female,26,HR,Analyst,M.Tech,3,44337.0,2021-07-09,Hyderabad,5,No,No
EMP08462,Adya Randhawa,Female,28,Marketing,Senior Analyst,M.Tech,15,86122.0,2023-12-25,Bangalore,3,Yes,No
EMP08463,Ekantika Chacko,Female,40,Sales,Manager,BCA,0,98514.0,2022-11-20,Mumbai,5,Yes,No
EMP08464,Pallavi Parekh,Female,34,Finance,Analyst,M.Tech,9,83985.0,2024-08-20,Bangalore,1,Yes,No
EMP08465,Lucky Karan,Male,60,Finance,Analyst,MCA,5,55886.0,2023-02-24,Bangalore,1,No,No
EMP08466,Lakshmi Pathak,Female,51,IT,Manager,MBA,12,80414.0,2025-08-09,Hyderabad,1,Yes,No
EMP08467,Bimala Borde,Female,26,Marketing,Analyst,MCA,3,61606.0,2018-01-17,Mumbai,3,Yes,No
EMP08468,Rushil Sur,Female,38,IT,Manager,B.Tech,16,131549.0,2020-04-28,Bangalore,5,No,No
EMP08469,David Vala,Male,28,Sales,Analyst,B.Tech,4,56123.0,2025-07-29,Chennai,1,No,No
EMP08470,Qushi Kanda,Female,29,Sales,Senior Analyst,MBA,8,59410.0,2024-08-08,Hyderabad,2,No,No
EMP08471,Vyanjana Radhakrishnan,Female,35,HR,Team Lead,MCA,7,61352.0,2026-06-29,Mumbai,4,Yes,No
EMP08472,Krishna Shere,Male,43,Finance,Senior Analyst,B.Tech,6,93567.0,2019-10-07,Chennai,4,No,No
EMP08473,Daniel Memon,Female,24,Marketing,Manager,MCA,1,66763.0,2025-12-26,Pune,3,Yes,No
EMP08474,Yachana Balasubramanian,Male,50,Sales,Manager,MCA,8,67242.0,2016-09-20,Hyderabad,3,Yes,No
EMP08475,Reyansh Garde,Female,48,HR,Analyst,BCA,15,45714.0,2021-04-12,Bangalore,3,No,No
EMP08476,Owen Cheema,Female,60,Marketing,Analyst,M.Tech,4,66038.0,2019-06-17,Chennai,1,Yes,No
EMP08477,Warinder Kumer,Female,54,IT,Analyst,B.Tech,19,110490.0,2024-09-06,Bangalore,5,Yes,No
EMP08478,Vasana Tata,Male,30,IT,Senior Analyst,MBA,12,88314.0,2017-08-26,Mumbai,3,No,No
EMP08479,Dev Gandhi,Female,55,Marketing,Analyst,MCA,13,37478.0,2022-03-22,Hyderabad,5,Yes,No
EMP08480,Jairaj Amble,Male,54,Marketing,Manager,M.Tech,17,71068.0,2016-12-15,Chennai,4,No,No
EMP08481,Sai Munshi,Female,35,IT,Analyst,MBA,9,89286.0,2016-08-31,Chennai,2,Yes,No
EMP08482,Nikita Maharaj,Male,56,Finance,Senior Analyst,MBA,16,51227.0,2018-10-11,Hyderabad,5,Yes,No
EMP08483,Amruta Ramanathan,Female,36,Marketing,Manager,MBA,19,85100.0,2020-07-10,Pune,4,No,No
EMP08484,Suhani Randhawa,Female,26,Marketing,Analyst,MCA,6,36670.0,2020-05-24,Mumbai,2,No,No
EMP08485,Gavin Manne,Female,24,Marketing,Analyst,MCA,9,74357.0,2018-02-27,Pune,2,No,No
EMP08486,Thomas Dugal,Male,44,IT,Team Lead,BCA,16,117232.0,2026-02-06,Chennai,4,No,No
EMP08487,Aarnav Pandit,Female,23,HR,Analyst,M.Tech,18,67502.0,2023-01-13,Bangalore,3,Yes,No
EMP08488,Charvi Gara,Female,31,Sales,Manager,M.Tech,1,52183.0,2020-12-14,Bangalore,3,No,No
EMP08489,Tejas Halder,Female,50,HR,Manager,M.Tech,0,78704.0,2022-03-02,Bangalore,1,Yes,No
EMP08490,Rohan Ghosh,Female,28,HR,Analyst,BCA,1,54342.0,2024-01-27,Hyderabad,1,No,No
EMP08491,Rohan Korpal,Male,35,Marketing,Senior Analyst,B.Tech,19,60550.0,2019-11-15,Mumbai,1,No,No
EMP08492,Mahika Nayar,Female,35,Sales,Senior Analyst,M.Tech,2,63967.0,2017-01-13,Pune,2,Yes,No
EMP08493,Wishi Pai,Female,35,Marketing,Senior Analyst,M.Tech,9,35605.0,2025-09-24,Pune,3,Yes,No
EMP08494,Vaishnavi Bala,Female,34,Sales,Team Lead,MBA,14,64329.0,2023-07-15,Bangalore,5,Yes,Yes
EMP08495,Chandani Jayaraman,Male,34,Marketing,Analyst,M.Tech,11,48473.0,2023-03-16,Pune,1,Yes,No
EMP08496,Ishanvi Vaidya,Female,56,IT,Manager,BCA,10,85327.0,2023-12-02,Mumbai,4,No,No
EMP08497,Faraj Kulkarni,Male,46,Finance,Analyst,MCA,15,79507.0,2019-08-24,Hyderabad,3,No,Yes
EMP08498,Jagat Mittal,Male,33,HR,Analyst,BCA,2,31637.0,2021-09-08,Bangalore,3,Yes,No
EMP08499,Oscar Bajaj,Female,54,Marketing,Manager,BCA,5,85427.0,2022-08-13,Bangalore,3,Yes,No
EMP08500,Dhruv Jain,Female,52,Finance,Team Lead,BCA,6,92056.0,2019-06-08,Pune,3,No,No
EMP08501,Saumya Sharaf,Female,55,Sales,Team Lead,MBA,15,61708.0,2024-01-18,Chennai,4,Yes,No
EMP08502,Bhanumati Solanki,Female,53,Finance,Manager,M.Tech,7,84759.0,2017-08-24,Mumbai,4,Yes,No
EMP08503,Nihal Mandal,Female,44,HR,Manager,MCA,2,79601.0,2021-06-10,Hyderabad,1,No,Yes
EMP08504,Agastya Sahni,Female,39,Sales,Manager,BCA,6,91166.0,2022-11-07,Hyderabad,1,No,No
EMP08505,Yahvi Subramanian,Female,27,HR,Senior Analyst,M.Tech,18,56979.0,2024-09-14,Hyderabad,4,Yes,No
EMP08506,Arunima Madan,Female,50,IT,Team Lead,MBA,14,137449.0,2024-03-21,Bangalore,5,No,No
EMP08507,Reva Randhawa,Female,41,Sales,Team Lead,BCA,3,64431.0,2016-10-25,Bangalore,1,No,No
EMP08508,Harrison Bhatnagar,Male,26,Marketing,Team Lead,MBA,11,84852.0,2021-10-10,Bangalore,5,No,No
EMP08509,Osha Vig,Female,56,Sales,Team Lead,M.Tech,2,82623.0,2019-10-05,Mumbai,3,No,No
EMP08510,Frederick Madan,Female,32,HR,Analyst,BCA,19,60288.0,2017-07-15,Mumbai,5,No,No
EMP08511,Krishna Madan,Female,32,Sales,Analyst,M.Tech,17,76540.0,2022-11-28,Pune,5,Yes,No
EMP08512,Yadavi Sur,Female,28,HR,Analyst,MCA,18,75916.0,2018-02-16,Chennai,4,Yes,No
EMP08513,Arya Kanda,Male,55,Marketing,Team Lead,MBA,13,80796.0,2022-12-05,Hyderabad,4,Yes,No
EMP08514,Max Viswanathan,Male,44,HR,Analyst,B.Tech,19,71862.0,2020-07-13,Pune,1,Yes,No
EMP08515,Gavin Sandal,Female,38,Finance,Analyst,B.Tech,8,105575.0,2024-03-15,Pune,3,Yes,No
EMP08516,Jagrati Yadav,Male,47,Marketing,Team Lead,M.Tech,18,57378.0,2017-03-09,Chennai,4,Yes,Yes
EMP08517,Laksh Gala,Female,42,Marketing,Analyst,MBA,15,76758.0,2019-08-03,Mumbai,2,No,No
EMP08518,Aradhana Peri,Female,50,HR,Analyst,MCA,11,39436.0,2018-08-29,Chennai,3,No,No
EMP08519,Advay Sinha,Female,51,IT,Analyst,MCA,20,109934.0,2021-07-31,Chennai,5,No,No
EMP08520,Madhavi Dora,Female,22,HR,Analyst,M.Tech,18,74270.0,2020-07-14,Hyderabad,1,Yes,No
EMP08521,Maya Shere,Female,42,Marketing,Senior Analyst,B.Tech,5,72940.0,2017-09-27,Pune,5,No,No
EMP08522,Ikbal Deshpande,Male,30,Marketing,Analyst,B.Tech,16,67552.0,2020-01-15,Pune,3,No,Yes
EMP08523,Nachiket Rastogi,Female,46,Sales,Team Lead,MCA,3,85645.0,2018-12-03,Mumbai,3,Yes,No
EMP08524,Nisha Konda,Male,40,IT,Team Lead,MCA,15,85994.0,2023-05-10,Hyderabad,2,No,Yes
EMP08525,Gayathri Iyengar,Male,59,Sales,Manager,BCA,6,63699.0,2022-08-03,Bangalore,4,Yes,No
EMP08526,Ekantika Oommen,Male,55,HR,Senior Analyst,BCA,19,55606.0,2020-10-18,Chennai,4,Yes,Yes
EMP08527,Manan Venkatesh,Female,45,HR,Manager,MBA,8,34752.0,2025-03-27,Hyderabad,5,No,No
EMP08528,Triya Panchal,Male,46,Marketing,Senior Analyst,BCA,0,56400.0,2025-06-30,Chennai,3,No,No
EMP08529,Pranit Bal,Male,36,HR,Senior Analyst,B.Tech,13,69326.0,2022-10-07,Bangalore,2,No,No
EMP08530,Logan Dutt,Female,34,Finance,Manager,M.Tech,15,94160.0,2023-05-29,Mumbai,5,Yes,No
EMP08531,Nitara Shenoy,Male,54,IT,Team Lead,M.Tech,16,89921.0,2024-09-01,Pune,1,No,No
EMP08532,Amrita Ramakrishnan,Male,35,Marketing,Senior Analyst,B.Tech,12,73947.0,2020-01-06,Bangalore,2,No,No
EMP08533,Rachana Pant,Male,59,Marketing,Analyst,B.Tech,11,52951.0,2025-02-24,Hyderabad,3,Yes,No
EMP08534,Nidra Mane,Male,44,Finance,Analyst,MCA,3,85857.0,2017-07-15,Mumbai,5,No,No
EMP08535,Chaitaly Sinha,Male,40,HR,Analyst,MCA,14,61552.0,2020-03-22,Chennai,4,No,No
EMP08536,Om Keer,Male,54,IT,Senior Analyst,M.Tech,9,106935.0,2024-10-24,Hyderabad,2,Yes,No
EMP08537,Harini Venkataraman,Female,47,Finance,Senior Analyst,BCA,13,115303.0,2022-03-20,Pune,2,No,Yes
EMP08538,Upasna Viswanathan,Female,49,IT,Manager,B.Tech,14,107925.0,2017-05-16,Bangalore,2,No,No
EMP08539,Neelima Uppal,Female,46,Finance,Manager,M.Tech,12,53082.0,2018-07-11,Mumbai,3,No,No
EMP08540,Adya Majumdar,Female,48,IT,Senior Analyst,MBA,1,83485.0,2025-06-21,Hyderabad,3,No,No
EMP08541,Joshua Randhawa,Female,57,Marketing,Senior Analyst,M.Tech,19,66885.0,2025-03-06,Chennai,5,Yes,No
EMP08542,Vinaya Karan,Female,28,Marketing,Manager,MBA,4,70664.0,2025-11-18,Mumbai,2,Yes,Yes
EMP08543,Aarnav Sem,Female,57,Sales,Analyst,B.Tech,12,72104.0,2017-12-12,Hyderabad,4,Yes,No
EMP08544,Isaac Dey,Female,29,Sales,Analyst,B.Tech,15,43883.0,2019-04-12,Chennai,2,Yes,No
EMP08545,Ojas Bava,Female,22,Finance,Analyst,M.Tech,14,101702.0,2023-03-07,Hyderabad,3,No,No
EMP08546,Warhi Prasad,Female,23,Marketing,Manager,BCA,8,43142.0,2017-06-06,Bangalore,3,No,No
EMP08547,Ranveer Jain,Male,40,IT,Manager,M.Tech,13,97121.0,2025-03-23,Pune,4,No,No
EMP08548,Ijaya Shankar,Female,49,Sales,Manager,MCA,10,53473.0,2021-12-28,Bangalore,3,No,No
EMP08549,Netra Kala,Female,60,Finance,Team Lead,MCA,0,54138.0,2020-11-20,Bangalore,4,No,No
EMP08550,Rachita Chada,Male,38,HR,Analyst,BCA,16,66206.0,2018-02-07,Mumbai,3,No,No
EMP08551,Yashoda Patil,Female,43,HR,Senior Analyst,B.Tech,20,66897.0,2025-08-31,Hyderabad,1,No,No
EMP08552,Indrajit Dara,Female,48,Marketing,Analyst,MBA,8,40834.0,2023-03-03,Pune,5,No,No
EMP08553,Daniel Bhatnagar,Female,34,HR,Manager,B.Tech,2,73264.0,2021-08-31,Bangalore,5,No,No
EMP08554,Pratyush Dhaliwal,Male,31,Finance,Manager,B.Tech,8,51906.0,2023-06-20,Chennai,3,Yes,No
EMP08555,Gavin Doctor,Female,40,Sales,Manager,M.Tech,4,42464.0,2018-01-01,Bangalore,4,No,No
EMP08556,Alexander Salvi,Female,33,Sales,Analyst,MBA,11,49301.0,2024-09-14,Chennai,4,No,Yes
EMP08557,Dev Chahal,Male,28,HR,Team Lead,MBA,2,59218.0,2017-03-19,Pune,4,No,Yes
EMP08558,Pranav Mangal,Male,55,HR,Analyst,MBA,2,63167.0,2020-05-06,Hyderabad,4,Yes,No
EMP08559,Ekiya Ray,Male,57,HR,Manager,M.Tech,0,67585.0,2018-03-20,Chennai,1,No,No
EMP08560,Yashasvi Oommen,Female,25,Sales,Manager,BCA,0,95104.0,2020-09-10,Mumbai,3,Yes,No
EMP08561,Niharika Varty,Female,33,Finance,Analyst,MCA,16,110730.0,2025-01-27,Hyderabad,4,Yes,No
EMP08562,William Handa,Male,56,Sales,Senior Analyst,MBA,16,42338.0,2019-09-29,Pune,2,No,No
EMP08563,Raghav Menon,Female,57,Finance,Senior Analyst,B.Tech,11,100478.0,2022-10-11,Mumbai,3,No,No
EMP08564,Gopal Sastry,Female,55,Marketing,Manager,B.Tech,1,76568.0,2025-03-14,Pune,1,No,No
EMP08565,Akshay Thakur,Female,51,Finance,Team Lead,B.Tech,2,105979.0,2025-02-04,Mumbai,3,No,No
EMP08566,Zehaan Setty,Male,22,HR,Senior Analyst,MCA,9,42825.0,2017-03-02,Mumbai,1,Yes,Yes
EMP08567,Bimala Gour,Female,32,Marketing,Analyst,MBA,17,44212.0,2025-02-28,Chennai,2,No,No
EMP08568,Harshil Jayaraman,Female,26,Marketing,Analyst,BCA,12,86575.0,2025-10-17,Bangalore,2,Yes,No
EMP08569,Vyanjana Nadkarni,Female,36,Sales,Analyst,BCA,8,51667.0,2024-06-11,Mumbai,2,No,Yes
EMP08570,Triya Varghese,Female,35,IT,Manager,MBA,17,130361.0,2020-12-01,Mumbai,5,No,No
EMP08571,Omisha Raja,Male,56,IT,Team Lead,MCA,19,101788.0,2023-11-18,Pune,3,Yes,No
EMP08572,Tamanna Chawla,Female,56,Finance,Manager,M.Tech,8,109043.0,2016-09-29,Mumbai,1,Yes,No
EMP08573,Abhiram Rajagopal,Male,59,HR,Team Lead,BCA,7,76013.0,2018-04-23,Bangalore,1,Yes,No
EMP08574,Sachi Vala,Male,44,Sales,Team Lead,BCA,20,80817.0,2021-08-18,Mumbai,5,Yes,No
EMP08575,Meera Wable,Male,49,HR,Team Lead,M.Tech,1,69296.0,2021-10-29,Pune,3,Yes,No
EMP08576,Yashica Barad,Female,34,HR,Manager,MBA,12,57591.0,2021-04-20,Bangalore,3,No,No
EMP08577,Eesha Choudhry,Male,34,Marketing,Manager,B.Tech,18,72367.0,2020-11-23,Chennai,2,Yes,No
EMP08578,Raksha Jayaraman,Male,26,Finance,Team Lead,MCA,16,113194.0,2024-09-07,Mumbai,4,No,No
EMP08579,Avi Wali,Female,52,Finance,Senior Analyst,MBA,12,76429.0,2024-06-03,Bangalore,3,No,No
EMP08580,Pallavi Sama,Male,30,Marketing,Analyst,B.Tech,0,75932.0,2026-07-28,Mumbai,1,Yes,No
EMP08581,Elijah Ganguly,Female,31,HR,Senior Analyst,MCA,10,72300.0,2024-06-03,Mumbai,3,No,No
EMP08582,Nidra Kunda,Female,52,IT,Manager,B.Tech,4,84174.0,2023-02-03,Chennai,5,No,No
EMP08583,Nidra Kala,Male,44,Finance,Senior Analyst,M.Tech,10,92836.0,2025-12-14,Pune,2,Yes,No
EMP08584,Gauri Bahri,Female,31,Sales,Team Lead,MBA,9,61982.0,2020-12-15,Pune,3,Yes,No
EMP08585,Ishaan Raman,Male,44,HR,Senior Analyst,B.Tech,1,44929.0,2019-09-12,Bangalore,5,No,No
EMP08586,Tripti Magar,Male,49,Sales,Senior Analyst,MCA,7,94297.0,2025-09-09,Mumbai,3,No,No
EMP08587,Ekiya Swamy,Female,33,Marketing,Analyst,MCA,6,70282.0,2018-09-06,Mumbai,3,No,No
EMP08588,Zilmil Mandal,Female,47,Marketing,Analyst,B.Tech,10,66257.0,2022-11-27,Pune,3,Yes,No
EMP08589,Pooja Sood,Male,25,IT,Team Lead,MCA,3,149764.0,2024-10-11,Mumbai,5,Yes,No
EMP08590,Dipta Babu,Male,53,HR,Manager,M.Tech,15,40756.0,2021-08-12,Pune,3,Yes,No
EMP08591,Vasatika Samra,Male,57,Sales,Manager,BCA,1,77984.0,2024-07-15,Chennai,3,No,No
EMP08592,Vamakshi Parikh,Female,43,HR,Team Lead,B.Tech,18,63415.0,2020-06-06,Hyderabad,5,Yes,No
EMP08593,Aayush Nadkarni,Male,23,Marketing,Analyst,MBA,5,55276.0,2024-03-30,Hyderabad,4,No,No
EMP08594,Mahika Naidu,Male,59,Sales,Team Lead,B.Tech,4,79142.0,2019-07-17,Pune,5,No,No
EMP08595,Ekbal Bumb,Male,28,HR,Senior Analyst,BCA,7,59293.0,2019-03-07,Hyderabad,5,No,No
EMP08596,Dev Kala,Female,38,IT,Manager,MBA,3,102491.0,2018-12-26,Hyderabad,2,Yes,No
EMP08597,Yauvani Bobal,Female,30,HR,Senior Analyst,M.Tech,3,51761.0,2021-11-22,Mumbai,5,Yes,No
EMP08598,Shaurya Khanna,Male,51,Sales,Team Lead,BCA,14,73471.0,2025-01-03,Hyderabad,4,Yes,No
EMP08599,Devansh Choudhury,Male,60,Finance,Senior Analyst,B.Tech,20,61599.0,2018-02-11,Chennai,3,Yes,No
EMP08600,Ekbal Kapadia,Female,31,Sales,Senior Analyst,BCA,17,74274.0,2022-10-31,Pune,3,Yes,No
EMP08601,Rishi Agrawal,Female,35,Sales,Manager,BCA,5,69284.0,2021-04-07,Bangalore,5,No,No
EMP08602,Fitan Natt,Female,46,Sales,Analyst,M.Tech,2,51982.0,2023-03-22,Bangalore,1,Yes,No
EMP08603,Nikita Keer,Female,31,HR,Manager,M.Tech,18,35069.0,2020-02-03,Pune,1,Yes,No
EMP08604,Nihal Saini,Female,49,IT,Manager,BCA,14,140104.0,2024-07-06,Hyderabad,5,Yes,No
EMP08605,Oni Basak,Male,53,Marketing,Analyst,M.Tech,0,43017.0,2026-02-02,Chennai,1,Yes,No
EMP08606,Ekiya Narayan,Male,38,HR,Manager,M.Tech,13,43675.0,2017-08-03,Hyderabad,1,Yes,No
EMP08607,Vedant Bail,Female,29,HR,Manager,BCA,4,78974.0,2021-08-26,Mumbai,3,No,No
EMP08608,Anvi Rastogi,Female,56,IT,Analyst,MCA,12,143837.0,2016-08-13,Hyderabad,2,Yes,No
EMP08609,Mohini Rajagopalan,Male,45,IT,Team Lead,M.Tech,0,141723.0,2018-02-12,Hyderabad,1,Yes,No
EMP08610,Odika Pau,Male,48,Finance,Team Lead,BCA,4,56140.0,2017-06-22,Pune,5,No,No
EMP08611,Chatresh Deshmukh,Male,56,HR,Senior Analyst,M.Tech,13,51807.0,2022-09-10,Bangalore,2,Yes,No
EMP08612,Faris Patla,Male,59,IT,Analyst,MBA,17,105274.0,2019-12-20,Chennai,4,No,Yes
EMP08613,Max Issac,Female,47,Sales,Senior Analyst,MCA,20,37253.0,2025-03-24,Pune,3,No,No
EMP08614,Gaurang Bava,Male,39,HR,Senior Analyst,M.Tech,16,35731.0,2020-10-26,Mumbai,3,No,No
EMP08615,Damini Buch,Male,52,Sales,Manager,B.Tech,17,77218.0,2023-11-04,Chennai,3,No,Yes
EMP08616,Dev Brahmbhatt,Male,31,Sales,Senior Analyst,MCA,16,40529.0,2019-03-05,Pune,5,Yes,No
EMP08617,Raagini Doctor,Female,32,Finance,Analyst,MBA,8,97624.0,2019-11-25,Chennai,5,No,No
EMP08618,Owen Deshmukh,Male,43,Sales,Manager,M.Tech,10,88504.0,2020-03-07,Mumbai,1,No,No
EMP08619,Ekaraj Tripathi,Female,39,Finance,Analyst,M.Tech,6,46095.0,2016-10-14,Hyderabad,1,No,No
EMP08620,Gaurav Shenoy,Male,47,Marketing,Team Lead,MCA,11,77813.0,2024-05-19,Mumbai,5,No,No
EMP08621,Rudra Dugar,Female,29,HR,Manager,M.Tech,2,64979.0,2019-02-10,Mumbai,5,Yes,No
EMP08622,Xiti Ganesan,Male,58,HR,Team Lead,M.Tech,11,37400.0,2023-02-21,Chennai,1,No,No
EMP08623,Chakradev Gade,Female,51,IT,Analyst,B.Tech,10,96456.0,2021-05-02,Hyderabad,3,Yes,No
EMP08624,Faris Dhar,Male,59,Sales,Analyst,MCA,15,74649.0,2024-05-04,Mumbai,5,No,No
EMP08625,Ekantika Sampath,Male,25,Marketing,Team Lead,BCA,1,85650.0,2019-01-20,Bangalore,1,No,No
EMP08626,Karan Nigam,Female,32,Marketing,Team Lead,M.Tech,5,73507.0,2021-05-22,Pune,1,No,No
EMP08627,Darpan Viswanathan,Female,35,IT,Senior Analyst,MBA,18,76560.0,2019-07-02,Bangalore,5,Yes,No
EMP08628,Fiyaz Dada,Male,34,Marketing,Team Lead,MBA,5,70103.0,2026-08-01,Pune,4,No,No
EMP08629,Warda Nori,Male,25,Sales,Senior Analyst,MBA,9,99520.0,2018-08-11,Hyderabad,4,No,No
EMP08630,Nidhi Kalita,Female,57,Marketing,Analyst,MBA,1,35789.0,2025-03-07,Mumbai,3,No,Yes
EMP08631,Samuel Chawla,Male,27,IT,Manager,B.Tech,13,95496.0,2025-03-16,Mumbai,5,Yes,No
EMP08632,Jai Gill,Male,25,IT,Manager,M.Tech,18,110801.0,2023-09-14,Mumbai,2,No,No
EMP08633,Jason Lanka,Male,44,Finance,Analyst,M.Tech,14,51702.0,2019-12-06,Mumbai,3,Yes,No
EMP08634,Saanvi Chada,Female,48,Marketing,Team Lead,MCA,1,50589.0,2017-10-21,Mumbai,4,No,Yes
EMP08635,Harish Parekh,Female,35,IT,Manager,MCA,9,92421.0,2017-05-15,Bangalore,3,No,No
EMP08636,Alexander Keer,Male,22,Sales,Senior Analyst,BCA,7,68243.0,2018-06-16,Hyderabad,3,Yes,No
EMP08637,Nakul Rama,Male,54,IT,Senior Analyst,B.Tech,5,86738.0,2025-03-25,Mumbai,1,Yes,No
EMP08638,Reva Tank,Female,36,Marketing,Team Lead,BCA,20,65625.0,2024-05-16,Bangalore,4,Yes,No
EMP08639,Aradhana Deol,Female,55,Finance,Manager,MCA,2,105457.0,2018-07-06,Mumbai,4,Yes,No
EMP08640,Yasti Behl,Male,35,Marketing,Analyst,BCA,10,66093.0,2017-04-19,Chennai,3,No,No
EMP08641,Manthan Jain,Male,43,Marketing,Senior Analyst,MBA,18,61175.0,2022-10-17,Bangalore,4,No,No
EMP08642,Gautam Madan,Male,22,HR,Manager,MCA,7,67852.0,2021-11-22,Bangalore,3,Yes,No
EMP08643,Amol Bhasin,Female,22,HR,Team Lead,MBA,3,53988.0,2016-12-23,Hyderabad,5,Yes,No
EMP08644,Luke Gaba,Female,54,Sales,Senior Analyst,BCA,19,62760.0,2024-08-26,Bangalore,1,No,No
EMP08645,Peter Sethi,Female,54,IT,Analyst,B.Tech,13,86663.0,2026-02-20,Pune,4,No,Yes
EMP08646,Vasudha Date,Female,59,HR,Senior Analyst,BCA,2,37455.0,2016-09-15,Mumbai,2,Yes,No
EMP08647,Thomas Jaggi,Female,45,Finance,Senior Analyst,MCA,1,111583.0,2022-06-10,Bangalore,5,No,No
EMP08648,Elijah Sankaran,Female,51,Marketing,Manager,B.Tech,13,49040.0,2025-11-16,Chennai,4,No,No
EMP08649,Sai Wagle,Male,43,IT,Senior Analyst,B.Tech,6,92020.0,2017-10-26,Hyderabad,3,No,No
EMP08650,Vincent Bansal,Female,47,Finance,Manager,BCA,11,107902.0,2017-04-28,Pune,2,Yes,No
EMP08651,Radha Mahal,Female,55,IT,Analyst,B.Tech,5,89758.0,2022-10-14,Hyderabad,4,Yes,No
EMP08652,Robert Rajagopalan,Female,29,HR,Manager,M.Tech,8,31987.0,2021-04-15,Mumbai,4,No,No
EMP08653,Aarna Vora,Female,57,Marketing,Manager,MBA,4,69360.0,2017-09-01,Bangalore,3,Yes,No
EMP08654,Aadi Dasgupta,Male,27,Finance,Team Lead,M.Tech,18,96711.0,2019-03-17,Mumbai,5,No,No
EMP08655,Rachita Chopra,Female,31,IT,Team Lead,B.Tech,0,59235.0,2021-01-19,Chennai,3,Yes,No
EMP08656,Ekapad Acharya,Male,26,Sales,Analyst,MBA,2,93615.0,2021-08-29,Pune,5,No,No
EMP08657,Agastya Gill,Male,25,HR,Manager,MCA,3,48453.0,2023-03-05,Mumbai,1,No,No
EMP08658,Shivani Zacharia,Male,25,Finance,Manager,B.Tech,13,100060.0,2024-07-30,Bangalore,2,Yes,No
EMP08659,Ekantika Vig,Female,50,HR,Senior Analyst,M.Tech,10,65316.0,2019-06-02,Hyderabad,5,No,No
EMP08660,Xavier Sharma,Female,52,Marketing,Team Lead,MCA,15,41737.0,2026-06-11,Bangalore,3,No,No
EMP08661,Ojasvi Bains,Female,43,Marketing,Analyst,M.Tech,1,54042.0,2026-04-17,Pune,2,Yes,No
EMP08662,Naveen Bhat,Female,46,Finance,Manager,M.Tech,18,67713.0,2021-01-21,Chennai,4,Yes,Yes
EMP08663,Indira Purohit,Male,46,Finance,Analyst,MBA,10,76031.0,2020-02-27,Chennai,5,No,Yes
EMP08664,Amrita Thakkar,Male,52,Sales,Analyst,B.Tech,8,78336.0,2020-05-21,Bangalore,2,No,No
EMP08665,Vasudha Swamy,Male,60,Marketing,Analyst,BCA,15,49608.0,2023-11-12,Pune,5,No,No
EMP08666,Tanay Bora,Male,37,HR,Team Lead,M.Tech,1,37479.0,2022-05-01,Chennai,3,Yes,No
EMP08667,Daksh Zacharia,Male,42,HR,Senior Analyst,MCA,15,47855.0,2022-04-08,Bangalore,3,Yes,No
EMP08668,Rishi Sani,Male,41,Marketing,Analyst,MBA,16,52731.0,2026-04-26,Pune,3,Yes,Yes
EMP08669,Darika Choudhury,Female,36,IT,Manager,M.Tech,19,73505.0,2017-01-24,Chennai,2,Yes,No
EMP08670,Warjas Gandhi,Male,41,Sales,Team Lead,B.Tech,0,69084.0,2020-06-24,Mumbai,5,Yes,Yes
EMP08671,Sanya Jani,Female,23,Sales,Manager,B.Tech,6,31002.0,2017-12-16,Mumbai,5,No,No
EMP08672,Samuel Sanghvi,Female,27,Marketing,Manager,MCA,16,55201.0,2021-07-15,Chennai,1,No,No
EMP08673,Jasmit Kibe,Female,23,IT,Manager,BCA,6,92765.0,2025-12-04,Bangalore,3,Yes,No
EMP08674,Manthan Mishra,Female,40,HR,Manager,M.Tech,11,66537.0,2017-11-25,Chennai,1,Yes,No
EMP08675,Gautam Gaba,Male,45,IT,Manager,MBA,0,104763.0,2026-01-09,Hyderabad,5,No,No
EMP08676,Ridhi Sidhu,Male,50,Marketing,Analyst,M.Tech,6,76189.0,2019-06-06,Hyderabad,3,No,No
EMP08677,Aahana Lanka,Male,25,Finance,Senior Analyst,MCA,6,45939.0,2022-12-27,Hyderabad,5,No,No
EMP08678,Aachal Karan,Male,34,Sales,Team Lead,BCA,14,58687.0,2018-12-03,Chennai,2,Yes,No
EMP08679,Abeer Shenoy,Female,45,Sales,Manager,M.Tech,1,63387.0,2025-11-03,Pune,4,No,No
EMP08680,Qabil Kohli,Male,30,Finance,Team Lead,BCA,4,102746.0,2016-12-01,Bangalore,2,Yes,No
EMP08681,Chandresh Gandhi,Male,58,Finance,Manager,M.Tech,11,77146.0,2021-05-11,Pune,1,Yes,No
EMP08682,Indrajit Bahl,Female,45,Finance,Team Lead,M.Tech,11,68671.0,2021-01-29,Mumbai,2,Yes,No
EMP08683,Pushti Aggarwal,Male,29,Marketing,Senior Analyst,B.Tech,12,65389.0,2026-08-04,Pune,3,Yes,No
EMP08684,Laban Sahni,Female,36,Finance,Senior Analyst,MBA,11,118732.0,2023-07-03,Chennai,2,No,No
EMP08685,Arya Rajagopalan,Female,30,Finance,Senior Analyst,MBA,16,91012.0,2021-02-09,Bangalore,3,No,No
EMP08686,Dipta Reddy,Male,55,Sales,Team Lead,B.Tech,3,54961.0,2022-11-01,Chennai,4,Yes,Yes
EMP08687,Bhavika Dash,Female,44,IT,Manager,MBA,6,97164.0,2021-11-24,Pune,1,Yes,No
EMP08688,Tejas Kota,Male,25,Marketing,Analyst,BCA,14,89138.0,2022-03-12,Bangalore,5,Yes,No
EMP08689,Madhavi Butala,Female,57,Marketing,Senior Analyst,BCA,10,36900.0,2026-01-04,Mumbai,2,Yes,No
EMP08690,Omisha Deshpande,Male,54,IT,Manager,MBA,14,125494.0,2019-01-10,Mumbai,5,Yes,Yes
EMP08691,Siddharth Bava,Male,39,Marketing,Manager,B.Tech,15,54477.0,2022-07-08,Chennai,2,Yes,No
EMP08692,Dakshesh Wadhwa,Male,48,IT,Senior Analyst,B.Tech,1,125125.0,2024-07-19,Mumbai,4,Yes,No
EMP08693,Kala Krishnan,Female,39,Finance,Senior Analyst,BCA,1,65248.0,2019-06-02,Chennai,5,Yes,No
EMP08694,Watika Mani,Female,23,Finance,Analyst,M.Tech,14,54561.0,2020-11-11,Hyderabad,2,No,No
EMP08695,Atharv Kar,Male,25,Sales,Senior Analyst,B.Tech,2,49961.0,2024-08-10,Mumbai,2,Yes,Yes
EMP08696,Bhavya Basak,Female,31,Sales,Team Lead,BCA,13,48888.0,2025-06-12,Bangalore,1,No,Yes
EMP08697,Vaishnavi Virk,Female,38,Sales,Manager,B.Tech,5,77487.0,2019-06-20,Mumbai,2,Yes,No
EMP08698,Zayyan Maharaj,Female,49,HR,Senior Analyst,M.Tech,12,61174.0,2025-02-09,Bangalore,5,No,No
EMP08699,Abha Gole,Female,41,Finance,Analyst,M.Tech,0,89767.0,2025-12-16,Pune,4,No,No
EMP08700,Ekansh Sane,Female,53,IT,Manager,M.Tech,0,54846.0,2020-08-28,Chennai,4,Yes,No
EMP08701,Vaishnavi Mitter,Male,41,IT,Senior Analyst,M.Tech,13,86844.0,2018-04-26,Mumbai,4,No,No
EMP08702,Lucky Jhaveri,Female,47,Sales,Senior Analyst,BCA,6,81722.0,2018-05-17,Chennai,2,No,No
EMP08703,Sanaya Nigam,Female,35,HR,Analyst,M.Tech,14,79602.0,2019-03-23,Hyderabad,5,Yes,No
EMP08704,Gavin Chakrabarti,Female,25,HR,Manager,M.Tech,2,44672.0,2022-10-10,Hyderabad,4,No,No
EMP08705,Upadhriti Basak,Male,30,Finance,Team Lead,MCA,4,65849.0,2023-07-20,Pune,4,Yes,No
EMP08706,Lakshit Srinivas,Male,46,Marketing,Manager,M.Tech,12,78044.0,2020-03-15,Bangalore,5,No,No
EMP08707,Kamala Wali,Male,22,Finance,Senior Analyst,MCA,18,96527.0,2024-05-31,Bangalore,3,No,No
EMP08708,Vansha Zacharia,Female,56,Sales,Team Lead,MBA,18,86694.0,2023-01-25,Bangalore,4,No,No
EMP08709,Victor Das,Female,49,Sales,Team Lead,M.Tech,12,67600.0,2026-06-29,Hyderabad,1,Yes,No
EMP08710,Tanay Loke,Female,40,Marketing,Analyst,B.Tech,2,56378.0,2024-09-13,Hyderabad,3,No,No
EMP08711,Zayyan Ahuja,Male,56,HR,Team Lead,M.Tech,13,48464.0,2023-10-01,Pune,3,Yes,No
EMP08712,Anita Mallick,Male,57,Sales,Analyst,MBA,19,78033.0,2025-05-12,Bangalore,3,No,No
EMP08713,Riya Sant,Male,48,IT,Manager,MBA,10,68272.0,2022-07-03,Mumbai,1,No,No
EMP08714,Faras Rana,Male,31,Finance,Team Lead,MBA,14,73806.0,2020-08-29,Mumbai,3,No,No
EMP08715,Robert Thakur,Male,24,IT,Manager,MCA,10,137934.0,2017-01-31,Bangalore,3,No,No
EMP08716,Luke Ahluwalia,Male,23,HR,Team Lead,B.Tech,0,41778.0,2019-03-23,Chennai,2,No,No
EMP08717,Girish Kakar,Female,49,HR,Analyst,MCA,18,55486.0,2023-01-18,Hyderabad,4,Yes,No
EMP08718,Yash Tata,Male,59,Sales,Analyst,BCA,13,82069.0,2022-07-27,Bangalore,4,Yes,No
EMP08719,Darsh Master,Male,52,Finance,Manager,MCA,17,61450.0,2025-10-02,Hyderabad,5,No,No
EMP08720,Pranit Yogi,Female,51,IT,Team Lead,BCA,12,111380.0,2021-08-16,Chennai,1,Yes,No
EMP08721,Gavin Thakkar,Female,56,Marketing,Manager,BCA,14,78100.0,2022-10-25,Hyderabad,2,Yes,No
EMP08722,Rushil Nair,Male,55,Marketing,Analyst,BCA,15,58170.0,2025-07-27,Pune,4,No,No
EMP08723,Odika Apte,Female,35,Sales,Analyst,MCA,2,98061.0,2022-01-06,Bangalore,3,No,No
EMP08724,Ikbal Viswanathan,Male,24,Marketing,Analyst,M.Tech,6,72089.0,2020-12-21,Chennai,3,No,Yes
EMP08725,Yash Kakar,Male,39,Marketing,Analyst,MCA,14,72834.0,2025-06-02,Chennai,3,Yes,No
EMP08726,Advay Kant,Male,26,Marketing,Team Lead,M.Tech,18,52355.0,2018-09-15,Chennai,4,Yes,No
EMP08727,Alexander Wable,Male,52,Marketing,Senior Analyst,M.Tech,5,84155.0,2021-06-14,Hyderabad,4,Yes,No
EMP08728,Inaya Goel,Female,52,Finance,Team Lead,M.Tech,6,81983.0,2025-07-17,Pune,5,Yes,No
EMP08729,Ridhi Kalita,Male,50,IT,Team Lead,MBA,18,112601.0,2020-02-25,Mumbai,2,No,No
EMP08730,Anmol Gupta,Male,46,IT,Manager,MCA,16,99007.0,2025-02-19,Bangalore,3,Yes,No
EMP08731,Urvashi Saraf,Male,28,Sales,Manager,MBA,8,68105.0,2024-05-10,Bangalore,4,Yes,No
EMP08732,Timothy Pandit,Male,58,HR,Analyst,B.Tech,1,42021.0,2021-06-12,Hyderabad,1,Yes,No
EMP08733,Chaaya Chahal,Male,33,Finance,Manager,B.Tech,4,91834.0,2026-05-01,Pune,3,No,No
EMP08734,Ekbal More,Male,30,Marketing,Senior Analyst,BCA,7,42752.0,2023-08-15,Bangalore,1,No,No
EMP08735,Bahadurjit Dani,Male,41,Marketing,Team Lead,BCA,12,70110.0,2025-07-17,Mumbai,3,No,No
EMP08736,Maanav Shanker,Female,57,Marketing,Manager,MBA,20,40099.0,2017-08-04,Mumbai,1,Yes,No
EMP08737,Aashi Karan,Female,35,IT,Manager,MBA,10,102383.0,2024-08-01,Bangalore,1,No,No
EMP08738,Naveen Sekhon,Male,41,HR,Team Lead,MBA,16,68844.0,2016-11-05,Hyderabad,3,No,No
EMP08739,Amol Sarin,Male,53,HR,Senior Analyst,BCA,2,35882.0,2026-02-04,Chennai,4,Yes,No
EMP08740,Aishani Som,Male,52,Sales,Team Lead,B.Tech,15,92673.0,2025-03-17,Hyderabad,2,No,No
EMP08741,Wriddhish Sathe,Male,59,Finance,Team Lead,MBA,11,104140.0,2023-02-04,Bangalore,1,Yes,No
EMP08742,Bishakha Mukhopadhyay,Female,33,Marketing,Manager,M.Tech,17,80066.0,2018-02-19,Hyderabad,2,No,No
EMP08743,Januja Dugar,Female,25,Finance,Manager,B.Tech,5,100922.0,2023-05-01,Chennai,5,Yes,No
EMP08744,Ekta Prakash,Male,56,Marketing,Analyst,MBA,15,50814.0,2020-10-01,Mumbai,4,No,No
EMP08745,Jagat Hegde,Female,44,IT,Team Lead,M.Tech,14,123524.0,2024-08-22,Mumbai,5,Yes,No
EMP08746,Balvan Ahluwalia,Female,44,HR,Senior Analyst,B.Tech,10,49625.0,2024-09-11,Mumbai,5,No,No
EMP08747,Priya Parikh,Female,57,Sales,Manager,BCA,7,62459.0,2022-07-30,Bangalore,1,Yes,No
EMP08748,Watika Gour,Female,49,Sales,Manager,BCA,12,98965.0,2021-12-11,Pune,4,No,Yes
EMP08749,Anita Sandal,Female,23,HR,Team Lead,MCA,4,60585.0,2023-05-23,Pune,1,Yes,No
EMP08750,Mohini Randhawa,Female,30,Sales,Team Lead,MCA,17,66109.0,2026-06-18,Pune,3,No,Yes
EMP08751,Chaman Narayan,Female,22,Finance,Senior Analyst,MBA,18,61419.0,2022-02-16,Mumbai,5,Yes,No
EMP08752,Aryan Sankaran,Female,57,HR,Team Lead,B.Tech,2,36572.0,2024-10-13,Hyderabad,5,Yes,No
EMP08753,Darika Narayanan,Female,44,Marketing,Analyst,M.Tech,11,63719.0,2019-11-21,Pune,2,No,No
EMP08754,Zarna Bhatnagar,Male,25,Finance,Analyst,BCA,6,52882.0,2022-10-27,Hyderabad,5,Yes,No
EMP08755,Hemal Korpal,Male,49,IT,Analyst,BCA,14,85765.0,2020-04-15,Mumbai,1,Yes,No
EMP08756,Frado Bhat,Female,31,HR,Team Lead,MCA,2,39095.0,2021-11-26,Chennai,3,No,No
EMP08757,Tanay Tiwari,Female,40,HR,Analyst,MBA,5,56584.0,2021-02-21,Chennai,2,No,No
EMP08758,Ridhi Gola,Male,38,HR,Team Lead,MCA,20,35735.0,2023-03-28,Pune,3,No,No
EMP08759,Chakradev Rege,Male,45,IT,Team Lead,BCA,13,54588.0,2016-10-07,Chennai,1,Yes,No
EMP08760,Frederick Dash,Female,58,Marketing,Analyst,BCA,16,75539.0,2020-05-15,Bangalore,4,No,No
EMP08761,Luke Bhagat,Female,36,HR,Analyst,MCA,2,51986.0,2019-02-14,Pune,1,Yes,No
EMP08762,Bachittar Comar,Female,32,HR,Team Lead,B.Tech,3,54280.0,2022-07-01,Hyderabad,2,Yes,No
EMP08763,Devika Dugar,Female,41,Marketing,Senior Analyst,M.Tech,20,79169.0,2023-04-01,Bangalore,5,Yes,Yes
EMP08764,Nihal Deol,Female,25,IT,Analyst,MBA,3,62177.0,2017-04-27,Hyderabad,2,No,No
EMP08765,Niharika Arora,Female,32,Sales,Manager,M.Tech,12,95366.0,2018-09-15,Mumbai,1,Yes,No
EMP08766,Kashish Kuruvilla,Female,38,Finance,Senior Analyst,B.Tech,16,56189.0,2017-02-02,Mumbai,2,Yes,No
EMP08767,Hiral Comar,Male,39,Marketing,Analyst,M.Tech,13,74887.0,2026-03-14,Mumbai,1,No,No
EMP08768,Vedhika Ahuja,Female,60,IT,Analyst,M.Tech,20,52271.0,2020-08-29,Chennai,4,Yes,No
EMP08769,Thomas Bumb,Female,52,Finance,Senior Analyst,BCA,9,80533.0,2025-08-10,Chennai,2,Yes,No
EMP08770,Yauvani Bassi,Female,41,Sales,Senior Analyst,BCA,11,77974.0,2022-02-22,Hyderabad,3,No,Yes
EMP08771,Dakshesh Talwar,Female,59,Finance,Team Lead,B.Tech,9,65242.0,2018-08-10,Pune,2,Yes,No
EMP08772,Shivani Vaidya,Male,40,Sales,Senior Analyst,MCA,4,36786.0,2018-04-08,Mumbai,3,Yes,No
EMP08773,Manthan Agrawal,Male,52,HR,Analyst,MBA,20,69306.0,2025-09-28,Chennai,2,Yes,No
EMP08774,Tara Shankar,Female,47,Sales,Senior Analyst,B.Tech,8,44321.0,2018-10-28,Hyderabad,4,No,No
EMP08775,Aryan Ravel,Male,49,Sales,Manager,MCA,19,58719.0,2022-03-27,Mumbai,3,Yes,Yes
EMP08776,Amrita Mitter,Male,45,Sales,Manager,MBA,15,51922.0,2019-09-11,Pune,1,Yes,No
EMP08777,Udyati Brar,Male,29,Finance,Manager,MCA,18,100771.0,2023-09-24,Pune,2,Yes,No
EMP08778,Nathan Bhagat,Female,26,Finance,Team Lead,MCA,0,55401.0,2025-03-12,Bangalore,1,No,No
EMP08779,Triya Talwar,Female,54,IT,Manager,BCA,14,113907.0,2025-01-31,Hyderabad,2,No,No
EMP08780,Gaurav Deep,Female,25,Marketing,Analyst,BCA,14,59817.0,2026-02-11,Mumbai,4,Yes,No
EMP08781,Fariq Parsa,Male,45,HR,Senior Analyst,MBA,7,55425.0,2020-04-16,Mumbai,4,Yes,No
EMP08782,Falguni Kashyap,Male,29,IT,Manager,M.Tech,14,57971.0,2018-06-29,Mumbai,5,No,No
EMP08783,Peter Grover,Male,36,Marketing,Analyst,MBA,1,51053.0,2018-04-03,Pune,5,No,No
EMP08784,Abha Ramanathan,Male,53,Marketing,Analyst,MCA,12,51732.0,2022-03-12,Mumbai,1,Yes,No
EMP08785,Finn Singh,Female,24,IT,Analyst,BCA,15,62348.0,2022-07-24,Mumbai,5,No,No
EMP08786,Ayaan Rastogi,Male,27,Marketing,Analyst,B.Tech,15,46001.0,2016-10-07,Mumbai,4,Yes,No
EMP08787,Zaitra Mangal,Female,28,IT,Manager,M.Tech,6,60113.0,2018-02-06,Bangalore,3,No,No
EMP08788,Eta Rattan,Female,38,Marketing,Senior Analyst,B.Tech,3,35618.0,2023-10-29,Chennai,2,Yes,No
EMP08789,Kamya Chaudhary,Male,31,Sales,Team Lead,MCA,5,64284.0,2017-02-23,Hyderabad,5,No,No
EMP08790,Isaac Raghavan,Male,24,IT,Senior Analyst,MCA,11,81500.0,2018-10-28,Bangalore,5,No,No
EMP08791,Damini Purohit,Female,48,Sales,Team Lead,MCA,5,81773.0,2018-05-20,Hyderabad,1,Yes,Yes
EMP08792,Zaid Thakur,Female,37,HR,Manager,MBA,20,76240.0,2023-07-12,Pune,1,Yes,No
EMP08793,Matthew Deshmukh,Female,30,Marketing,Senior Analyst,BCA,8,46307.0,2026-06-19,Pune,2,Yes,No
EMP08794,Chandresh Pillai,Male,36,IT,Analyst,MCA,20,50754.0,2021-06-09,Bangalore,3,No,No
EMP08795,Lohit Dayal,Female,44,Marketing,Manager,B.Tech,4,65779.0,2025-07-07,Pune,4,No,No
EMP08796,Ayaan Ramanathan,Female,60,HR,Senior Analyst,MCA,13,61508.0,2021-04-03,Bangalore,5,Yes,No
EMP08797,Eesha Babu,Female,47,Finance,Analyst,MBA,14,77363.0,2024-10-13,Hyderabad,3,Yes,No
EMP08798,Dakshesh Mann,Female,40,Finance,Team Lead,BCA,15,65971.0,2021-05-17,Pune,2,No,No
EMP08799,Zayan Shroff,Male,41,Finance,Team Lead,BCA,1,114065.0,2022-02-26,Bangalore,5,No,No
EMP08800,Liam Sampath,Female,34,IT,Manager,M.Tech,9,125867.0,2023-06-09,Mumbai,3,No,No
EMP08801,Zilmil Manda,Male,37,Finance,Team Lead,M.Tech,2,112670.0,2025-01-17,Hyderabad,1,No,No
EMP08802,Pavani Bhandari,Male,28,Finance,Analyst,M.Tech,11,87435.0,2018-12-13,Hyderabad,5,Yes,No
EMP08803,William Shankar,Female,36,Marketing,Manager,MBA,11,59791.0,2019-05-31,Mumbai,5,Yes,No
EMP08804,Dhriti Hayer,Male,35,IT,Analyst,MCA,18,103799.0,2018-10-22,Hyderabad,1,Yes,No
EMP08805,Oeshi Kapadia,Male,39,HR,Team Lead,MCA,10,45840.0,2018-08-17,Pune,1,No,No
EMP08806,Vivaan Shan,Male,33,HR,Team Lead,M.Tech,2,34782.0,2018-02-28,Chennai,4,No,No
EMP08807,Anya Rajan,Male,34,Marketing,Team Lead,B.Tech,11,61922.0,2023-09-28,Bangalore,1,Yes,Yes
EMP08808,Imaran Lad,Female,45,Finance,Manager,MBA,6,73065.0,2020-06-05,Mumbai,5,No,No
EMP08809,Simon Ahuja,Female,45,Finance,Analyst,MCA,12,58339.0,2025-06-02,Mumbai,2,No,No
EMP08810,Anmol Jayaraman,Female,60,IT,Analyst,BCA,0,57909.0,2025-05-10,Pune,1,Yes,No
EMP08811,Omya Rattan,Male,48,HR,Manager,MBA,13,56667.0,2025-04-08,Bangalore,1,Yes,No
EMP08812,Yashawini Sarraf,Female,45,IT,Analyst,M.Tech,2,62048.0,2025-07-20,Mumbai,5,Yes,No
EMP08813,Siya Seth,Male,28,Sales,Analyst,BCA,14,90089.0,2019-12-21,Chennai,1,Yes,No
EMP08814,Luke Dora,Female,59,HR,Manager,B.Tech,0,79125.0,2023-02-23,Chennai,1,No,No
EMP08815,Sara Deep,Female,29,IT,Team Lead,BCA,5,86489.0,2018-05-02,Hyderabad,2,Yes,No
EMP08816,Bimala Mani,Female,24,HR,Analyst,BCA,13,58349.0,2021-11-30,Chennai,1,No,No
EMP08817,Irya Chana,Male,39,Finance,Team Lead,MBA,18,83687.0,2021-05-11,Mumbai,5,No,No
EMP08818,Anirudh Viswanathan,Female,26,Finance,Senior Analyst,BCA,3,78845.0,2026-06-13,Bangalore,3,No,No
EMP08819,Balveer Gandhi,Female,36,IT,Manager,MCA,10,116658.0,2025-09-26,Chennai,5,No,No
EMP08820,Janya Garde,Female,38,Marketing,Senior Analyst,BCA,12,75592.0,2019-12-05,Hyderabad,4,Yes,No
EMP08821,Watika Bajwa,Female,49,IT,Analyst,M.Tech,14,145154.0,2025-08-27,Pune,1,Yes,No
EMP08822,Darika Saraf,Male,41,IT,Team Lead,MBA,11,84336.0,2023-05-12,Chennai,5,Yes,Yes
EMP08823,Darpan Mohanty,Male,26,Sales,Team Lead,MBA,9,38833.0,2021-01-18,Bangalore,4,No,No
EMP08824,Anita Bora,Female,35,Marketing,Senior Analyst,M.Tech,2,71748.0,2019-08-31,Pune,4,No,No
EMP08825,Dominic Bir,Female,53,Finance,Manager,MBA,13,90750.0,2023-12-22,Pune,3,No,Yes
EMP08826,Yashoda Narain,Female,52,HR,Senior Analyst,B.Tech,2,46124.0,2022-08-11,Chennai,2,No,No
EMP08827,Krish Barad,Male,34,Marketing,Manager,MCA,8,82676.0,2023-05-03,Bangalore,3,Yes,No
EMP08828,Jagat Kade,Male,32,Finance,Senior Analyst,M.Tech,2,102544.0,2023-09-30,Hyderabad,4,Yes,No
EMP08829,Eshana Parmar,Male,25,HR,Senior Analyst,M.Tech,16,37180.0,2022-09-23,Chennai,2,No,No
EMP08830,Leena Varughese,Female,46,IT,Senior Analyst,M.Tech,6,103531.0,2026-06-15,Pune,2,Yes,No
EMP08831,Edhitha Dewan,Female,38,Sales,Team Lead,B.Tech,4,59070.0,2021-07-19,Bangalore,5,Yes,Yes
EMP08832,Panini Koshy,Male,50,Finance,Senior Analyst,BCA,0,108471.0,2023-05-14,Bangalore,4,Yes,No
EMP08833,Chandani Aggarwal,Male,34,IT,Manager,BCA,4,87742.0,2018-03-26,Hyderabad,4,Yes,No
EMP08834,Ishwar Mann,Female,50,Marketing,Team Lead,M.Tech,4,65822.0,2016-11-10,Pune,5,No,No
EMP08835,Farhan Vig,Male,24,Sales,Senior Analyst,BCA,11,50912.0,2021-09-05,Mumbai,5,Yes,No
EMP08836,Rudra Badal,Female,33,Marketing,Senior Analyst,BCA,18,61330.0,2018-12-21,Hyderabad,2,No,No
EMP08837,Anamika Om,Female,23,Marketing,Senior Analyst,M.Tech,13,46535.0,2019-02-17,Pune,1,No,No
EMP08838,Netra Sule,Male,25,Sales,Analyst,MBA,17,79951.0,2025-04-06,Hyderabad,2,Yes,No
EMP08839,Tamanna Patla,Male,28,IT,Senior Analyst,M.Tech,1,90829.0,2024-12-28,Chennai,1,No,No
EMP08840,Noah Kar,Female,47,HR,Analyst,MCA,6,37399.0,2026-01-31,Hyderabad,1,No,No
EMP08841,Orinder Koshy,Male,39,HR,Senior Analyst,MCA,3,47311.0,2025-01-22,Hyderabad,1,No,No
EMP08842,Kai Dhillon,Male,29,IT,Senior Analyst,M.Tech,3,92011.0,2026-04-23,Pune,1,No,No
EMP08843,Ikbal Chaudhuri,Female,44,HR,Senior Analyst,MCA,14,61418.0,2026-03-03,Hyderabad,2,No,No
EMP08844,Krishna Hari,Female,44,HR,Team Lead,MBA,10,47532.0,2020-02-22,Chennai,2,No,No
EMP08845,Samarth Mannan,Female,28,Marketing,Manager,MCA,5,73951.0,2025-03-09,Hyderabad,5,Yes,No
EMP08846,Harrison Dhingra,Female,30,Marketing,Team Lead,MCA,3,64177.0,2022-02-07,Mumbai,3,Yes,Yes
EMP08847,Gaurav Pillai,Female,50,HR,Senior Analyst,BCA,9,73872.0,2020-04-21,Mumbai,2,No,No
EMP08848,Baghyawati Mahal,Male,33,Finance,Manager,MCA,2,47662.0,2021-11-09,Mumbai,1,No,No
EMP08849,Ojas Gupta,Female,30,IT,Team Lead,BCA,13,107221.0,2024-11-02,Pune,3,No,No
EMP08850,Aarnav Ramanathan,Female,59,HR,Senior Analyst,B.Tech,18,59385.0,2020-01-09,Mumbai,3,Yes,No
EMP08851,Vinaya Din,Female,29,Marketing,Team Lead,MCA,13,45868.0,2018-02-05,Hyderabad,5,No,No
EMP08852,Harini Narang,Male,55,Finance,Team Lead,MBA,18,104166.0,2018-12-10,Hyderabad,4,No,No
EMP08853,Gagan Dube,Female,26,Marketing,Analyst,B.Tech,5,67366.0,2025-10-31,Bangalore,4,No,No
EMP08854,Manya Tara,Female,45,IT,Analyst,MCA,10,147252.0,2025-02-02,Mumbai,4,Yes,No
EMP08855,Saumya Nair,Female,24,Marketing,Analyst,BCA,14,45635.0,2021-07-12,Chennai,4,No,No
EMP08856,Omisha Dhaliwal,Male,44,Sales,Manager,BCA,20,75985.0,2024-08-02,Hyderabad,1,Yes,No
EMP08857,Vedika Agarwal,Female,47,Marketing,Team Lead,M.Tech,14,48523.0,2025-07-13,Bangalore,5,Yes,No
EMP08858,Damini Patla,Female,36,Sales,Team Lead,MBA,20,61028.0,2017-09-29,Pune,1,Yes,No
EMP08859,Farhan Bhargava,Male,23,HR,Manager,BCA,9,76560.0,2017-12-19,Hyderabad,1,No,Yes
EMP08860,Laksh Bahl,Female,55,Sales,Senior Analyst,MBA,20,54289.0,2024-01-06,Chennai,2,No,No
EMP08861,Yashica Sengupta,Female,34,Finance,Manager,MCA,1,112599.0,2026-07-22,Pune,4,No,No
EMP08862,Lopa Palan,Male,24,Sales,Team Lead,B.Tech,13,37794.0,2022-07-19,Mumbai,5,Yes,Yes
EMP08863,Udant Bhatnagar,Female,55,IT,Manager,MCA,13,132090.0,2022-02-28,Bangalore,3,No,No
EMP08864,Darsh Kalita,Male,22,IT,Team Lead,M.Tech,1,68361.0,2019-09-07,Pune,1,Yes,No
EMP08865,Rachita Patla,Female,38,Sales,Analyst,BCA,9,38936.0,2024-11-27,Chennai,4,No,No
EMP08866,Vincent Pandit,Female,39,Marketing,Team Lead,M.Tech,11,36307.0,2020-03-18,Hyderabad,3,Yes,No
EMP08867,Unni Prasad,Male,34,IT,Team Lead,MCA,10,118142.0,2026-02-01,Bangalore,2,No,No
EMP08868,Karan Dar,Male,57,Sales,Manager,MCA,0,33368.0,2022-12-12,Pune,5,No,No
EMP08869,Samar Konda,Female,39,Marketing,Senior Analyst,BCA,1,60731.0,2025-09-21,Chennai,4,Yes,No
EMP08870,Januja Doshi,Female,56,Marketing,Manager,B.Tech,15,55562.0,2022-06-20,Chennai,2,Yes,Yes
EMP08871,Urvi Rana,Female,38,Marketing,Team Lead,MCA,9,68415.0,2021-08-18,Mumbai,3,Yes,Yes
EMP08872,Urishilla Devan,Male,39,IT,Manager,MCA,13,99661.0,2019-11-27,Hyderabad,2,Yes,No
EMP08873,Kashvi Lanka,Male,44,Marketing,Analyst,M.Tech,19,39606.0,2021-06-26,Chennai,1,No,No
EMP08874,Faraj Nanda,Male,31,IT,Senior Analyst,MCA,20,147577.0,2017-04-13,Mumbai,2,No,Yes
EMP08875,Harinakshi Butala,Male,23,IT,Senior Analyst,M.Tech,19,140886.0,2021-11-25,Chennai,2,Yes,No
EMP08876,Vrinda Batra,Male,32,Marketing,Team Lead,BCA,19,82393.0,2017-11-22,Bangalore,4,Yes,No
EMP08877,Kashvi Babu,Male,32,Finance,Team Lead,BCA,20,72264.0,2023-11-29,Mumbai,1,Yes,No
EMP08878,Pranit Ahuja,Male,48,IT,Senior Analyst,B.Tech,5,66802.0,2026-07-24,Pune,3,Yes,No
EMP08879,Warjas Gaba,Female,56,Sales,Analyst,BCA,5,44451.0,2021-04-26,Mumbai,5,Yes,Yes
EMP08880,Jatin Saha,Female,31,IT,Manager,BCA,1,79811.0,2020-09-13,Hyderabad,3,No,Yes
EMP08881,Reva Mohanty,Male,41,IT,Senior Analyst,M.Tech,17,133616.0,2019-04-27,Bangalore,4,No,No
EMP08882,Chasmum Khalsa,Female,42,Sales,Manager,MCA,8,34707.0,2023-06-04,Pune,3,Yes,No
EMP08883,Vasatika Dey,Female,32,Finance,Senior Analyst,BCA,9,96316.0,2016-11-28,Hyderabad,3,Yes,No
EMP08884,Damyanti Kar,Female,39,Marketing,Senior Analyst,MCA,3,77945.0,2022-12-02,Chennai,3,Yes,No
EMP08885,Dalbir Chaudhary,Male,55,IT,Analyst,BCA,9,122534.0,2017-07-31,Hyderabad,4,Yes,No
EMP08886,Aarav Murthy,Female,27,HR,Senior Analyst,BCA,20,45084.0,2020-10-29,Bangalore,2,Yes,No
EMP08887,Hritik Shan,Female,50,Finance,Senior Analyst,M.Tech,19,46147.0,2021-12-20,Pune,5,Yes,No
EMP08888,Zansi Kapadia,Male,52,IT,Team Lead,MCA,17,147792.0,2016-11-15,Bangalore,1,No,No
EMP08889,Anay Dua,Male,56,IT,Team Lead,MBA,14,70551.0,2017-05-24,Chennai,4,Yes,No
EMP08890,Nimrat Wason,Female,54,Marketing,Senior Analyst,MCA,16,39764.0,2022-11-12,Mumbai,3,Yes,No
EMP08891,Jason Char,Female,43,Sales,Analyst,B.Tech,20,42179.0,2022-05-08,Chennai,1,Yes,No
EMP08892,Vasudha Shah,Female,29,Marketing,Senior Analyst,MBA,2,74549.0,2018-01-18,Bangalore,5,Yes,No
EMP08893,Sachi Kant,Female,38,IT,Manager,MCA,18,117520.0,2021-02-19,Hyderabad,3,Yes,No
EMP08894,Kamya Sachdeva,Male,25,Finance,Team Lead,BCA,11,62634.0,2018-03-15,Chennai,2,Yes,No
EMP08895,Oviya Subramanian,Male,22,Sales,Senior Analyst,MCA,4,78576.0,2022-05-20,Hyderabad,3,Yes,No
EMP08896,Girindra Ravel,Female,55,Sales,Analyst,M.Tech,9,68585.0,2026-04-22,Pune,1,Yes,No
EMP08897,Jonathan Vohra,Male,28,HR,Analyst,MBA,0,64392.0,2025-06-15,Hyderabad,3,No,No
EMP08898,Saanvi Borra,Female,38,IT,Analyst,M.Tech,3,102267.0,2026-01-27,Hyderabad,5,No,No
EMP08899,Arin Munshi,Female,35,HR,Analyst,MBA,19,74762.0,2021-11-27,Chennai,1,No,No
EMP08900,Lipika Vasa,Male,28,HR,Analyst,BCA,0,37308.0,2020-09-23,Mumbai,3,Yes,No
EMP08901,Xalak Panchal,Female,54,Sales,Manager,MCA,13,91982.0,2023-03-22,Mumbai,1,No,No
EMP08902,David Chada,Male,39,Marketing,Senior Analyst,BCA,12,42754.0,2017-09-24,Bangalore,4,Yes,No
EMP08903,Watika Khosla,Female,47,HR,Senior Analyst,B.Tech,8,73375.0,2017-11-23,Bangalore,2,Yes,Yes
EMP08904,Avi Dyal,Female,58,HR,Team Lead,MCA,15,42705.0,2025-05-02,Mumbai,5,Yes,No
EMP08905,Nidra Mangal,Female,55,Sales,Team Lead,B.Tech,17,94145.0,2026-01-30,Bangalore,2,No,No
EMP08906,Teerth Ram,Male,48,IT,Team Lead,M.Tech,15,145835.0,2025-06-13,Mumbai,4,Yes,No
EMP08907,Qasim Dubey,Male,29,Sales,Team Lead,M.Tech,13,69858.0,2023-04-16,Bangalore,2,Yes,No
EMP08908,Chameli Randhawa,Female,32,Finance,Manager,B.Tech,1,119472.0,2017-10-07,Bangalore,4,Yes,No
EMP08909,Tripti Barad,Female,27,IT,Team Lead,MBA,10,111409.0,2019-03-05,Pune,2,No,No
EMP08910,Vrinda Bose,Female,38,Sales,Senior Analyst,BCA,20,44157.0,2018-08-20,Bangalore,4,No,No
EMP08911,Charvi Badami,Male,41,Sales,Senior Analyst,MCA,4,86350.0,2020-01-20,Chennai,1,Yes,No
EMP08912,Arya Swamy,Male,25,Sales,Senior Analyst,MBA,19,52479.0,2026-02-03,Mumbai,4,No,No
EMP08913,Karan Bhat,Female,47,HR,Analyst,MCA,16,70496.0,2016-11-27,Chennai,2,No,No
EMP08914,Lopa Mishra,Female,60,Sales,Manager,M.Tech,6,38045.0,2016-09-13,Chennai,4,Yes,No
EMP08915,Bakhshi Jain,Female,22,Sales,Analyst,BCA,14,80564.0,2018-03-03,Hyderabad,5,Yes,Yes
EMP08916,Ekaja Kapadia,Male,24,IT,Analyst,M.Tech,4,89274.0,2019-06-26,Mumbai,2,No,No
EMP08917,Yutika Chandra,Female,40,HR,Manager,BCA,6,50477.0,2025-08-21,Hyderabad,5,Yes,No
EMP08918,Charvi Mand,Female,49,Finance,Manager,M.Tech,5,75675.0,2025-11-12,Mumbai,4,Yes,No
EMP08919,Vihaan Tripathi,Female,50,Sales,Team Lead,M.Tech,13,97196.0,2021-09-01,Pune,3,Yes,No
EMP08920,Harish Ramaswamy,Female,25,Marketing,Senior Analyst,B.Tech,17,85647.0,2017-10-02,Chennai,4,Yes,No
EMP08921,Yashica Mital,Male,45,Marketing,Team Lead,M.Tech,4,45832.0,2018-09-07,Chennai,5,No,No
EMP08922,Bhavani Gill,Female,31,Finance,Team Lead,MBA,4,112532.0,2018-04-21,Mumbai,2,No,No
EMP08923,Wahab Koshy,Female,24,Sales,Team Lead,MCA,13,79517.0,2019-03-22,Hyderabad,4,Yes,No
EMP08924,Warda Narayanan,Male,26,Marketing,Senior Analyst,MCA,11,69497.0,2020-02-19,Bangalore,2,No,No
EMP08925,Zinal Zacharia,Female,51,IT,Analyst,MCA,15,137296.0,2024-02-24,Bangalore,4,Yes,No
EMP08926,Quincy Nagy,Female,39,HR,Analyst,BCA,20,64632.0,2019-08-23,Hyderabad,5,Yes,Yes
EMP08927,Abhimanyu Oommen,Male,40,Finance,Analyst,MCA,6,70018.0,2019-12-29,Chennai,5,No,No
EMP08928,Avi Vala,Female,45,IT,Senior Analyst,M.Tech,13,64537.0,2019-02-04,Mumbai,2,Yes,No
EMP08929,Vasana Biswas,Female,38,HR,Team Lead,MCA,10,62271.0,2019-11-11,Mumbai,2,No,No
EMP08930,Radhika Goswami,Female,33,Finance,Analyst,MCA,8,67478.0,2018-02-01,Hyderabad,5,Yes,No
EMP08931,Meera Vora,Female,28,Sales,Team Lead,MBA,10,57351.0,2022-05-17,Mumbai,4,No,Yes
EMP08932,Eta Johal,Male,37,IT,Team Lead,MCA,7,130789.0,2016-08-27,Hyderabad,2,No,No
EMP08933,Anya Kota,Male,37,Finance,Senior Analyst,BCA,11,112748.0,2025-10-21,Mumbai,4,No,No
EMP08934,Liam Bora,Female,32,Finance,Team Lead,MBA,20,68659.0,2020-11-13,Mumbai,3,No,No
EMP08935,Jatin Edwin,Female,43,Marketing,Team Lead,BCA,17,51878.0,2025-08-10,Mumbai,1,No,No
EMP08936,Vamakshi Bhagat,Male,48,IT,Team Lead,B.Tech,1,90972.0,2018-12-25,Mumbai,3,No,No
EMP08937,Varenya Khalsa,Female,36,IT,Analyst,BCA,10,126396.0,2023-01-01,Pune,1,Yes,No
EMP08938,Shaurya Magar,Female,50,Finance,Senior Analyst,M.Tech,11,99593.0,2024-03-23,Hyderabad,2,No,No
EMP08939,Harshil Andra,Male,30,Sales,Senior Analyst,BCA,11,57599.0,2022-04-22,Pune,2,Yes,No
EMP08940,Varsha Dani,Female,48,IT,Team Lead,B.Tech,0,94141.0,2019-08-22,Hyderabad,3,Yes,No
EMP08941,Zaitra Kurian,Female,40,IT,Analyst,MBA,18,86090.0,2019-05-19,Pune,5,No,No
EMP08942,Andrew Kothari,Male,29,Finance,Team Lead,B.Tech,5,80267.0,2023-10-11,Pune,4,Yes,No
EMP08943,Isaiah Baria,Female,49,HR,Senior Analyst,MCA,8,34909.0,2024-07-09,Mumbai,3,No,Yes
EMP08944,Darika Devi,Female,34,IT,Analyst,MCA,4,115684.0,2026-03-28,Pune,2,No,Yes
EMP08945,Mugdha Patla,Female,51,IT,Team Lead,M.Tech,20,53933.0,2024-01-25,Bangalore,3,Yes,No
EMP08946,Gaurav Nath,Female,35,IT,Senior Analyst,M.Tech,9,91742.0,2017-01-06,Pune,1,No,No
EMP08947,Jagdish Mane,Female,54,Finance,Analyst,M.Tech,8,101072.0,2016-10-06,Hyderabad,1,Yes,Yes
EMP08948,Xiti Roy,Male,53,Sales,Senior Analyst,B.Tech,13,76857.0,2018-10-30,Mumbai,5,No,Yes
EMP08949,Falguni Venkatesh,Male,36,Sales,Analyst,MCA,4,39008.0,2016-10-15,Mumbai,5,No,No
EMP08950,Wahab Shukla,Female,29,Sales,Senior Analyst,M.Tech,11,77992.0,2023-11-07,Mumbai,2,No,No
EMP08951,Charan Pal,Female,47,Sales,Senior Analyst,BCA,12,31928.0,2026-05-12,Hyderabad,5,Yes,No
EMP08952,William Dua,Female,43,Sales,Manager,MBA,4,96559.0,2023-03-13,Chennai,2,Yes,No
EMP08953,Ayush Sharaf,Male,39,Sales,Manager,M.Tech,20,65219.0,2016-11-30,Chennai,5,No,Yes
EMP08954,Ojas Misra,Male,51,IT,Manager,MCA,19,145920.0,2019-01-20,Bangalore,3,Yes,No
EMP08955,Vasudha Chanda,Male,47,IT,Manager,BCA,6,93072.0,2020-12-11,Chennai,4,No,Yes
EMP08956,Utkarsh Pandit,Male,37,Sales,Team Lead,M.Tech,18,84555.0,2021-01-30,Mumbai,2,No,No
EMP08957,Mason Kota,Male,27,IT,Senior Analyst,M.Tech,0,134593.0,2025-02-05,Bangalore,2,No,No
EMP08958,Anya Balakrishnan,Female,56,Sales,Manager,MCA,0,87625.0,2021-07-30,Pune,5,Yes,No
EMP08959,Jacob Ramakrishnan,Female,52,Sales,Team Lead,B.Tech,18,74771.0,2017-03-12,Pune,1,Yes,Yes
EMP08960,Lipika Saran,Male,23,IT,Manager,B.Tech,19,114539.0,2021-06-04,Pune,5,Yes,No
EMP08961,Pallavi Bahri,Female,34,HR,Team Lead,BCA,7,50039.0,2022-09-15,Pune,2,Yes,No
EMP08962,Adweta Karan,Female,28,HR,Manager,BCA,17,78201.0,2024-01-26,Pune,3,No,No
EMP08963,Laban Gour,Male,57,Marketing,Team Lead,MCA,0,86521.0,2017-02-25,Chennai,5,No,No
EMP08964,Siddharth Subramanian,Male,39,Sales,Team Lead,B.Tech,17,79617.0,2018-01-27,Mumbai,5,Yes,Yes
EMP08965,Harrison Vora,Female,40,HR,Analyst,M.Tech,1,72700.0,2021-03-23,Mumbai,3,Yes,No
EMP08966,Maanas Upadhyay,Female,51,HR,Senior Analyst,M.Tech,6,79034.0,2023-12-28,Chennai,5,No,No
EMP08967,Upma Kar,Male,53,IT,Analyst,MCA,0,119015.0,2018-09-02,Mumbai,5,Yes,No
EMP08968,Rohan Lal,Female,34,HR,Analyst,B.Tech,6,40671.0,2022-05-03,Pune,1,No,No
EMP08969,Tanay Chanda,Female,52,Finance,Analyst,B.Tech,13,114596.0,2022-12-15,Mumbai,1,No,No
EMP08970,Zashil Mall,Female,24,IT,Analyst,B.Tech,16,92714.0,2022-02-02,Mumbai,2,No,No
EMP08971,Yashawini Basu,Male,30,HR,Team Lead,M.Tech,2,54111.0,2021-11-12,Mumbai,4,Yes,No
EMP08972,Umang Singhal,Male,38,Finance,Team Lead,MCA,10,105671.0,2024-09-07,Hyderabad,1,Yes,No
EMP08973,Zilmil Buch,Female,40,Sales,Analyst,MCA,16,45346.0,2021-01-16,Bangalore,1,No,No
EMP08974,Parth Nazareth,Female,30,IT,Senior Analyst,MCA,13,115819.0,2016-12-20,Pune,1,Yes,No
EMP08975,Forum Kumar,Male,55,Finance,Senior Analyst,B.Tech,7,103552.0,2023-07-27,Pune,4,No,No
EMP08976,Suhani Sarraf,Male,49,Finance,Senior Analyst,MCA,10,81375.0,2021-10-20,Pune,4,Yes,No
EMP08977,Zaid Rao,Male,33,HR,Manager,MBA,7,49062.0,2022-06-01,Hyderabad,4,Yes,Yes
EMP08978,Noah Baria,Male,55,IT,Analyst,MCA,16,120028.0,2019-09-04,Pune,5,Yes,No
EMP08979,Samaksh Saraf,Male,40,Marketing,Analyst,MCA,15,35847.0,2025-02-11,Mumbai,3,No,No
EMP08980,Oni Sahota,Female,58,IT,Manager,MCA,2,65482.0,2021-01-11,Mumbai,3,No,No
EMP08981,Adweta Dayal,Female,42,IT,Team Lead,MCA,19,104533.0,2026-01-24,Mumbai,1,Yes,No
EMP08982,Yashodhara Warrior,Male,53,IT,Senior Analyst,MCA,20,137575.0,2017-11-04,Bangalore,1,No,No
EMP08983,Gauri Kothari,Male,41,HR,Manager,M.Tech,8,64609.0,2022-12-19,Hyderabad,5,Yes,No
EMP08984,Girik Muni,Male,50,Marketing,Analyst,B.Tech,0,73121.0,2019-09-13,Mumbai,1,Yes,Yes
EMP08985,Ojasvi Dugar,Male,37,Marketing,Senior Analyst,MBA,1,88982.0,2017-05-25,Mumbai,1,Yes,No
EMP08986,Tripti Chahal,Male,51,IT,Manager,B.Tech,18,64285.0,2019-07-08,Pune,4,No,No
EMP08987,Vedhika Chaudhari,Female,43,IT,Manager,M.Tech,19,88640.0,2024-05-25,Hyderabad,1,Yes,No
EMP08988,Widisha Magar,Female,23,Finance,Senior Analyst,M.Tech,19,51835.0,2022-12-10,Chennai,3,Yes,No
EMP08989,Nidra Pall,Male,42,Sales,Team Lead,MBA,18,79610.0,2022-01-21,Chennai,5,No,No
EMP08990,Finn Pillai,Male,58,HR,Team Lead,MBA,17,43353.0,2021-06-11,Pune,1,No,No
EMP08991,Elijah Upadhyay,Female,22,Finance,Senior Analyst,M.Tech,18,70007.0,2022-09-12,Mumbai,3,No,No
EMP08992,Chaman Prasad,Male,24,HR,Senior Analyst,MCA,18,79961.0,2017-10-08,Chennai,1,No,No
EMP08993,Qarin Sidhu,Male,38,IT,Team Lead,M.Tech,4,66758.0,2022-09-04,Pune,1,Yes,No
EMP08994,Qushi Pathak,Female,30,IT,Manager,M.Tech,11,97765.0,2018-01-06,Pune,1,No,No
EMP08995,Ishwar Dass,Male,33,Finance,Analyst,MBA,14,114595.0,2025-04-13,Hyderabad,2,Yes,No
EMP08996,Lakshit Sura,Female,38,Finance,Team Lead,B.Tech,11,109288.0,2021-11-20,Mumbai,1,No,No
EMP08997,Aadi Viswanathan,Female,60,Finance,Team Lead,BCA,9,79203.0,2020-09-11,Pune,4,No,No
EMP08998,Adya Chauhan,Male,44,Finance,Analyst,MBA,13,81914.0,2019-09-02,Mumbai,3,No,No
EMP08999,Nachiket Sani,Female,30,HR,Team Lead,B.Tech,4,58568.0,2020-12-26,Mumbai,4,Yes,No
EMP09000,Kamala Ravel,Female,32,Finance,Team Lead,M.Tech,19,82943.0,2020-06-05,Mumbai,4,No,No
EMP09001,Ekalinga Swamy,Female,26,HR,Analyst,B.Tech,10,61752.0,2019-02-25,Mumbai,3,No,No
EMP09002,Ekapad Bhandari,Male,60,IT,Analyst,B.Tech,6,50706.0,2023-04-04,Bangalore,2,No,No
EMP09003,Ubika Agate,Male,44,HR,Analyst,MCA,0,69928.0,2019-10-21,Chennai,3,Yes,No
EMP09004,Raagini Wali,Female,30,IT,Analyst,BCA,8,124491.0,2023-04-06,Chennai,4,No,No
EMP09005,Nathan Suresh,Female,24,Finance,Manager,MBA,14,101258.0,2022-02-12,Bangalore,4,No,No
EMP09006,Abeer Ramachandran,Male,44,HR,Team Lead,B.Tech,1,75375.0,2018-04-08,Hyderabad,5,No,No
EMP09007,Avni Menon,Female,58,IT,Team Lead,MBA,12,143139.0,2026-02-01,Pune,1,Yes,No
EMP09008,Mason Viswanathan,Male,36,Marketing,Analyst,BCA,1,66701.0,2019-11-15,Bangalore,2,No,No
EMP09009,Januja Din,Female,60,Finance,Senior Analyst,B.Tech,2,79490.0,2020-10-09,Chennai,1,Yes,No
EMP09010,Lohit Dhingra,Female,51,Finance,Senior Analyst,BCA,14,108642.0,2020-01-27,Hyderabad,2,No,No
EMP09011,Caleb Thaker,Male,31,IT,Manager,B.Tech,3,113119.0,2022-08-02,Mumbai,2,No,No
EMP09012,Lucky Karpe,Female,57,Sales,Manager,BCA,18,91988.0,2017-12-06,Chennai,4,No,No
EMP09013,Advik Magar,Male,31,IT,Analyst,MBA,5,85126.0,2020-08-22,Bangalore,3,No,No
EMP09014,Arin Srivastava,Male,51,Marketing,Manager,MCA,16,73272.0,2024-03-07,Hyderabad,2,Yes,No
EMP09015,Upma Sodhi,Female,27,Sales,Team Lead,BCA,12,76839.0,2025-12-21,Mumbai,2,No,No
EMP09016,Upma Khurana,Female,53,Sales,Team Lead,M.Tech,8,42410.0,2025-08-30,Pune,5,Yes,No
EMP09017,Krish Loyal,Male,40,Sales,Analyst,M.Tech,12,49454.0,2021-05-29,Bangalore,1,Yes,No
EMP09018,Yamini Rana,Male,33,Finance,Team Lead,M.Tech,16,118152.0,2019-08-10,Pune,3,Yes,Yes
EMP09019,Abhiram Nori,Female,40,Sales,Senior Analyst,MBA,1,65703.0,2021-05-16,Hyderabad,1,No,No
EMP09020,Jasmit Goel,Male,54,Finance,Analyst,MCA,2,82840.0,2020-12-26,Mumbai,3,No,No
EMP09021,Nilima Sawhney,Male,25,Marketing,Manager,MBA,11,48172.0,2020-03-13,Chennai,4,Yes,No
EMP09022,Kritika Sarraf,Male,48,Sales,Senior Analyst,B.Tech,10,49793.0,2017-01-25,Mumbai,2,Yes,No
EMP09023,Meera Dube,Male,31,IT,Team Lead,MBA,11,51534.0,2024-10-16,Mumbai,2,Yes,No
EMP09024,Girish Badal,Female,23,Sales,Manager,MBA,7,92250.0,2026-07-13,Mumbai,1,No,No
EMP09025,Jason Kara,Female,49,Sales,Team Lead,M.Tech,16,85972.0,2023-03-15,Hyderabad,3,Yes,No
EMP09026,Ridhi Rattan,Male,32,HR,Analyst,B.Tech,16,53876.0,2024-03-07,Hyderabad,4,Yes,No
EMP09027,Isaiah Mangat,Male,43,IT,Manager,B.Tech,3,124786.0,2020-08-28,Chennai,2,Yes,No
EMP09028,Orinder Shah,Male,32,HR,Manager,BCA,11,74586.0,2017-03-01,Mumbai,4,No,Yes
EMP09029,Kamya Sibal,Male,53,IT,Analyst,M.Tech,7,65719.0,2019-06-23,Bangalore,5,Yes,Yes
EMP09030,Ishani Shukla,Female,53,IT,Team Lead,B.Tech,10,82472.0,2024-11-10,Bangalore,2,No,No
EMP09031,Edhitha Dyal,Male,45,Finance,Senior Analyst,BCA,19,78142.0,2019-03-16,Chennai,4,No,No
EMP09032,Nitara Sen,Female,38,Sales,Senior Analyst,BCA,9,74339.0,2018-09-11,Chennai,5,No,No
EMP09033,Unnati Sastry,Female,44,Marketing,Senior Analyst,MCA,7,36795.0,2023-03-30,Chennai,3,Yes,Yes
EMP09034,Shivansh Rajagopal,Female,47,Finance,Analyst,BCA,9,62624.0,2019-11-22,Chennai,2,Yes,No
EMP09035,Nihal Aggarwal,Male,57,IT,Senior Analyst,MBA,15,139131.0,2017-11-26,Pune,2,No,No
EMP09036,Vrinda Walla,Male,23,HR,Manager,MCA,17,40568.0,2018-08-26,Hyderabad,5,No,No
EMP09037,Onkar Chaudhuri,Female,40,HR,Senior Analyst,MCA,5,35183.0,2018-02-07,Pune,5,No,No
EMP09038,Hamsini Ravi,Female,55,IT,Manager,MBA,0,130148.0,2016-11-13,Chennai,5,No,No
EMP09039,Vyanjana Talwar,Female,25,Marketing,Senior Analyst,MCA,12,87998.0,2023-06-06,Pune,2,No,Yes
EMP09040,Deepa Prakash,Female,24,Finance,Manager,MBA,4,72666.0,2025-04-08,Hyderabad,2,Yes,Yes
EMP09041,Wriddhish Cherian,Male,49,Marketing,Senior Analyst,BCA,13,63205.0,2016-12-24,Hyderabad,1,No,No
EMP09042,Nicholas Ganesan,Male,28,Marketing,Team Lead,B.Tech,3,56571.0,2017-11-20,Bangalore,3,No,No
EMP09043,Dalbir Dyal,Male,45,IT,Analyst,B.Tech,12,52477.0,2018-03-07,Pune,1,Yes,No
EMP09044,Lopa Mital,Male,23,Marketing,Analyst,M.Tech,12,37726.0,2018-07-28,Mumbai,2,Yes,No
EMP09045,Yutika Jani,Male,22,HR,Manager,MCA,17,79426.0,2025-02-14,Pune,4,No,No
EMP09046,Pratyush Mangal,Male,60,HR,Manager,B.Tech,8,50874.0,2022-03-29,Hyderabad,5,No,No
EMP09047,Chameli Vig,Male,33,IT,Manager,BCA,4,88098.0,2026-03-10,Chennai,4,Yes,No
EMP09048,Vrinda Rajagopalan,Male,55,HR,Team Lead,MCA,12,56934.0,2026-07-19,Pune,2,No,Yes
EMP09049,Sai Sule,Female,26,Marketing,Senior Analyst,B.Tech,20,36106.0,2025-04-14,Hyderabad,4,Yes,No
EMP09050,Aachal Bassi,Female,60,Sales,Team Lead,B.Tech,7,78215.0,2023-10-21,Mumbai,3,No,No
EMP09051,Hritik Saini,Male,42,Sales,Analyst,MCA,19,46554.0,2022-11-06,Pune,4,Yes,No
EMP09052,Zehaan Raman,Male,34,Finance,Manager,MBA,11,69981.0,2020-09-23,Pune,2,Yes,Yes
EMP09053,Yashica Pau,Male,54,HR,Analyst,MCA,10,47877.0,2023-02-19,Pune,2,Yes,No
EMP09054,Naveen Mutti,Female,49,HR,Analyst,BCA,4,40276.0,2016-12-10,Bangalore,1,Yes,No
EMP09055,Tristan Chaudhry,Male,49,Sales,Team Lead,B.Tech,10,70157.0,2021-05-17,Chennai,3,Yes,No
EMP09056,Irya Swaminathan,Female,28,Finance,Analyst,M.Tech,4,73369.0,2023-09-12,Chennai,2,No,No
EMP09057,Widisha Dutt,Female,22,Marketing,Team Lead,B.Tech,2,44340.0,2023-01-16,Bangalore,2,No,No
EMP09058,Hredhaan Rege,Male,59,IT,Analyst,MCA,4,133608.0,2025-11-13,Mumbai,2,Yes,Yes
EMP09059,Atharv Dhar,Male,60,Sales,Analyst,MCA,2,87399.0,2021-07-05,Pune,1,Yes,Yes
EMP09060,Ekta Bail,Female,38,HR,Senior Analyst,BCA,8,65654.0,2025-01-11,Pune,5,No,No
EMP09061,Agastya Uppal,Male,33,HR,Manager,M.Tech,6,73768.0,2019-06-22,Hyderabad,5,No,No
EMP09062,Jairaj Raman,Female,58,IT,Team Lead,B.Tech,0,110403.0,2020-03-18,Mumbai,1,Yes,No
EMP09063,Upadhriti Das,Male,44,IT,Analyst,MBA,7,105663.0,2022-05-08,Pune,4,No,Yes
EMP09064,Qadim Shankar,Female,26,Finance,Analyst,BCA,12,57363.0,2022-08-03,Chennai,4,No,No
EMP09065,Avni Subramaniam,Male,49,Finance,Analyst,M.Tech,7,83147.0,2020-10-11,Pune,1,No,Yes
EMP09066,Chaaya Barman,Female,39,IT,Manager,BCA,8,145925.0,2020-08-30,Bangalore,5,Yes,No
EMP09067,Guneet Mane,Female,22,IT,Senior Analyst,B.Tech,16,87904.0,2017-07-08,Bangalore,4,No,No
EMP09068,Lavanya Kara,Female,56,HR,Team Lead,M.Tech,12,78415.0,2022-09-23,Hyderabad,2,Yes,Yes
EMP09069,Chaitaly Ranganathan,Female,47,Sales,Senior Analyst,M.Tech,14,82998.0,2017-08-06,Mumbai,2,No,No
EMP09070,David Dua,Male,23,Marketing,Analyst,M.Tech,13,77964.0,2025-03-09,Mumbai,3,No,No
EMP09071,Pallavi Sankaran,Male,57,Sales,Team Lead,B.Tech,0,51122.0,2021-05-07,Bangalore,2,No,No
EMP09072,Inaya Sankar,Male,37,Sales,Team Lead,B.Tech,7,45823.0,2021-01-30,Mumbai,3,No,No
EMP09073,Pushti Dewan,Male,46,HR,Manager,B.Tech,20,43031.0,2022-05-02,Mumbai,2,No,No
EMP09074,Aarna Soni,Male,37,HR,Analyst,BCA,9,46832.0,2023-10-06,Hyderabad,2,No,No
EMP09075,Kalpit Date,Female,49,Finance,Manager,M.Tech,6,81331.0,2024-05-02,Chennai,1,No,No
EMP09076,Tanay Mitter,Female,60,Sales,Team Lead,MCA,5,48313.0,2023-09-21,Pune,3,Yes,Yes
EMP09077,Ekavir Raghavan,Male,48,Finance,Senior Analyst,BCA,7,45500.0,2020-05-04,Mumbai,1,Yes,No
EMP09078,Ryan Warrior,Female,51,HR,Senior Analyst,MBA,16,37714.0,2020-03-19,Chennai,4,No,No
EMP09079,Harinakshi Borde,Male,43,Marketing,Analyst,B.Tech,17,88037.0,2026-04-21,Chennai,5,No,No
EMP09080,Aachal Sawhney,Female,34,HR,Team Lead,M.Tech,16,66033.0,2020-09-17,Pune,5,Yes,No
EMP09081,Unnati Kashyap,Female,44,HR,Manager,MCA,2,33857.0,2024-01-21,Chennai,4,Yes,No
EMP09082,Aahana Bora,Male,49,IT,Team Lead,BCA,15,119818.0,2023-03-23,Pune,3,Yes,No
EMP09083,Balvan Vasa,Male,48,Marketing,Analyst,MBA,12,56763.0,2025-04-25,Hyderabad,2,Yes,No
EMP09084,Warhi Rajagopalan,Male,44,Sales,Team Lead,M.Tech,0,64700.0,2025-08-14,Bangalore,2,No,Yes
EMP09085,Alexander Amble,Male,25,IT,Analyst,MCA,5,106172.0,2019-12-30,Mumbai,2,Yes,No
EMP09086,Irya Varkey,Female,26,Marketing,Analyst,MCA,7,57597.0,2017-03-21,Chennai,5,No,No
EMP09087,Niharika Venkatesh,Female,26,IT,Team Lead,M.Tech,15,146939.0,2021-09-29,Bangalore,3,No,Yes
EMP09088,Victor Bansal,Female,31,Sales,Team Lead,B.Tech,14,47194.0,2024-06-20,Pune,5,No,Yes
EMP09089,Upadhriti Hora,Female,29,Marketing,Analyst,MBA,1,47701.0,2016-09-09,Mumbai,5,No,No
EMP09090,Shivansh Date,Female,23,IT,Senior Analyst,BCA,15,114818.0,2018-08-15,Bangalore,3,No,No
EMP09091,Geetika Bose,Female,55,HR,Analyst,MCA,5,53730.0,2022-06-06,Hyderabad,4,No,No
EMP09092,Nimrat Subramaniam,Male,41,HR,Team Lead,MBA,13,68422.0,2018-04-14,Pune,4,Yes,No
EMP09093,Krish Buch,Male,38,Sales,Manager,MCA,19,87368.0,2019-01-10,Mumbai,3,Yes,No
EMP09094,Jagvi Hegde,Male,32,HR,Analyst,MCA,10,39332.0,2019-03-03,Bangalore,4,No,No
EMP09095,Hitesh Kaur,Male,36,Sales,Analyst,MCA,7,91791.0,2024-12-19,Hyderabad,5,Yes,Yes
EMP09096,Manan Mane,Male,47,HR,Senior Analyst,MBA,1,47074.0,2022-06-11,Chennai,2,Yes,Yes
EMP09097,Aarnav Choudhary,Male,41,Sales,Team Lead,BCA,16,84481.0,2024-11-09,Hyderabad,2,Yes,No
EMP09098,Ekaraj Sekhon,Male,57,IT,Senior Analyst,MCA,2,82055.0,2023-08-13,Mumbai,2,Yes,No
EMP09099,Udyati Kunda,Male,28,Marketing,Senior Analyst,MBA,12,83662.0,2025-01-15,Chennai,4,Yes,No
EMP09100,Leela Chopra,Male,55,Finance,Senior Analyst,MCA,19,80116.0,2024-05-10,Mumbai,5,Yes,Yes
EMP09101,Leena Bajaj,Male,25,IT,Team Lead,BCA,9,85942.0,2024-05-06,Bangalore,5,Yes,No
EMP09102,Ekalinga Palla,Male,22,Finance,Manager,MCA,19,81697.0,2016-09-23,Mumbai,3,Yes,No
EMP09103,Ganga Gola,Female,42,Sales,Analyst,B.Tech,15,75758.0,2024-09-06,Mumbai,4,Yes,No
EMP09104,Keya Sanghvi,Male,23,IT,Manager,BCA,6,62356.0,2017-07-31,Hyderabad,2,No,No
EMP09105,Gabriel Krishnan,Male,30,Finance,Team Lead,MBA,4,104591.0,2026-06-14,Hyderabad,5,No,No
EMP09106,Sara Dass,Female,36,Marketing,Team Lead,BCA,8,40574.0,2020-02-26,Hyderabad,5,No,No
EMP09107,Balvan Kadakia,Female,50,IT,Senior Analyst,MCA,3,84289.0,2019-08-27,Hyderabad,4,No,No
EMP09108,Wyatt Raman,Male,33,Finance,Manager,MBA,13,99435.0,2025-06-29,Pune,5,Yes,Yes
EMP09109,Arjun Buch,Female,55,IT,Senior Analyst,MCA,0,109158.0,2019-03-13,Bangalore,4,No,No
EMP09110,Ryan Din,Female,51,IT,Team Lead,MBA,3,53428.0,2019-12-20,Pune,5,No,No
EMP09111,Aditya Krish,Female,47,Marketing,Manager,B.Tech,10,73582.0,2024-11-29,Mumbai,3,Yes,No
EMP09112,Deepa Bedi,Female,39,HR,Team Lead,M.Tech,3,67971.0,2025-09-16,Bangalore,4,Yes,No
EMP09113,Nilima Contractor,Female,25,Marketing,Analyst,B.Tech,1,61758.0,2023-02-24,Pune,4,Yes,No
EMP09114,Umang Dara,Female,46,Marketing,Analyst,MCA,11,78455.0,2026-08-06,Bangalore,1,No,No
EMP09115,Lipika Brahmbhatt,Female,54,Finance,Manager,MBA,4,86618.0,2022-11-01,Chennai,1,Yes,No
EMP09116,Bina Nagi,Female,22,Finance,Analyst,BCA,16,89758.0,2024-08-21,Hyderabad,2,No,No
EMP09117,Indali Chad,Female,27,Finance,Manager,BCA,15,72932.0,2026-03-05,Hyderabad,4,No,No
EMP09118,Vaishnavi Suresh,Female,58,Sales,Manager,M.Tech,10,53315.0,2022-02-25,Mumbai,3,Yes,No
EMP09119,Tarak Vasa,Male,43,HR,Team Lead,M.Tech,9,56390.0,2019-03-15,Pune,4,Yes,Yes
EMP09120,Hamsini Magar,Male,39,HR,Senior Analyst,MCA,2,64142.0,2020-04-21,Chennai,1,Yes,No
EMP09121,Umang Varma,Male,37,Sales,Analyst,M.Tech,3,58408.0,2019-01-07,Pune,5,No,No
EMP09122,Samesh Mani,Male,39,IT,Team Lead,MCA,13,58929.0,2018-06-05,Mumbai,4,No,No
EMP09123,Kritika Chaudhuri,Male,32,HR,Analyst,M.Tech,18,32590.0,2025-10-31,Mumbai,1,No,No
EMP09124,Pallavi Pingle,Female,39,IT,Senior Analyst,MCA,18,104669.0,2017-03-21,Mumbai,3,Yes,No
EMP09125,Siya Contractor,Female,35,Marketing,Analyst,MBA,5,66222.0,2023-09-15,Bangalore,3,Yes,No
EMP09126,Yashvi Kota,Female,51,Finance,Team Lead,M.Tech,9,110474.0,2021-09-18,Mumbai,4,No,No
EMP09127,Girik Gera,Female,47,Finance,Analyst,BCA,5,73480.0,2018-05-02,Chennai,4,Yes,No
EMP09128,Ria Dugar,Female,38,Sales,Analyst,MCA,15,31960.0,2024-09-22,Mumbai,5,No,No
EMP09129,Warinder Singhal,Female,50,IT,Analyst,MCA,3,63625.0,2025-08-27,Chennai,3,Yes,No
EMP09130,Shivansh Gupta,Male,38,Sales,Analyst,BCA,12,40675.0,2023-06-28,Bangalore,2,Yes,No
EMP09131,Girik Oza,Female,44,HR,Team Lead,M.Tech,18,62947.0,2023-12-12,Bangalore,4,Yes,No
EMP09132,Ekanta Khurana,Male,58,Finance,Senior Analyst,MCA,15,74722.0,2017-04-30,Bangalore,3,No,Yes
EMP09133,Zayan Raval,Female,49,HR,Analyst,B.Tech,2,34755.0,2020-08-17,Chennai,4,Yes,No
EMP09134,Ijaya Varkey,Female,34,Sales,Analyst,MBA,1,82561.0,2024-07-05,Mumbai,4,No,Yes
EMP09135,Samaksh Kulkarni,Female,37,Marketing,Manager,MBA,19,64509.0,2024-09-22,Bangalore,1,No,Yes
EMP09136,Shaurya Virk,Male,26,Finance,Senior Analyst,B.Tech,17,45033.0,2016-11-20,Bangalore,2,No,No
EMP09137,Xavier Dugal,Female,27,Marketing,Analyst,M.Tech,0,46674.0,2022-11-07,Bangalore,5,Yes,No
EMP09138,Omkaar Raval,Female,23,Marketing,Team Lead,MBA,1,43067.0,2020-07-19,Hyderabad,4,No,No
EMP09139,Prisha Yohannan,Female,35,Marketing,Team Lead,MCA,11,41648.0,2021-11-06,Chennai,4,Yes,No
EMP09140,Rishi Sabharwal,Female,36,Marketing,Analyst,M.Tech,8,41069.0,2019-01-23,Pune,5,Yes,No
EMP09141,Ranbir Keer,Male,48,HR,Senior Analyst,B.Tech,10,62560.0,2017-01-28,Pune,5,Yes,No
EMP09142,Bishakha Garde,Female,33,HR,Manager,B.Tech,18,75032.0,2021-12-02,Chennai,4,No,No
EMP09143,Samuel Patla,Male,24,IT,Analyst,MBA,3,146870.0,2018-11-04,Hyderabad,1,Yes,No
EMP09144,Zilmil Nadig,Female,47,Finance,Manager,MBA,11,66509.0,2021-01-26,Hyderabad,5,Yes,No
EMP09145,Farhan Acharya,Male,38,Finance,Analyst,BCA,2,48739.0,2025-08-06,Chennai,2,No,No
EMP09146,Vrishti Deshmukh,Female,46,Sales,Analyst,BCA,15,53403.0,2018-04-19,Pune,4,Yes,No
EMP09147,Yatin Doshi,Female,39,Sales,Senior Analyst,MBA,8,43214.0,2020-01-19,Pune,2,No,No
EMP09148,Vanya Zacharia,Female,29,Marketing,Analyst,MBA,8,58193.0,2017-05-11,Bangalore,2,Yes,No
EMP09149,Wyatt Choudhary,Female,43,Sales,Analyst,MCA,16,87654.0,2025-03-04,Chennai,2,Yes,No
EMP09150,Vihaan Mani,Male,53,IT,Analyst,M.Tech,3,145432.0,2019-03-30,Mumbai,2,Yes,No
EMP09151,Pushti Mittal,Male,48,Finance,Team Lead,B.Tech,12,100756.0,2023-03-14,Bangalore,4,No,No
EMP09152,Maya Dhar,Male,47,Sales,Manager,MCA,1,42498.0,2023-10-17,Pune,4,Yes,No
EMP09153,Ganga Sane,Female,39,HR,Team Lead,BCA,8,71310.0,2022-01-21,Hyderabad,5,No,No
EMP09154,Osha Palan,Male,60,IT,Team Lead,MBA,16,125154.0,2023-02-07,Hyderabad,2,No,No
EMP09155,Rajata Sani,Male,52,HR,Analyst,M.Tech,8,64403.0,2024-11-28,Chennai,2,Yes,No
EMP09156,Lekha Bajaj,Male,46,Sales,Manager,B.Tech,4,38278.0,2023-08-04,Bangalore,2,No,No
EMP09157,Keya Sachdeva,Male,44,HR,Manager,B.Tech,18,33460.0,2024-03-08,Hyderabad,3,Yes,No
EMP09158,Dayamai Bail,Female,33,IT,Manager,M.Tech,19,60984.0,2017-05-29,Mumbai,3,No,No
EMP09159,Jatin Choudhry,Male,47,Finance,Analyst,MBA,4,112159.0,2023-01-08,Bangalore,5,No,No
EMP09160,Zehaan Rai,Male,57,IT,Team Lead,BCA,19,108009.0,2016-08-25,Hyderabad,2,Yes,No
EMP09161,Raagini Bhatnagar,Male,57,Marketing,Team Lead,M.Tech,14,42442.0,2019-07-05,Pune,5,Yes,No
EMP09162,Reva Padmanabhan,Female,60,Sales,Manager,B.Tech,7,72103.0,2021-03-20,Chennai,4,Yes,No
EMP09163,Peter Wagle,Female,57,HR,Senior Analyst,B.Tech,9,53354.0,2022-10-27,Chennai,1,No,No
EMP09164,Maya Karpe,Female,41,Finance,Manager,M.Tech,12,79736.0,2019-05-01,Pune,4,No,No
EMP09165,Imaran Mahal,Male,39,Finance,Analyst,MCA,16,96834.0,2023-08-03,Mumbai,2,Yes,No
EMP09166,Ishwar Goyal,Female,25,Marketing,Team Lead,MBA,20,87374.0,2022-05-25,Mumbai,2,Yes,No
EMP09167,Yashica Bajwa,Female,59,HR,Team Lead,MBA,14,43860.0,2020-01-29,Bangalore,3,No,No
EMP09168,Odika Date,Male,25,Sales,Manager,MBA,7,70128.0,2024-12-26,Pune,4,Yes,No
EMP09169,Chanakya Panchal,Female,39,Finance,Senior Analyst,MCA,6,106517.0,2025-04-17,Mumbai,4,No,Yes
EMP09170,Turvi Guha,Male,60,IT,Manager,MCA,0,148246.0,2025-08-09,Pune,5,Yes,No
EMP09171,Oeshi Goel,Female,27,Sales,Manager,B.Tech,5,38494.0,2023-03-28,Pune,4,No,No
EMP09172,Irya Aggarwal,Male,54,HR,Senior Analyst,MBA,0,64278.0,2023-02-13,Bangalore,4,No,No
EMP09173,Chakradev Chacko,Male,26,Sales,Manager,BCA,12,59438.0,2023-06-29,Bangalore,5,No,No
EMP09174,Oscar Kaur,Male,39,Marketing,Senior Analyst,MBA,16,84857.0,2019-08-10,Mumbai,1,Yes,No
EMP09175,Neelima Dar,Male,52,Marketing,Team Lead,B.Tech,7,38614.0,2023-12-30,Chennai,1,No,Yes
EMP09176,Urvi Bera,Male,37,HR,Manager,B.Tech,5,60941.0,2022-06-08,Chennai,3,No,No
EMP09177,Yashica Sunder,Female,56,HR,Team Lead,MCA,7,38476.0,2024-02-22,Chennai,3,Yes,No
EMP09178,Anita Sule,Female,35,Finance,Analyst,B.Tech,4,108648.0,2018-06-16,Hyderabad,4,Yes,No
EMP09179,Alka Toor,Female,45,HR,Team Lead,BCA,3,57742.0,2019-02-19,Chennai,2,Yes,No
EMP09180,Devansh Nigam,Female,27,IT,Manager,MCA,10,59399.0,2018-05-08,Mumbai,3,No,No
EMP09181,Yadavi Sathe,Male,26,HR,Team Lead,BCA,6,37900.0,2022-07-06,Chennai,2,Yes,No
EMP09182,Siya Joshi,Female,44,Marketing,Manager,M.Tech,3,81111.0,2018-01-16,Hyderabad,2,No,No
EMP09183,Harshil Doctor,Female,59,Finance,Manager,MBA,0,80083.0,2023-11-17,Hyderabad,3,No,No
EMP09184,Jackson Shan,Male,30,Sales,Senior Analyst,BCA,8,90669.0,2019-02-14,Hyderabad,1,No,No
EMP09185,Aachal Sethi,Female,24,Marketing,Team Lead,MBA,7,70965.0,2021-12-07,Chennai,4,Yes,No
EMP09186,Tarak Palan,Male,37,HR,Senior Analyst,BCA,0,43251.0,2017-10-26,Hyderabad,2,No,No
EMP09187,Yasti Taneja,Male,57,Marketing,Manager,BCA,1,68579.0,2025-09-29,Hyderabad,3,No,No
EMP09188,Owen Dasgupta,Female,52,Sales,Senior Analyst,M.Tech,16,35171.0,2022-09-18,Hyderabad,3,No,No
EMP09189,Zansi Tripathi,Female,59,HR,Manager,M.Tech,12,51271.0,2020-10-11,Pune,4,Yes,No
EMP09190,Anya Rout,Female,32,Marketing,Manager,M.Tech,18,35954.0,2019-09-07,Chennai,4,No,No
EMP09191,Sneha Palla,Female,22,Finance,Analyst,M.Tech,11,98728.0,2026-06-24,Hyderabad,1,Yes,No
EMP09192,Girindra Bansal,Male,49,Finance,Senior Analyst,M.Tech,9,50748.0,2018-10-01,Hyderabad,3,No,No
EMP09193,Shravya More,Male,36,Marketing,Senior Analyst,M.Tech,8,38626.0,2020-09-16,Hyderabad,4,No,No
EMP09194,Neel Din,Female,27,Sales,Manager,MBA,5,65088.0,2020-06-27,Pune,4,No,Yes
EMP09195,Nidhi Sankaran,Female,48,Finance,Analyst,M.Tech,10,115494.0,2024-03-22,Bangalore,4,No,No
EMP09196,Yashodhara Solanki,Male,44,Sales,Senior Analyst,MCA,13,60844.0,2023-02-09,Pune,4,No,No
EMP09197,Zaid Palla,Female,58,IT,Team Lead,B.Tech,14,55975.0,2020-04-25,Chennai,4,Yes,No
EMP09198,Ishani Malhotra,Male,47,Finance,Manager,MCA,11,90901.0,2026-05-27,Hyderabad,4,No,No
EMP09199,Lavanya Bhakta,Female,30,IT,Analyst,B.Tech,18,139199.0,2023-07-06,Chennai,4,Yes,No
EMP09200,Dhruv Bandi,Female,22,Sales,Team Lead,M.Tech,0,71868.0,2017-08-27,Bangalore,4,No,No
EMP09201,Onkar Sundaram,Male,34,Finance,Senior Analyst,B.Tech,13,72960.0,2026-02-04,Mumbai,2,No,No
EMP09202,Eshana Dani,Male,52,Finance,Analyst,BCA,5,108812.0,2020-07-27,Mumbai,1,Yes,No
EMP09203,Neelima Sharma,Female,23,IT,Manager,M.Tech,12,50360.0,2026-08-05,Hyderabad,2,Yes,No
EMP09204,Charita Sastry,Male,48,IT,Team Lead,MCA,2,77230.0,2020-05-03,Bangalore,2,No,No
EMP09205,Jeremiah Swaminathan,Male,58,Marketing,Team Lead,MBA,6,53190.0,2026-06-18,Bangalore,3,No,No
EMP09206,Kala Dash,Male,34,HR,Team Lead,MCA,19,61213.0,2018-01-24,Hyderabad,5,No,Yes
EMP09207,Eesha Bir,Male,51,IT,Manager,B.Tech,19,102799.0,2025-01-17,Chennai,2,Yes,No
EMP09208,Gauri Wagle,Female,48,Marketing,Analyst,BCA,6,46099.0,2019-09-10,Hyderabad,1,Yes,No
EMP09209,Quincy Nagy,Female,31,HR,Manager,M.Tech,12,53009.0,2020-11-17,Hyderabad,5,Yes,No
EMP09210,Jack Pathak,Female,49,Finance,Analyst,MCA,9,91638.0,2024-12-09,Bangalore,5,Yes,No
EMP09211,Ojas Chawla,Male,45,IT,Manager,BCA,7,114154.0,2022-11-02,Bangalore,4,No,No
EMP09212,Harish Gokhale,Female,45,IT,Team Lead,BCA,9,143136.0,2022-03-26,Bangalore,5,No,No
EMP09213,Dayita Reddy,Female,41,Marketing,Senior Analyst,BCA,14,55534.0,2022-08-11,Chennai,4,No,No
EMP09214,Ojas Choudhary,Female,36,IT,Team Lead,M.Tech,5,85160.0,2017-10-25,Pune,3,Yes,No
EMP09215,Yashoda Dhaliwal,Female,23,IT,Manager,M.Tech,18,122075.0,2022-07-16,Pune,5,Yes,No
EMP09216,Kritika Sehgal,Female,32,Marketing,Analyst,BCA,18,47801.0,2016-11-02,Hyderabad,2,No,No
EMP09217,Dalbir Tandon,Male,54,HR,Manager,MBA,18,77036.0,2023-09-25,Chennai,5,No,No
EMP09218,Rachana Barad,Male,36,HR,Team Lead,MBA,3,44777.0,2024-08-07,Pune,2,Yes,No
EMP09219,Zayan Wadhwa,Male,59,Marketing,Manager,M.Tech,10,36757.0,2024-02-19,Mumbai,4,Yes,No
EMP09220,Anya Sen,Male,60,IT,Manager,MBA,8,53582.0,2018-11-22,Hyderabad,1,Yes,No
EMP09221,Omaja Sarkar,Male,37,Finance,Analyst,B.Tech,15,83299.0,2017-08-04,Pune,5,No,No
EMP09222,Gaurangi Yohannan,Female,46,Finance,Analyst,MBA,14,50416.0,2026-06-14,Chennai,1,No,No
EMP09223,Yashawini Anne,Female,34,Marketing,Analyst,MBA,1,47851.0,2026-07-24,Mumbai,1,Yes,No
EMP09224,Aradhana Sachdeva,Male,46,Sales,Manager,B.Tech,11,79537.0,2017-06-20,Bangalore,5,Yes,No
EMP09225,Zashil Raman,Male,57,Finance,Analyst,B.Tech,18,60613.0,2022-09-30,Hyderabad,4,Yes,No
EMP09226,Lopa Sha,Male,54,IT,Analyst,M.Tech,0,61055.0,2022-02-11,Chennai,2,No,No
EMP09227,Rachit Agrawal,Male,32,Finance,Senior Analyst,MBA,5,64492.0,2016-11-17,Chennai,4,No,No
EMP09228,Shaurya Soman,Male,52,Sales,Senior Analyst,MCA,11,59070.0,2021-01-06,Chennai,5,No,No
EMP09229,Theodore Baria,Male,28,HR,Team Lead,B.Tech,9,56111.0,2019-10-28,Bangalore,3,No,No
EMP09230,Gunbir Sandal,Female,59,Marketing,Senior Analyst,M.Tech,10,74756.0,2024-11-23,Hyderabad,1,Yes,No
EMP09231,Rishi Bajwa,Female,31,Marketing,Team Lead,M.Tech,11,83426.0,2023-08-21,Pune,2,Yes,No
EMP09232,Sarthak Rajagopal,Female,46,IT,Analyst,M.Tech,8,146347.0,2025-09-10,Chennai,5,Yes,No
EMP09233,Sanya Manda,Male,31,Sales,Analyst,BCA,17,42931.0,2024-02-08,Mumbai,1,Yes,No
EMP09234,Nidra Palan,Male,58,Sales,Team Lead,M.Tech,1,90117.0,2019-09-28,Mumbai,2,Yes,No
EMP09235,Irya Mannan,Female,23,Marketing,Team Lead,MBA,2,35276.0,2017-02-11,Hyderabad,4,No,Yes
EMP09236,Turvi Prakash,Female,28,HR,Team Lead,BCA,6,67510.0,2016-09-15,Mumbai,4,Yes,No
EMP09237,Maya Rastogi,Male,33,Marketing,Analyst,B.Tech,16,53820.0,2024-12-04,Hyderabad,3,No,No
EMP09238,Mason Doshi,Male,53,Sales,Manager,MBA,1,45858.0,2019-02-01,Hyderabad,1,Yes,No
EMP09239,Aachal Rajagopalan,Female,45,Sales,Analyst,B.Tech,2,62594.0,2021-02-11,Bangalore,4,No,No
EMP09240,Shravya Pandit,Female,36,Marketing,Team Lead,MBA,2,88185.0,2025-12-26,Hyderabad,1,No,No
EMP09241,Maya Shukla,Female,24,Finance,Manager,B.Tech,12,59510.0,2025-11-26,Mumbai,2,No,No
EMP09242,Victor Bali,Female,25,Marketing,Team Lead,MBA,18,56577.0,2017-12-12,Chennai,4,Yes,No
EMP09243,Triveni Mitter,Female,28,HR,Team Lead,MBA,1,63102.0,2026-05-17,Mumbai,3,No,No
EMP09244,Xavier Hegde,Female,55,Finance,Manager,MCA,3,71901.0,2018-10-05,Hyderabad,4,Yes,No
EMP09245,Joshua Keer,Female,35,HR,Analyst,BCA,16,34405.0,2023-01-08,Pune,2,Yes,No
EMP09246,Nidra Misra,Male,26,Sales,Senior Analyst,B.Tech,13,53923.0,2019-05-15,Pune,2,Yes,No
EMP09247,Vedika Bhalla,Female,42,Finance,Analyst,B.Tech,8,107752.0,2024-12-18,Bangalore,1,No,No
EMP09248,Yagnesh Buch,Male,45,IT,Team Lead,M.Tech,14,133532.0,2024-04-04,Chennai,4,Yes,No
EMP09249,Ekansh Tiwari,Male,50,Sales,Analyst,MCA,6,86757.0,2021-01-19,Mumbai,1,Yes,No
EMP09250,Falan Behl,Female,47,IT,Senior Analyst,MBA,9,99679.0,2025-06-09,Pune,1,Yes,No
EMP09251,Samarth Srivastava,Female,58,Marketing,Senior Analyst,MCA,15,54947.0,2017-03-22,Chennai,3,Yes,No
EMP09252,Jalsa Kapadia,Female,33,Sales,Team Lead,M.Tech,14,71189.0,2017-10-12,Chennai,2,Yes,Yes
EMP09253,Faras Garde,Male,34,IT,Senior Analyst,BCA,7,85834.0,2018-05-06,Bangalore,4,Yes,No
EMP09254,Leena Narula,Male,49,Finance,Team Lead,BCA,12,64221.0,2024-12-24,Hyderabad,4,No,No
EMP09255,Gaurangi Verma,Male,44,IT,Manager,B.Tech,12,127310.0,2021-12-03,Hyderabad,1,Yes,No
EMP09256,Leena Bhardwaj,Female,41,IT,Senior Analyst,MBA,1,109055.0,2025-05-10,Hyderabad,3,Yes,No
EMP09257,Gaurav Venkatesh,Female,27,Finance,Manager,MCA,1,100126.0,2017-08-23,Hyderabad,3,No,No
EMP09258,Jatin Saini,Female,55,HR,Analyst,MCA,8,58656.0,2022-07-07,Chennai,1,Yes,No
EMP09259,Triveni Setty,Female,51,Marketing,Analyst,M.Tech,15,69236.0,2019-07-14,Chennai,4,Yes,No
EMP09260,Ubika Sant,Female,34,HR,Senior Analyst,B.Tech,19,77358.0,2024-07-28,Pune,1,No,No
EMP09261,Suhani Prashad,Female,41,HR,Team Lead,B.Tech,7,78962.0,2020-10-26,Hyderabad,3,Yes,No
EMP09262,Vaishnavi Singh,Male,28,Marketing,Manager,M.Tech,12,50970.0,2019-01-22,Hyderabad,4,Yes,No
EMP09263,Thomas Suresh,Female,24,Finance,Senior Analyst,BCA,0,112286.0,2016-09-03,Hyderabad,4,Yes,No
EMP09264,Zinal Bumb,Male,27,Marketing,Manager,MCA,1,60410.0,2024-12-30,Hyderabad,4,No,Yes
EMP09265,Balhaar Bedi,Male,41,Sales,Team Lead,B.Tech,16,45589.0,2025-09-20,Chennai,2,No,No
EMP09266,Manbir Sahni,Female,45,IT,Manager,MCA,9,60076.0,2021-04-09,Chennai,4,Yes,No
EMP09267,Azaan Pandey,Male,38,IT,Manager,M.Tech,17,71311.0,2025-09-20,Bangalore,5,Yes,No
EMP09268,Abdul Chakrabarti,Female,46,Finance,Senior Analyst,B.Tech,19,90231.0,2022-11-07,Pune,2,No,No
EMP09269,Jalsa Sen,Male,46,HR,Analyst,BCA,13,34936.0,2017-04-19,Pune,4,Yes,No
EMP09270,Ranbir Cheema,Male,34,Sales,Manager,BCA,1,86159.0,2021-10-30,Hyderabad,4,No,No
EMP09271,Jalsa Ramaswamy,Male,52,IT,Senior Analyst,B.Tech,12,79992.0,2025-05-20,Hyderabad,3,Yes,No
EMP09272,Advay Nigam,Female,53,Marketing,Manager,MBA,1,36173.0,2021-04-16,Mumbai,3,No,Yes
EMP09273,Vasatika Trivedi,Female,36,Marketing,Analyst,M.Tech,5,63389.0,2024-10-28,Bangalore,5,No,No
EMP09274,Ubika Jayaraman,Male,38,HR,Team Lead,MCA,6,44399.0,2021-04-27,Chennai,1,No,No
EMP09275,Champak Mutti,Female,28,HR,Manager,MBA,5,76384.0,2022-02-11,Pune,4,No,No
EMP09276,Chakradev Prabhakar,Male,39,Finance,Senior Analyst,BCA,2,102228.0,2021-08-30,Bangalore,1,Yes,No
EMP09277,Avi D’Alia,Male,35,Finance,Team Lead,M.Tech,4,61209.0,2025-11-20,Chennai,2,No,No
EMP09278,Aayush Bhatt,Male,27,HR,Team Lead,M.Tech,17,59133.0,2020-07-25,Mumbai,1,No,No
EMP09279,Benjamin Varghese,Female,46,Sales,Manager,MCA,18,74534.0,2017-07-27,Pune,4,Yes,No
EMP09280,Vritti Parsa,Male,41,HR,Analyst,MCA,13,73152.0,2020-07-16,Bangalore,3,No,No
EMP09281,Jagat Om,Female,45,IT,Analyst,MCA,4,113531.0,2016-08-31,Chennai,2,No,No
EMP09282,Alka Bose,Female,48,HR,Senior Analyst,B.Tech,20,64736.0,2020-01-09,Chennai,2,Yes,No
EMP09283,Charan Soni,Female,25,Marketing,Manager,BCA,16,44926.0,2020-08-07,Hyderabad,3,No,No
EMP09284,Divya Kant,Female,37,Marketing,Team Lead,MBA,12,61794.0,2024-06-06,Mumbai,3,Yes,No
EMP09285,Max Bir,Female,60,HR,Team Lead,B.Tech,18,49529.0,2023-09-06,Pune,5,No,No
EMP09286,Ojasvi Gala,Male,51,Finance,Analyst,MCA,14,118605.0,2025-04-19,Hyderabad,4,Yes,No
EMP09287,Chandani Bose,Female,30,HR,Manager,MBA,1,72711.0,2024-09-12,Hyderabad,4,Yes,No
EMP09288,Max Pradhan,Female,59,IT,Team Lead,MBA,20,82239.0,2023-06-26,Bangalore,2,No,No
EMP09289,Guneet Chhabra,Female,35,Finance,Senior Analyst,BCA,7,100229.0,2020-10-02,Pune,1,No,No
EMP09290,Liam Patil,Male,32,Sales,Manager,B.Tech,19,31036.0,2017-09-27,Bangalore,2,Yes,Yes
EMP09291,Jai Baria,Female,29,HR,Senior Analyst,BCA,7,31473.0,2024-02-06,Mumbai,5,No,No
EMP09292,Hardik Bassi,Female,47,Marketing,Senior Analyst,B.Tech,6,39035.0,2021-09-08,Pune,2,No,No
EMP09293,Ishani Uppal,Male,38,Marketing,Analyst,M.Tech,11,81060.0,2020-03-06,Chennai,3,No,No
EMP09294,Ishanvi Aurora,Male,34,HR,Analyst,MBA,7,58285.0,2024-11-28,Chennai,3,Yes,No
EMP09295,David Hegde,Female,43,Marketing,Team Lead,MCA,19,84029.0,2020-08-21,Pune,5,Yes,Yes
EMP09296,Aarnav Prabhu,Female,36,Sales,Analyst,MCA,15,80294.0,2023-06-13,Chennai,3,Yes,No
EMP09297,Jatin Shenoy,Female,60,Marketing,Analyst,MCA,10,46652.0,2026-04-23,Hyderabad,3,Yes,No
EMP09298,Hritik Issac,Female,46,IT,Analyst,B.Tech,14,95750.0,2024-01-17,Bangalore,2,Yes,No
EMP09299,Eesha Hayer,Female,46,Finance,Manager,MBA,20,45766.0,2019-05-29,Hyderabad,1,No,No
EMP09300,Gautam Shah,Male,25,HR,Manager,M.Tech,4,47449.0,2022-06-17,Hyderabad,5,Yes,No
EMP09301,Dalaja Bhatt,Male,32,Sales,Team Lead,M.Tech,11,68510.0,2017-10-12,Hyderabad,5,No,No
EMP09302,Riya Divan,Male,41,HR,Analyst,B.Tech,17,32464.0,2020-02-28,Chennai,1,Yes,No
EMP09303,Indrajit Johal,Female,42,Sales,Analyst,BCA,9,53718.0,2025-12-25,Hyderabad,2,No,No
EMP09304,Keya Johal,Female,52,Sales,Analyst,M.Tech,9,93609.0,2023-08-10,Chennai,3,No,No
EMP09305,Varenya Bhat,Female,45,Sales,Senior Analyst,MBA,6,42622.0,2018-08-18,Mumbai,5,Yes,Yes
EMP09306,Lekha Jayaraman,Male,29,Finance,Analyst,B.Tech,12,68707.0,2023-04-12,Bangalore,4,No,No
EMP09307,Owen Pal,Female,50,Marketing,Manager,B.Tech,15,36903.0,2026-07-22,Bangalore,4,Yes,No
EMP09308,Joshua Sarin,Female,36,Marketing,Senior Analyst,M.Tech,0,60065.0,2017-09-05,Bangalore,3,Yes,No
EMP09309,Sanaya Ganesan,Male,44,Sales,Analyst,BCA,19,89099.0,2026-05-17,Pune,3,Yes,No
EMP09310,Xalak Khanna,Female,60,Sales,Senior Analyst,MCA,2,75636.0,2020-08-19,Mumbai,3,Yes,No
EMP09311,Kai Bains,Female,45,IT,Senior Analyst,B.Tech,18,68632.0,2022-06-05,Mumbai,1,No,No
EMP09312,Frederick Zacharia,Female,43,Sales,Manager,M.Tech,19,54996.0,2017-07-06,Bangalore,5,Yes,Yes
EMP09313,Aadhya Amble,Female,29,Sales,Senior Analyst,B.Tech,6,56841.0,2025-10-26,Hyderabad,5,No,No
EMP09314,Anthony Kumar,Female,39,Marketing,Manager,BCA,6,86775.0,2016-12-06,Bangalore,3,No,No
EMP09315,Ekavir Munshi,Male,39,IT,Manager,M.Tech,9,61638.0,2024-10-27,Mumbai,4,No,No
EMP09316,Edhitha Sagar,Female,53,Finance,Senior Analyst,M.Tech,2,79547.0,2017-12-26,Mumbai,4,Yes,No
EMP09317,Robert Dyal,Male,59,IT,Manager,MBA,17,66318.0,2026-07-16,Hyderabad,5,No,No
EMP09318,Udant Som,Female,50,IT,Senior Analyst,MBA,4,132363.0,2020-11-01,Hyderabad,1,Yes,No
EMP09319,Chavvi Kalla,Female,24,Sales,Team Lead,BCA,0,98245.0,2024-01-08,Chennai,4,No,No
EMP09320,Ridhi Bhagat,Male,53,Sales,Manager,M.Tech,2,82354.0,2020-08-24,Mumbai,5,No,Yes
EMP09321,Lakshmi Dhawan,Male,34,HR,Analyst,BCA,7,70960.0,2023-06-12,Chennai,5,Yes,No
EMP09322,Praneel Jhaveri,Female,29,Marketing,Senior Analyst,BCA,7,62047.0,2020-12-21,Chennai,5,No,No
EMP09323,Frado Khalsa,Male,32,Marketing,Analyst,MCA,15,36077.0,2018-11-30,Bangalore,5,Yes,No
EMP09324,Bhavika Mann,Female,25,Marketing,Analyst,MBA,9,49998.0,2024-10-26,Pune,1,Yes,No
EMP09325,Falak Suri,Male,37,Marketing,Team Lead,B.Tech,14,47065.0,2024-12-10,Bangalore,3,No,No
EMP09326,Ojasvi Gala,Female,30,HR,Senior Analyst,B.Tech,17,32179.0,2020-10-01,Chennai,3,No,Yes
EMP09327,Chakradhar Goyal,Female,57,Marketing,Team Lead,MBA,16,73571.0,2019-01-08,Pune,5,Yes,No
EMP09328,Warjas Venkataraman,Male,52,HR,Senior Analyst,MCA,13,34016.0,2017-10-06,Pune,1,Yes,No
EMP09329,Kiaan Kapadia,Male,50,Sales,Analyst,B.Tech,17,86776.0,2020-09-04,Mumbai,1,No,Yes
EMP09330,Balveer Mann,Female,53,HR,Analyst,B.Tech,13,38474.0,2017-04-28,Pune,2,Yes,No
EMP09331,Zayan Chopra,Female,58,Marketing,Team Lead,MBA,12,85657.0,2018-10-14,Mumbai,4,Yes,No
EMP09332,Chaitanya Pai,Male,50,Marketing,Senior Analyst,MBA,4,54733.0,2019-09-13,Pune,4,Yes,Yes
EMP09333,Harish Mand,Female,25,IT,Manager,MCA,16,134367.0,2021-06-25,Mumbai,5,Yes,No
EMP09334,Jyoti Roy,Male,29,IT,Team Lead,M.Tech,11,97039.0,2016-08-29,Mumbai,4,Yes,No
EMP09335,Jasmit Tata,Male,52,Finance,Analyst,BCA,9,74893.0,2020-09-02,Mumbai,2,No,No
EMP09336,Amaira Dyal,Female,46,IT,Analyst,BCA,20,96394.0,2017-01-27,Mumbai,1,No,No
EMP09337,Varenya Bhattacharyya,Male,58,Sales,Analyst,MCA,1,67244.0,2019-04-24,Bangalore,3,No,No
EMP09338,Hemang Venkataraman,Male,30,HR,Analyst,B.Tech,2,64359.0,2022-06-07,Chennai,2,No,No
EMP09339,Reva Dasgupta,Female,40,Sales,Senior Analyst,MBA,7,57097.0,2025-11-15,Mumbai,3,Yes,No
EMP09340,Tanish Thakkar,Male,42,IT,Team Lead,B.Tech,14,98511.0,2025-06-10,Hyderabad,3,Yes,No
EMP09341,Yasti Sharma,Female,54,HR,Analyst,MBA,8,35382.0,2018-09-24,Hyderabad,5,No,No
EMP09342,Falan Balay,Female,23,Finance,Analyst,M.Tech,0,48725.0,2024-08-11,Bangalore,3,Yes,No
EMP09343,Jasmit Dhar,Male,58,IT,Senior Analyst,BCA,11,65326.0,2026-04-03,Pune,3,Yes,No
EMP09344,Damini Nagarajan,Male,30,Sales,Senior Analyst,MCA,3,42149.0,2023-09-21,Mumbai,3,No,No
EMP09345,Lakshmi Bala,Male,50,Finance,Analyst,M.Tech,0,66992.0,2026-05-15,Pune,4,Yes,No
EMP09346,Eta Mahal,Female,31,Sales,Team Lead,MCA,4,96857.0,2025-03-22,Mumbai,1,Yes,No
EMP09347,Warda Muni,Male,25,Finance,Manager,B.Tech,12,98552.0,2019-09-25,Pune,3,No,No
EMP09348,Bakhshi Datta,Male,28,Sales,Team Lead,MCA,4,42357.0,2025-03-25,Chennai,2,Yes,No
EMP09349,Bina Narang,Female,54,Sales,Team Lead,MBA,8,33703.0,2026-04-27,Chennai,3,No,No
EMP09350,Banjeet Aggarwal,Male,32,HR,Senior Analyst,MBA,12,70704.0,2022-02-14,Bangalore,1,No,No
EMP09351,Wridesh Pal,Female,43,Marketing,Senior Analyst,BCA,15,61604.0,2019-11-27,Bangalore,1,Yes,No
EMP09352,Gaurika Bava,Male,33,HR,Senior Analyst,MBA,6,47558.0,2017-03-25,Pune,3,Yes,No
EMP09353,Neel Zacharia,Male,51,IT,Manager,BCA,17,106673.0,2025-10-12,Mumbai,1,No,No
EMP09354,Nilima Krishnamurthy,Female,29,Marketing,Senior Analyst,BCA,9,89751.0,2025-06-24,Hyderabad,1,Yes,No
EMP09355,Anthony Kala,Male,27,Sales,Senior Analyst,MCA,12,49105.0,2017-11-24,Bangalore,4,No,No
EMP09356,Gaurangi Dhaliwal,Female,56,Finance,Manager,MBA,4,48208.0,2024-12-26,Bangalore,1,Yes,No
EMP09357,Manan Sodhi,Female,51,IT,Analyst,MCA,7,140233.0,2019-11-23,Bangalore,5,No,No
EMP09358,Vedhika Patil,Male,45,Marketing,Analyst,B.Tech,7,48134.0,2024-12-21,Hyderabad,5,No,No
EMP09359,Yashodhara Sangha,Female,49,HR,Senior Analyst,B.Tech,18,70065.0,2020-06-20,Mumbai,3,No,No
EMP09360,Karan Hora,Male,36,HR,Team Lead,BCA,3,38461.0,2017-06-15,Pune,2,Yes,No
EMP09361,Nitara Madan,Male,48,Marketing,Team Lead,M.Tech,18,77256.0,2024-11-30,Hyderabad,4,No,Yes
EMP09362,Fitan Kara,Male,24,Sales,Analyst,BCA,0,60927.0,2025-03-06,Chennai,2,Yes,No
EMP09363,Aarush Amble,Male,22,Finance,Analyst,BCA,15,62152.0,2021-10-28,Hyderabad,2,Yes,No
EMP09364,Chatura Memon,Male,51,IT,Team Lead,MBA,2,58694.0,2024-03-21,Hyderabad,5,No,No
EMP09365,Bhavani Bera,Female,53,Finance,Analyst,B.Tech,9,100507.0,2021-11-09,Bangalore,4,Yes,No
EMP09366,Fariq Saha,Male,39,IT,Manager,BCA,13,63925.0,2018-11-12,Chennai,1,No,Yes
EMP09367,Tanish Kapur,Male,24,Sales,Manager,M.Tech,17,57989.0,2019-08-15,Bangalore,2,No,Yes
EMP09368,Vedika Sinha,Male,25,Marketing,Senior Analyst,MCA,15,69556.0,2018-07-27,Hyderabad,4,Yes,No
EMP09369,Udant Ramaswamy,Female,24,Finance,Manager,BCA,20,57916.0,2024-07-15,Pune,2,No,No
EMP09370,Zansi Keer,Female,43,Sales,Senior Analyst,B.Tech,17,86768.0,2023-05-24,Bangalore,2,No,No
EMP09371,Champak Loyal,Male,36,HR,Senior Analyst,BCA,17,60551.0,2026-03-03,Chennai,4,Yes,No
EMP09372,Tanveer Kalla,Female,51,Finance,Team Lead,MBA,11,72937.0,2023-06-02,Pune,1,Yes,No
EMP09373,Zashil Kapadia,Female,41,HR,Analyst,B.Tech,0,53207.0,2023-02-03,Bangalore,2,No,No
EMP09374,Edhitha Dhar,Female,47,HR,Analyst,BCA,16,43891.0,2019-02-28,Chennai,1,Yes,No
EMP09375,Radhika Aurora,Female,49,Sales,Analyst,B.Tech,1,61707.0,2023-04-17,Hyderabad,3,No,No
EMP09376,Zaitra Banik,Male,34,Marketing,Analyst,MBA,3,87579.0,2019-10-11,Chennai,3,Yes,Yes
EMP09377,Daniel Bakshi,Male,58,Finance,Manager,MBA,5,49432.0,2022-04-27,Mumbai,3,Yes,No
EMP09378,Watika Bahl,Female,54,Sales,Team Lead,MCA,6,38216.0,2024-02-14,Chennai,4,No,No
EMP09379,Bahadurjit Shah,Female,24,Sales,Manager,BCA,8,45956.0,2020-01-18,Chennai,2,Yes,No
EMP09380,Eta Nigam,Female,33,Sales,Manager,M.Tech,13,83600.0,2023-12-23,Pune,3,Yes,Yes
EMP09381,Maanas Gola,Female,57,IT,Manager,BCA,9,57056.0,2023-01-09,Bangalore,2,No,No
EMP09382,Ubika Bal,Female,39,IT,Analyst,BCA,8,130297.0,2025-03-06,Chennai,4,No,No
EMP09383,Manya Bava,Male,46,Sales,Analyst,MBA,19,66762.0,2019-08-13,Bangalore,4,No,Yes
EMP09384,Meera Dasgupta,Male,25,Marketing,Analyst,BCA,19,42665.0,2021-03-19,Hyderabad,5,Yes,No
EMP09385,Charita Bhandari,Female,33,Finance,Analyst,B.Tech,1,64678.0,2024-04-12,Mumbai,2,No,No
EMP09386,Ekbal Bhargava,Female,25,Finance,Analyst,MCA,4,52122.0,2026-01-13,Pune,1,Yes,No
EMP09387,Vivaan Soman,Female,29,IT,Senior Analyst,BCA,12,91623.0,2022-07-31,Pune,1,Yes,No
EMP09388,Oeshi Rout,Male,52,HR,Analyst,B.Tech,4,73456.0,2017-12-09,Hyderabad,1,Yes,No
EMP09389,Nidra Brar,Male,30,Sales,Manager,B.Tech,12,80482.0,2020-07-29,Bangalore,1,No,No
EMP09390,Timothy Johal,Female,26,Finance,Manager,B.Tech,18,107235.0,2023-01-13,Chennai,4,Yes,No
EMP09391,Eshana Bhatt,Female,40,IT,Manager,MCA,8,96468.0,2023-03-30,Bangalore,2,No,No
EMP09392,Omkaar D’Alia,Female,26,IT,Senior Analyst,MCA,11,118304.0,2022-12-01,Chennai,1,No,No
EMP09393,Jairaj Rajan,Female,58,Finance,Manager,MBA,20,57225.0,2026-08-03,Pune,3,No,No
EMP09394,Yasti Yogi,Female,32,Marketing,Manager,MCA,15,49261.0,2020-01-07,Mumbai,1,Yes,No
EMP09395,Falan Mander,Male,26,Finance,Manager,M.Tech,19,96149.0,2020-12-08,Hyderabad,2,Yes,No
EMP09396,Ayush Bath,Female,54,Sales,Manager,B.Tech,0,53920.0,2019-01-13,Chennai,2,Yes,No
EMP09397,Mitali Rajagopalan,Male,30,Marketing,Analyst,BCA,12,74901.0,2024-05-05,Mumbai,4,Yes,No
EMP09398,Adweta Pathak,Female,41,Finance,Senior Analyst,MCA,14,84069.0,2021-10-23,Chennai,3,Yes,No
EMP09399,Forum Sahota,Female,30,Finance,Manager,M.Tech,16,119905.0,2023-03-07,Hyderabad,1,No,No
EMP09400,Vritti Sengupta,Female,34,Finance,Senior Analyst,MCA,19,96101.0,2026-02-09,Chennai,2,Yes,No
EMP09401,Sathvik Lall,Female,32,Sales,Senior Analyst,B.Tech,12,66612.0,2020-10-22,Bangalore,2,Yes,No
EMP09402,Omaja Seshadri,Male,32,Sales,Team Lead,M.Tech,0,30781.0,2022-03-09,Chennai,5,Yes,No
EMP09403,Dalbir Gulati,Male,49,Sales,Team Lead,BCA,0,69019.0,2022-06-04,Hyderabad,3,Yes,No
EMP09404,Ethan Trivedi,Male,22,Finance,Senior Analyst,MBA,1,73009.0,2019-01-15,Bangalore,2,No,No
EMP09405,Ekalinga Thakkar,Male,54,HR,Team Lead,B.Tech,12,44546.0,2020-07-29,Pune,5,Yes,No
EMP09406,Ati Sandal,Female,39,HR,Analyst,B.Tech,1,30122.0,2026-05-12,Pune,2,No,No
EMP09407,Geetika Kurian,Male,23,HR,Team Lead,BCA,5,63356.0,2024-09-08,Bangalore,1,Yes,No
EMP09408,Anvi Parmar,Female,29,Marketing,Analyst,MCA,15,60621.0,2025-10-26,Bangalore,2,Yes,No
EMP09409,Utkarsh Sarna,Male,29,Marketing,Manager,BCA,15,83802.0,2019-06-06,Mumbai,4,Yes,Yes
EMP09410,Nitara Bajaj,Female,53,HR,Manager,M.Tech,7,63672.0,2024-05-06,Pune,4,No,No
EMP09411,Harini Chaudry,Female,34,Finance,Team Lead,MCA,10,49309.0,2026-06-14,Chennai,1,No,No
EMP09412,Yashvi Narayanan,Male,52,Sales,Manager,MBA,9,53388.0,2017-09-27,Pune,3,No,No
EMP09413,Zaitra Sant,Male,24,IT,Team Lead,BCA,1,99470.0,2026-03-23,Hyderabad,2,Yes,No
EMP09414,Falan Shanker,Female,50,IT,Senior Analyst,M.Tech,7,146072.0,2022-02-10,Pune,2,Yes,No
EMP09415,Ayushman Zachariah,Male,30,Marketing,Senior Analyst,M.Tech,9,59929.0,2017-04-03,Bangalore,5,Yes,No
EMP09416,Tejas Mann,Female,24,Sales,Manager,MCA,11,42680.0,2021-06-15,Hyderabad,3,Yes,No
EMP09417,Ishita Som,Female,53,HR,Senior Analyst,BCA,19,41857.0,2019-09-26,Chennai,4,No,No
EMP09418,Zansi Roy,Female,40,IT,Senior Analyst,BCA,9,74716.0,2022-05-25,Mumbai,4,No,No
EMP09419,Luke Patla,Male,54,Sales,Analyst,BCA,4,59394.0,2022-06-18,Mumbai,4,Yes,No
EMP09420,Chameli Bhatnagar,Male,27,Sales,Analyst,MCA,5,97044.0,2024-12-31,Mumbai,4,Yes,No
EMP09421,Bakhshi Shan,Female,57,Finance,Analyst,B.Tech,19,55338.0,2025-12-06,Mumbai,5,Yes,No
EMP09422,Onveer Rajagopalan,Female,24,Marketing,Team Lead,MCA,16,39891.0,2020-07-24,Bangalore,3,Yes,No
EMP09423,Bhavani Magar,Male,55,Marketing,Analyst,MCA,10,38483.0,2024-03-07,Mumbai,4,No,No
EMP09424,Yamini Nadkarni,Female,28,Sales,Team Lead,M.Tech,20,77623.0,2020-04-24,Chennai,3,Yes,No
EMP09425,Ekavir Kota,Female,26,HR,Analyst,M.Tech,6,49537.0,2023-03-06,Hyderabad,3,Yes,No
EMP09426,Daksha Keer,Female,23,Sales,Senior Analyst,B.Tech,17,82355.0,2021-02-26,Mumbai,3,Yes,No
EMP09427,Wyatt Chowdhury,Female,55,IT,Manager,B.Tech,4,134328.0,2025-04-23,Mumbai,4,No,No
EMP09428,Mahika Kant,Male,44,HR,Manager,B.Tech,20,70344.0,2022-09-28,Bangalore,2,Yes,No
EMP09429,Ekbal Jani,Male,52,Marketing,Analyst,MBA,20,52718.0,2024-07-01,Mumbai,1,No,Yes
EMP09430,Aadhya Raval,Female,26,Sales,Manager,B.Tech,18,98070.0,2019-02-08,Hyderabad,2,No,No
EMP09431,Manan Sharma,Male,54,HR,Manager,BCA,10,38164.0,2025-12-07,Chennai,3,No,No
EMP09432,Zansi Varghese,Female,32,Finance,Manager,B.Tech,10,53483.0,2025-02-23,Bangalore,4,Yes,No
EMP09433,Nikita Bansal,Female,55,Marketing,Team Lead,B.Tech,9,88023.0,2021-03-08,Bangalore,3,No,No
EMP09434,Chatura Venkatesh,Female,26,Finance,Senior Analyst,MCA,20,45018.0,2018-06-28,Pune,4,No,No
EMP09435,Oviya Bhagat,Female,23,HR,Manager,B.Tech,1,31184.0,2022-04-05,Pune,2,No,No
EMP09436,Azaan Mishra,Female,31,HR,Team Lead,MBA,5,46766.0,2019-06-30,Mumbai,4,No,No
EMP09437,Vansha Sundaram,Male,25,IT,Senior Analyst,MCA,4,123224.0,2026-07-01,Hyderabad,2,Yes,No
EMP09438,Elijah Kaul,Female,53,Sales,Manager,MCA,12,47041.0,2017-04-16,Bangalore,4,No,No
EMP09439,Devansh Loyal,Male,53,Finance,Senior Analyst,BCA,7,45228.0,2019-02-01,Bangalore,4,Yes,No
EMP09440,Thomas Das,Female,26,Sales,Manager,MBA,8,52304.0,2023-12-07,Bangalore,1,Yes,Yes
EMP09441,Robert Kothari,Male,58,Sales,Senior Analyst,MBA,1,99917.0,2020-11-14,Chennai,4,No,No
EMP09442,Meghana Tella,Female,43,Finance,Senior Analyst,MBA,4,96330.0,2025-01-15,Bangalore,1,Yes,No
EMP09443,Abhiram Puri,Female,35,Sales,Manager,MBA,20,73070.0,2019-09-18,Mumbai,4,Yes,No
EMP09444,Yatan Kata,Female,53,Sales,Analyst,MCA,3,91045.0,2026-05-26,Mumbai,2,Yes,No
EMP09445,Hemang Borde,Female,54,HR,Manager,BCA,3,46223.0,2021-03-16,Pune,2,Yes,No
EMP09446,Vamakshi Murty,Female,55,IT,Analyst,BCA,17,52450.0,2017-04-03,Mumbai,5,No,No
EMP09447,Varenya Dash,Male,34,Sales,Team Lead,MCA,13,92780.0,2022-07-15,Mumbai,5,No,No
EMP09448,Darika Kothari,Female,42,IT,Senior Analyst,MCA,15,64110.0,2018-08-27,Chennai,4,Yes,No
EMP09449,Ayaan Badami,Male,22,Marketing,Team Lead,B.Tech,19,56610.0,2022-05-07,Mumbai,3,No,Yes
EMP09450,Kamala Saini,Male,40,Sales,Team Lead,M.Tech,5,81312.0,2020-05-25,Chennai,1,Yes,No
EMP09451,Harini Raval,Female,40,Sales,Analyst,BCA,14,79887.0,2019-08-28,Bangalore,2,Yes,Yes
EMP09452,Gopal Kapur,Male,40,IT,Team Lead,B.Tech,9,81404.0,2022-12-05,Mumbai,5,Yes,No
EMP09453,Faraj Joshi,Male,41,Finance,Senior Analyst,B.Tech,14,107861.0,2018-01-22,Mumbai,1,No,No
EMP09454,Yug Grover,Male,32,Marketing,Senior Analyst,BCA,10,83073.0,2022-10-24,Bangalore,1,Yes,No
EMP09455,Chakradhar Buch,Male,52,Sales,Analyst,MBA,2,46435.0,2017-05-02,Mumbai,1,Yes,No
EMP09456,Ishita Krishnamurthy,Male,51,HR,Senior Analyst,BCA,1,40310.0,2017-03-18,Chennai,4,Yes,No
EMP09457,Imaran Iyer,Male,54,HR,Analyst,MCA,8,35570.0,2018-08-25,Chennai,5,No,No
EMP09458,Harshil Dhingra,Male,54,IT,Analyst,B.Tech,11,68061.0,2020-08-13,Bangalore,2,No,No
EMP09459,Gagan Ramakrishnan,Male,50,HR,Manager,M.Tech,16,60898.0,2020-04-28,Hyderabad,1,No,No
EMP09460,Jagrati Bassi,Male,60,IT,Senior Analyst,M.Tech,4,110924.0,2019-08-14,Hyderabad,2,No,No
EMP09461,Vanya Ben,Male,44,HR,Team Lead,BCA,18,59260.0,2024-11-19,Chennai,2,No,No
EMP09462,Edhitha Kade,Female,48,HR,Senior Analyst,B.Tech,1,47531.0,2024-05-18,Bangalore,1,Yes,No
EMP09463,Parth Bains,Female,38,HR,Team Lead,B.Tech,0,50764.0,2021-12-08,Chennai,4,No,No
EMP09464,Unnati Rastogi,Female,35,Finance,Manager,M.Tech,2,48899.0,2022-11-11,Chennai,3,No,No
EMP09465,Abhimanyu Goswami,Female,23,IT,Team Lead,BCA,12,113626.0,2024-02-20,Mumbai,1,No,No
EMP09466,Jeet Mistry,Female,23,IT,Analyst,MBA,2,78675.0,2017-11-19,Hyderabad,4,Yes,No
EMP09467,Abeer Kumer,Female,55,Marketing,Senior Analyst,B.Tech,15,54690.0,2018-08-03,Hyderabad,2,No,Yes
EMP09468,Darika Naik,Male,24,HR,Manager,BCA,7,40876.0,2020-01-09,Bangalore,2,No,No
EMP09469,Yoshita Khatri,Male,39,Marketing,Senior Analyst,B.Tech,4,85083.0,2020-01-04,Chennai,3,Yes,No
EMP09470,Karan Chana,Male,52,Finance,Analyst,BCA,4,62810.0,2022-05-20,Chennai,4,Yes,No
EMP09471,Jagrati Gaba,Female,32,Marketing,Team Lead,B.Tech,8,47323.0,2018-01-25,Hyderabad,4,Yes,No
EMP09472,Inaya Dass,Male,52,Sales,Team Lead,B.Tech,13,50620.0,2022-11-13,Hyderabad,4,No,No
EMP09473,Siya Ratti,Female,29,Sales,Team Lead,B.Tech,16,96659.0,2017-12-10,Chennai,3,Yes,No
EMP09474,Zashil Manda,Female,25,Marketing,Senior Analyst,B.Tech,6,52192.0,2018-01-28,Mumbai,5,No,No
EMP09475,Chanchal Subramaniam,Female,49,IT,Team Lead,M.Tech,8,87938.0,2025-04-30,Pune,5,Yes,No
EMP09476,Edhitha Minhas,Male,56,Finance,Team Lead,MCA,15,62179.0,2019-11-13,Chennai,1,Yes,No
EMP09477,Shivansh Chawla,Female,58,IT,Analyst,M.Tech,0,112188.0,2016-08-06,Mumbai,2,No,No
EMP09478,Zinal Mannan,Male,48,Finance,Senior Analyst,MCA,3,107251.0,2024-06-08,Hyderabad,1,Yes,Yes
EMP09479,Aarnav Sur,Male,32,Sales,Manager,M.Tech,20,86617.0,2017-11-27,Hyderabad,5,Yes,No
EMP09480,Qushi Brar,Female,54,Finance,Senior Analyst,MBA,10,75270.0,2019-03-21,Bangalore,4,Yes,No
EMP09481,Oviya Bava,Male,46,IT,Manager,B.Tech,7,79968.0,2022-08-20,Bangalore,5,No,No
EMP09482,Raagini Sani,Male,41,Marketing,Team Lead,MBA,17,50057.0,2026-05-25,Bangalore,5,Yes,No
EMP09483,Jonathan Singhal,Male,40,Finance,Senior Analyst,B.Tech,15,86428.0,2018-07-11,Chennai,3,No,No
EMP09484,Advay Singh,Female,42,Marketing,Team Lead,B.Tech,20,82497.0,2019-01-03,Bangalore,5,No,No
EMP09485,Niharika Sant,Male,57,HR,Analyst,BCA,20,61114.0,2026-05-19,Pune,4,Yes,No
EMP09486,Ojas Kalla,Male,56,Sales,Senior Analyst,M.Tech,14,66098.0,2026-07-09,Mumbai,2,No,No
EMP09487,Jasmit Agate,Female,44,Marketing,Team Lead,MCA,19,65946.0,2019-05-17,Bangalore,3,Yes,No
EMP09488,Quincy Bajaj,Male,39,Sales,Analyst,MBA,17,93718.0,2022-05-23,Bangalore,4,No,No
EMP09489,Harrison Jayaraman,Male,30,Marketing,Senior Analyst,BCA,5,53356.0,2024-07-23,Mumbai,2,Yes,No
EMP09490,Akshay Shankar,Female,56,Sales,Team Lead,BCA,19,36791.0,2017-10-17,Mumbai,5,No,No
EMP09491,Upkaar Kapoor,Male,38,IT,Manager,MCA,19,83809.0,2023-10-01,Chennai,5,No,No
EMP09492,Frado Gala,Female,31,Marketing,Team Lead,MCA,15,68794.0,2016-10-20,Mumbai,2,Yes,No
EMP09493,Warinder Gour,Female,29,Sales,Team Lead,MBA,1,45330.0,2020-11-07,Hyderabad,4,Yes,No
EMP09494,Jeremiah Dutta,Female,59,HR,Senior Analyst,MCA,19,42978.0,2020-02-28,Hyderabad,2,No,No
EMP09495,Faras Dar,Female,42,HR,Analyst,MBA,4,70736.0,2019-06-18,Hyderabad,4,Yes,No
EMP09496,Balveer Sharaf,Male,38,HR,Analyst,M.Tech,20,52488.0,2022-11-12,Pune,3,No,No
EMP09497,Lekha Toor,Female,53,HR,Manager,MCA,6,67165.0,2019-03-01,Hyderabad,3,Yes,Yes
EMP09498,Janaki Comar,Male,26,Sales,Manager,MCA,12,87774.0,2017-03-24,Pune,2,No,Yes
EMP09499,Jalsa Verma,Male,26,HR,Senior Analyst,B.Tech,11,39296.0,2022-12-01,Pune,2,No,No
EMP09500,Aishani Shan,Female,38,Marketing,Team Lead,BCA,9,60213.0,2019-10-19,Bangalore,3,Yes,No
EMP09501,Bachittar Kar,Female,51,IT,Team Lead,B.Tech,14,109256.0,2017-02-06,Bangalore,1,Yes,No
EMP09502,Vasatika Uppal,Male,29,Sales,Team Lead,B.Tech,18,64699.0,2020-05-13,Mumbai,5,Yes,No
EMP09503,Nilima Ganesan,Female,28,Finance,Analyst,M.Tech,9,85194.0,2016-09-10,Chennai,4,Yes,Yes
EMP09504,Amaira Lalla,Female,49,Sales,Team Lead,M.Tech,0,58653.0,2021-09-27,Chennai,5,No,Yes
EMP09505,Bahadurjit Pandit,Female,27,Sales,Senior Analyst,B.Tech,20,87898.0,2019-11-30,Mumbai,5,No,No
EMP09506,Gunbir Mittal,Male,29,HR,Senior Analyst,M.Tech,5,60042.0,2025-01-10,Mumbai,2,Yes,No
EMP09507,Frado Dar,Male,48,Marketing,Senior Analyst,MBA,0,85136.0,2020-07-12,Chennai,5,No,No
EMP09508,Jason Sama,Female,47,IT,Manager,MCA,16,106559.0,2026-04-06,Mumbai,3,Yes,No
EMP09509,Pranit Mallick,Male,46,IT,Senior Analyst,MBA,18,114480.0,2016-12-16,Bangalore,3,Yes,No
EMP09510,Mahika Bhatia,Male,23,Finance,Team Lead,M.Tech,5,64172.0,2018-02-16,Chennai,4,Yes,No
EMP09511,Meghana Tata,Male,55,Marketing,Analyst,MCA,16,56952.0,2019-04-17,Mumbai,4,Yes,No
EMP09512,Yachana Jaggi,Male,32,HR,Analyst,MBA,20,49342.0,2022-06-04,Pune,4,No,No
EMP09513,Rishi Bal,Male,60,Finance,Manager,B.Tech,3,77717.0,2016-09-01,Pune,5,Yes,No
EMP09514,Anthony Sama,Female,36,Marketing,Senior Analyst,B.Tech,5,47041.0,2025-10-24,Chennai,1,Yes,No
EMP09515,Vidhi Koshy,Female,53,Sales,Analyst,MCA,4,57197.0,2026-03-31,Mumbai,1,Yes,No
EMP09516,Azaan Vaidya,Female,22,HR,Team Lead,M.Tech,1,54115.0,2016-10-01,Hyderabad,4,Yes,No
EMP09517,Ekaja Bhatt,Female,59,Sales,Analyst,MCA,0,64216.0,2023-04-29,Chennai,2,Yes,No
EMP09518,Balendra Kara,Female,33,Sales,Team Lead,B.Tech,0,32341.0,2021-06-03,Chennai,3,No,No
EMP09519,Ekantika Chakraborty,Male,48,Finance,Senior Analyst,B.Tech,1,97872.0,2023-05-04,Pune,3,Yes,No
EMP09520,Niharika Menon,Male,22,Marketing,Team Lead,MBA,13,82064.0,2021-08-03,Chennai,3,No,No
EMP09521,Oni Iyer,Female,41,IT,Manager,M.Tech,20,76362.0,2018-09-12,Mumbai,1,Yes,No
EMP09522,Wishi Rout,Female,49,HR,Senior Analyst,M.Tech,19,30962.0,2017-03-10,Chennai,5,Yes,Yes
EMP09523,Chatura Bhatt,Female,56,IT,Senior Analyst,MCA,1,93420.0,2020-12-19,Mumbai,4,No,No
EMP09524,Advaith Wali,Female,26,Finance,Manager,MCA,12,70373.0,2017-01-18,Bangalore,3,Yes,No
EMP09525,Chaaya Tank,Female,27,Finance,Team Lead,BCA,13,102944.0,2024-06-17,Bangalore,4,Yes,No
EMP09526,Vincent Sarraf,Male,47,HR,Analyst,MCA,20,74996.0,2022-04-04,Chennai,5,Yes,No
EMP09527,Brijesh Pandit,Female,54,Sales,Team Lead,BCA,3,53184.0,2024-04-12,Pune,3,No,Yes
EMP09528,Aradhana Ghose,Female,24,Marketing,Manager,B.Tech,10,61342.0,2023-06-11,Chennai,4,Yes,Yes
EMP09529,Reva Garg,Female,32,IT,Analyst,MCA,16,120697.0,2025-06-23,Bangalore,2,No,No
EMP09530,Yashawini Walia,Male,58,HR,Team Lead,BCA,5,39013.0,2023-02-19,Chennai,2,No,Yes
EMP09531,Quincy Prabhakar,Male,29,IT,Team Lead,BCA,9,135402.0,2020-07-31,Hyderabad,1,Yes,No
EMP09532,Advik Toor,Male,38,IT,Manager,B.Tech,1,145679.0,2018-01-25,Pune,3,No,No
EMP09533,Jyoti Aggarwal,Female,33,Finance,Team Lead,MCA,10,79071.0,2018-03-10,Bangalore,2,No,No
EMP09534,Reyansh Karan,Male,47,HR,Manager,B.Tech,3,78826.0,2020-07-12,Chennai,4,No,Yes
EMP09535,Maya Shere,Female,34,Sales,Manager,MCA,0,98834.0,2026-04-13,Hyderabad,4,No,Yes
EMP09536,Jeremiah Kumar,Male,42,IT,Senior Analyst,M.Tech,17,147657.0,2022-04-05,Bangalore,1,Yes,No
EMP09537,Nitara Ghose,Male,37,Sales,Manager,M.Tech,17,66281.0,2025-09-21,Pune,4,No,No
EMP09538,Kalpit Comar,Male,34,Finance,Analyst,M.Tech,10,98687.0,2026-06-05,Bangalore,2,No,No
EMP09539,Umang Solanki,Female,50,Sales,Manager,M.Tech,6,91403.0,2023-08-08,Mumbai,4,No,No
EMP09540,Nidra Oza,Female,23,IT,Manager,B.Tech,9,145343.0,2025-08-19,Pune,1,Yes,No
EMP09541,Balhaar Raman,Male,26,Sales,Manager,MCA,17,52921.0,2021-08-31,Pune,3,No,No
EMP09542,Yatan Konda,Female,56,Marketing,Manager,B.Tech,12,61424.0,2019-09-02,Bangalore,1,Yes,No
EMP09543,Geetika Kade,Female,47,HR,Manager,B.Tech,2,76481.0,2023-01-27,Chennai,5,No,No
EMP09544,Fitan Oak,Female,23,Marketing,Manager,MCA,10,58483.0,2017-03-05,Mumbai,4,Yes,No
EMP09545,Keya Venkataraman,Female,23,IT,Analyst,B.Tech,18,113274.0,2019-08-10,Pune,1,Yes,No
EMP09546,Balendra Kapur,Female,52,HR,Senior Analyst,MBA,7,70552.0,2018-02-26,Bangalore,5,No,No
EMP09547,Charvi Bhandari,Female,26,IT,Team Lead,MBA,12,122677.0,2022-06-25,Hyderabad,4,Yes,No
EMP09548,Lopa Sekhon,Male,49,Sales,Senior Analyst,M.Tech,13,40326.0,2020-10-03,Hyderabad,4,Yes,No
EMP09549,Ryan Dhillon,Female,54,IT,Analyst,B.Tech,12,91633.0,2017-04-28,Bangalore,3,Yes,No
EMP09550,Chatura Barad,Male,49,HR,Analyst,B.Tech,20,60580.0,2023-09-01,Chennai,3,Yes,No
EMP09551,Ishaan Joshi,Male,23,Sales,Manager,B.Tech,1,87585.0,2022-11-03,Hyderabad,1,No,No
EMP09552,Panini Vyas,Male,48,IT,Team Lead,B.Tech,13,133514.0,2018-01-22,Bangalore,4,Yes,No
EMP09553,Sanaya Jha,Female,29,HR,Senior Analyst,MBA,2,36473.0,2021-07-08,Bangalore,5,Yes,No
EMP09554,Janani Narula,Female,34,Marketing,Team Lead,M.Tech,14,82198.0,2025-02-17,Chennai,1,Yes,No
EMP09555,Viraj Basu,Male,58,Sales,Manager,MCA,20,34699.0,2020-06-05,Chennai,1,Yes,No
EMP09556,Ishita Zacharia,Male,45,Sales,Manager,MBA,19,79028.0,2021-04-12,Pune,1,Yes,No
EMP09557,Yash Basu,Female,32,Finance,Senior Analyst,B.Tech,8,81419.0,2025-03-01,Pune,4,Yes,No
EMP09558,Vrishti Sharaf,Female,29,Marketing,Manager,M.Tech,1,57383.0,2018-04-16,Hyderabad,2,Yes,No
EMP09559,Yadavi Mand,Female,38,Sales,Analyst,M.Tech,9,69437.0,2017-03-31,Hyderabad,4,Yes,Yes
EMP09560,Warda Sarkar,Female,31,Marketing,Manager,M.Tech,19,68353.0,2022-12-20,Mumbai,1,No,No
EMP09561,Inaya Jhaveri,Male,48,Marketing,Team Lead,MBA,16,65181.0,2022-01-11,Hyderabad,3,Yes,Yes
EMP09562,Janya Bhasin,Male,47,Sales,Manager,B.Tech,12,75567.0,2024-04-30,Bangalore,4,No,No
EMP09563,Hitesh Shroff,Male,46,Finance,Analyst,B.Tech,3,113404.0,2018-04-19,Bangalore,2,No,Yes
EMP09564,Nitesh Mutti,Male,58,Marketing,Manager,MBA,7,51540.0,2019-05-24,Bangalore,1,No,No
EMP09565,Andrew Pathak,Female,44,Marketing,Senior Analyst,BCA,15,84365.0,2023-05-04,Bangalore,1,Yes,No
EMP09566,Faras Mammen,Female,22,Marketing,Manager,MCA,0,48530.0,2021-01-02,Bangalore,5,Yes,No
EMP09567,Ekiya Konda,Male,29,Marketing,Manager,M.Tech,14,64611.0,2026-07-25,Mumbai,4,Yes,No
EMP09568,Irya Narasimhan,Female,57,IT,Team Lead,M.Tech,3,78335.0,2024-09-25,Hyderabad,1,Yes,No
EMP09569,Vansha Maharaj,Male,46,Finance,Senior Analyst,MCA,5,98429.0,2017-05-04,Bangalore,5,Yes,Yes
EMP09570,Victor Madan,Female,32,Finance,Team Lead,M.Tech,0,64428.0,2016-12-29,Mumbai,4,Yes,No
EMP09571,Kashvi Nazareth,Male,49,Sales,Team Lead,B.Tech,18,71572.0,2024-03-03,Bangalore,2,Yes,No
EMP09572,Zayyan Nadig,Female,29,HR,Senior Analyst,M.Tech,6,34248.0,2023-08-16,Hyderabad,5,No,No
EMP09573,Anvi Thakkar,Male,34,IT,Team Lead,MCA,6,110174.0,2021-12-12,Mumbai,1,No,No
EMP09574,Lavanya Savant,Male,39,Finance,Team Lead,MCA,10,59775.0,2022-10-25,Pune,2,No,No
EMP09575,Harrison Luthra,Female,51,Finance,Senior Analyst,B.Tech,1,52962.0,2021-08-14,Bangalore,4,No,No
EMP09576,Mugdha Divan,Male,27,Sales,Senior Analyst,MBA,11,85106.0,2024-01-31,Bangalore,2,No,No
EMP09577,Abeer Oak,Male,39,IT,Manager,B.Tech,12,89643.0,2019-12-15,Pune,4,Yes,Yes
EMP09578,Aradhana Sethi,Female,58,IT,Analyst,MBA,1,110908.0,2024-02-04,Pune,1,No,Yes
EMP09579,Riya Lata,Female,57,Marketing,Manager,B.Tech,13,85867.0,2025-01-12,Bangalore,3,No,No
EMP09580,Matthew Jain,Female,53,IT,Team Lead,B.Tech,3,56495.0,2016-11-01,Bangalore,3,Yes,No
EMP09581,Laban Suri,Male,24,IT,Manager,MCA,2,111555.0,2018-03-11,Mumbai,2,No,No
EMP09582,Manan Mandal,Male,54,HR,Manager,MCA,14,59996.0,2023-11-20,Mumbai,3,No,No
EMP09583,Isaac Sarraf,Female,40,IT,Team Lead,M.Tech,4,145114.0,2021-10-07,Mumbai,4,Yes,No
EMP09584,Gaurika Kulkarni,Female,40,Marketing,Team Lead,M.Tech,6,53418.0,2024-10-13,Pune,4,Yes,No
EMP09585,Harita Bala,Male,46,Marketing,Manager,B.Tech,6,77670.0,2021-01-18,Bangalore,3,No,No
EMP09586,Vincent Dayal,Female,50,IT,Analyst,BCA,8,71877.0,2023-11-18,Hyderabad,4,Yes,No
EMP09587,Azad Iyer,Female,54,Finance,Analyst,B.Tech,3,70978.0,2019-01-09,Mumbai,5,Yes,No
EMP09588,Shaurya Sachdeva,Female,46,IT,Team Lead,MBA,14,117042.0,2021-06-08,Hyderabad,1,Yes,No
EMP09589,Lohit Raj,Male,36,Finance,Senior Analyst,B.Tech,2,65741.0,2019-12-12,Pune,1,Yes,No
EMP09590,Chatura Yohannan,Male,35,Sales,Senior Analyst,MCA,9,85694.0,2023-06-25,Mumbai,3,Yes,Yes
EMP09591,Turvi Hayre,Male,59,Finance,Manager,MBA,16,58087.0,2022-05-19,Chennai,4,No,No
EMP09592,Azaan Shroff,Female,53,Marketing,Analyst,B.Tech,13,64629.0,2023-09-28,Pune,1,Yes,Yes
EMP09593,Tamanna Batra,Male,29,Finance,Manager,MCA,1,50008.0,2024-04-19,Hyderabad,4,No,No
EMP09594,Meera Jain,Female,24,Sales,Manager,BCA,9,84939.0,2021-04-22,Chennai,2,Yes,No
EMP09595,Zayan Morar,Female,50,Marketing,Team Lead,MBA,6,72680.0,2016-10-05,Hyderabad,5,No,No
EMP09596,Timothy Amble,Female,58,Sales,Analyst,M.Tech,0,90892.0,2025-04-30,Mumbai,1,No,No
EMP09597,Tanish Bahri,Male,55,HR,Senior Analyst,B.Tech,2,53857.0,2021-09-03,Bangalore,3,Yes,No
EMP09598,Ekantika Raghavan,Female,28,IT,Team Lead,MBA,9,134624.0,2018-02-04,Bangalore,2,Yes,No
EMP09599,Upkaar Bassi,Female,26,IT,Team Lead,MCA,13,106267.0,2023-06-27,Pune,4,No,No
EMP09600,Rohan Rout,Female,46,IT,Team Lead,MCA,8,137105.0,2023-03-28,Bangalore,3,No,No
EMP09601,Veer Chhabra,Male,46,IT,Team Lead,MBA,10,141997.0,2024-05-02,Pune,5,Yes,No
EMP09602,Orinder Dugar,Female,49,IT,Manager,BCA,19,66620.0,2020-10-26,Pune,4,Yes,No
EMP09603,Vansha Mukhopadhyay,Male,32,HR,Senior Analyst,MCA,10,36973.0,2020-12-24,Mumbai,5,No,No
EMP09604,Eshana Rana,Female,33,Sales,Manager,MBA,17,45508.0,2018-09-16,Bangalore,1,Yes,No
EMP09605,Anya Bains,Female,52,IT,Senior Analyst,B.Tech,11,65979.0,2020-06-08,Pune,3,Yes,No
EMP09606,Jagdish Shukla,Female,59,HR,Senior Analyst,B.Tech,11,43026.0,2026-05-15,Pune,1,No,No
EMP09607,Kala Dave,Female,57,IT,Manager,M.Tech,7,116039.0,2019-07-25,Pune,1,No,Yes
EMP09608,Advika Patla,Female,33,Sales,Senior Analyst,M.Tech,7,95694.0,2016-11-06,Chennai,4,No,No
EMP09609,Zansi Raj,Male,48,Finance,Manager,M.Tech,0,111644.0,2026-03-20,Pune,2,Yes,No
EMP09610,Chameli Kapur,Female,39,Marketing,Senior Analyst,B.Tech,10,77829.0,2023-07-05,Hyderabad,1,No,No
EMP09611,Liam Kota,Male,51,Sales,Senior Analyst,B.Tech,18,35435.0,2016-09-16,Pune,5,Yes,No
EMP09612,Dominic Agarwal,Female,54,HR,Analyst,M.Tech,18,76746.0,2019-11-23,Chennai,2,Yes,No
EMP09613,Gayathri Konda,Male,51,Finance,Team Lead,MBA,9,119835.0,2026-01-31,Mumbai,3,Yes,No
EMP09614,Ishaan Ganesan,Female,30,IT,Senior Analyst,BCA,6,146022.0,2024-09-05,Chennai,2,Yes,No
EMP09615,Vedika Kohli,Male,33,Finance,Manager,MCA,0,97754.0,2020-01-18,Mumbai,3,No,No
EMP09616,Abhimanyu Agrawal,Male,53,Sales,Analyst,MCA,4,76016.0,2017-01-23,Hyderabad,1,Yes,No
EMP09617,Dayita Chopra,Female,31,Finance,Senior Analyst,BCA,19,86038.0,2017-04-03,Chennai,3,No,No
EMP09618,Pushti Badal,Female,28,Sales,Senior Analyst,B.Tech,19,95789.0,2022-02-05,Bangalore,4,Yes,Yes
EMP09619,Yauvani Tripathi,Male,44,Marketing,Senior Analyst,BCA,14,38848.0,2019-04-02,Mumbai,1,No,No
EMP09620,Ojas Prasad,Male,45,Marketing,Manager,MCA,15,87414.0,2024-01-27,Chennai,3,Yes,No
EMP09621,Pratyush Rama,Male,54,Sales,Manager,MBA,14,63108.0,2023-08-14,Hyderabad,1,No,No
EMP09622,Anjali Tailor,Male,43,Sales,Senior Analyst,MBA,16,77856.0,2019-11-01,Bangalore,1,Yes,No
EMP09623,Maanas Nagar,Male,46,Marketing,Team Lead,MCA,14,54787.0,2021-02-01,Pune,4,Yes,No
EMP09624,Krisha Jani,Male,37,HR,Analyst,MBA,1,32645.0,2025-12-22,Pune,1,Yes,No
EMP09625,Zansi Banik,Male,40,Finance,Manager,MBA,18,95573.0,2017-03-21,Pune,1,Yes,No
EMP09626,Bishakha Lad,Male,55,IT,Senior Analyst,MBA,15,85952.0,2023-04-20,Mumbai,4,No,No
EMP09627,Saumya Parsa,Male,50,Finance,Manager,MBA,0,110547.0,2025-05-01,Bangalore,1,No,No
EMP09628,Reyansh Bava,Female,45,HR,Team Lead,B.Tech,11,74031.0,2019-11-11,Pune,1,Yes,No
EMP09629,Harita Sachar,Male,33,Finance,Analyst,M.Tech,9,85008.0,2019-12-12,Bangalore,3,Yes,No
EMP09630,Zaitra Garde,Female,41,IT,Senior Analyst,B.Tech,16,86692.0,2018-02-05,Hyderabad,3,No,No
EMP09631,Waida Sengupta,Female,32,IT,Team Lead,M.Tech,11,77012.0,2017-01-23,Mumbai,4,No,No
EMP09632,Karan Prasad,Female,55,Sales,Manager,BCA,16,51692.0,2024-08-10,Hyderabad,4,Yes,No
EMP09633,Barkha Gala,Male,39,Sales,Senior Analyst,MBA,5,84807.0,2020-07-25,Bangalore,3,Yes,No
EMP09634,Idika Dash,Female,37,Marketing,Analyst,M.Tech,5,71422.0,2018-10-22,Mumbai,2,Yes,No
EMP09635,Rachita Parekh,Male,26,IT,Team Lead,BCA,10,82803.0,2025-07-28,Bangalore,3,Yes,No
EMP09636,Gaurika Thaman,Male,47,Sales,Team Lead,MBA,1,58021.0,2022-11-03,Pune,1,No,Yes
EMP09637,Damini Kuruvilla,Male,60,HR,Team Lead,MCA,3,74017.0,2023-07-09,Chennai,4,Yes,No
EMP09638,Yamini Narang,Male,23,Finance,Team Lead,BCA,16,55875.0,2025-11-14,Pune,3,Yes,Yes
EMP09639,Faraj Ramaswamy,Female,34,Finance,Team Lead,BCA,9,52783.0,2020-05-21,Bangalore,3,Yes,No
EMP09640,Rachit Chaudhary,Female,57,IT,Team Lead,B.Tech,19,56718.0,2024-09-04,Mumbai,2,Yes,No
EMP09641,Varenya Sinha,Female,50,HR,Analyst,MBA,20,66681.0,2020-05-23,Mumbai,3,Yes,No
EMP09642,Harrison Sandhu,Male,31,Finance,Manager,B.Tech,10,87824.0,2019-01-26,Hyderabad,4,Yes,No
EMP09643,Ojasvi Yogi,Male,30,Marketing,Senior Analyst,MBA,0,46927.0,2018-12-10,Chennai,3,Yes,No
EMP09644,Niharika Merchant,Female,40,Marketing,Analyst,B.Tech,20,86155.0,2021-10-14,Bangalore,2,Yes,No
EMP09645,Anita Dada,Female,58,Sales,Manager,M.Tech,6,31950.0,2026-06-16,Pune,4,No,No
EMP09646,Maanav Sur,Male,25,Sales,Manager,BCA,2,54614.0,2020-08-19,Bangalore,5,No,Yes
EMP09647,Nidra Wason,Male,56,HR,Team Lead,M.Tech,11,54899.0,2025-03-27,Mumbai,1,No,No
EMP09648,Kashvi Chandran,Male,59,Marketing,Senior Analyst,M.Tech,1,89385.0,2019-05-19,Hyderabad,2,Yes,No
EMP09649,Chanchal Parsa,Female,51,Sales,Manager,MCA,5,82067.0,2026-01-02,Bangalore,4,Yes,No
EMP09650,Samarth Goel,Female,56,IT,Senior Analyst,MCA,8,62797.0,2018-04-20,Chennai,1,No,No
EMP09651,Chanchal Bail,Female,31,Sales,Team Lead,B.Tech,5,62948.0,2017-04-05,Chennai,5,Yes,No
EMP09652,Chameli Parmer,Female,59,IT,Manager,BCA,15,57215.0,2024-03-21,Bangalore,3,Yes,No
EMP09653,Rishi Agarwal,Female,44,Marketing,Manager,MCA,10,47787.0,2024-05-06,Bangalore,3,No,No
EMP09654,Warda Kade,Female,47,Marketing,Senior Analyst,B.Tech,11,53140.0,2018-03-16,Bangalore,3,No,No
EMP09655,Varsha Sidhu,Male,31,Finance,Senior Analyst,MCA,13,60473.0,2026-04-15,Bangalore,3,No,No
EMP09656,Isha Narain,Male,36,Finance,Senior Analyst,MBA,8,115966.0,2025-11-11,Mumbai,4,Yes,No
EMP09657,Sudiksha Dar,Female,54,Finance,Manager,MCA,19,75783.0,2017-10-08,Hyderabad,4,Yes,No
EMP09658,Bhavani Chacko,Male,60,Sales,Team Lead,B.Tech,14,34752.0,2017-06-26,Chennai,4,No,Yes
EMP09659,Kashvi Mohanty,Female,41,IT,Manager,B.Tech,2,66619.0,2016-09-11,Bangalore,5,No,No
EMP09660,Chaaya Gulati,Female,30,Sales,Manager,B.Tech,0,82396.0,2025-08-20,Mumbai,1,No,Yes
EMP09661,Vedant Yohannan,Female,50,Sales,Analyst,MBA,12,73798.0,2024-05-03,Pune,2,No,No
EMP09662,Divya Mishra,Male,50,IT,Senior Analyst,MBA,8,70598.0,2020-08-17,Hyderabad,1,No,No
EMP09663,Dipta Saha,Male,44,HR,Senior Analyst,MCA,4,76923.0,2023-11-02,Hyderabad,1,Yes,Yes
EMP09664,Kai Sachdeva,Female,24,Finance,Manager,BCA,7,81991.0,2017-08-13,Mumbai,3,Yes,No
EMP09665,Ishanvi Bawa,Male,24,Marketing,Senior Analyst,BCA,9,76866.0,2017-02-27,Pune,3,Yes,Yes
EMP09666,Dalaja Wali,Female,37,Marketing,Analyst,M.Tech,6,42233.0,2022-01-20,Hyderabad,1,Yes,No
EMP09667,Chameli Lal,Female,60,HR,Manager,MCA,6,58855.0,2017-08-30,Pune,2,Yes,No
EMP09668,Frado Palla,Male,36,HR,Manager,BCA,0,77357.0,2024-10-20,Chennai,1,Yes,No
EMP09669,Sai Shroff,Male,59,Sales,Senior Analyst,BCA,9,97484.0,2026-05-18,Mumbai,4,No,Yes
EMP09670,Dhriti Sunder,Female,24,IT,Analyst,MCA,15,100219.0,2021-12-25,Hyderabad,5,No,Yes
EMP09671,Oscar Chaudhuri,Female,29,HR,Senior Analyst,B.Tech,16,57495.0,2018-10-04,Chennai,1,No,No
EMP09672,Jalsa Palla,Male,24,HR,Senior Analyst,B.Tech,19,36797.0,2025-11-06,Hyderabad,1,Yes,No
EMP09673,Wakeeta Seth,Female,56,IT,Analyst,B.Tech,19,76935.0,2021-05-10,Mumbai,3,No,No
EMP09674,Maya Ram,Female,31,Sales,Senior Analyst,BCA,12,56592.0,2022-03-29,Hyderabad,2,No,No
EMP09675,Rudra Oommen,Female,49,Marketing,Manager,MCA,18,46983.0,2025-05-20,Chennai,1,No,No
EMP09676,Zayan Ravi,Female,58,Marketing,Senior Analyst,B.Tech,8,74660.0,2022-04-14,Chennai,4,Yes,No
EMP09677,Chakradev Varkey,Male,38,IT,Senior Analyst,B.Tech,15,130492.0,2024-10-10,Chennai,5,Yes,No
EMP09678,Sanaya Dhillon,Male,60,Sales,Senior Analyst,BCA,17,30205.0,2022-05-13,Hyderabad,2,No,No
EMP09679,Zansi Dass,Male,22,Marketing,Team Lead,B.Tech,6,55619.0,2019-02-27,Pune,4,Yes,Yes
EMP09680,George Devi,Male,29,Sales,Manager,M.Tech,9,55101.0,2022-11-09,Bangalore,5,Yes,No
EMP09681,Dalbir Raval,Female,58,Finance,Analyst,MBA,18,70760.0,2017-07-29,Mumbai,2,No,No
EMP09682,Ayush Rajagopal,Male,43,IT,Manager,B.Tech,0,140953.0,2023-06-06,Bangalore,3,Yes,No
EMP09683,Nidra Sachar,Male,60,Finance,Team Lead,M.Tech,2,82173.0,2020-02-08,Chennai,4,No,No
EMP09684,Ikshita Chaudhry,Male,37,Finance,Analyst,M.Tech,17,72982.0,2021-05-17,Hyderabad,2,Yes,No
EMP09685,Xalak Goyal,Female,46,Marketing,Manager,BCA,5,86432.0,2018-12-13,Mumbai,2,No,No
EMP09686,Chaman Naik,Male,29,HR,Team Lead,MCA,4,66206.0,2023-07-01,Bangalore,4,No,No
EMP09687,Akshay Varma,Male,55,Sales,Manager,BCA,20,51900.0,2018-08-21,Hyderabad,2,Yes,Yes
EMP09688,Gauri Hegde,Female,60,Sales,Manager,M.Tech,9,82612.0,2018-05-08,Bangalore,4,No,No
EMP09689,Gagan Rastogi,Female,37,HR,Analyst,MCA,5,60983.0,2024-04-23,Bangalore,2,Yes,No
EMP09690,Nidra Nagi,Female,39,Sales,Team Lead,MBA,11,73799.0,2024-12-09,Chennai,2,Yes,No
EMP09691,Janani Peri,Male,54,IT,Analyst,MCA,17,52832.0,2024-11-29,Pune,5,No,No
EMP09692,Max Dash,Male,27,Sales,Team Lead,M.Tech,4,95753.0,2016-08-24,Mumbai,5,Yes,No
EMP09693,Sachi Sastry,Female,59,HR,Manager,B.Tech,4,49681.0,2020-01-08,Mumbai,4,No,No
EMP09694,Jhalak Sampath,Male,24,Finance,Manager,M.Tech,2,99364.0,2023-04-25,Pune,3,Yes,No
EMP09695,Eshana Sama,Female,59,Marketing,Analyst,MCA,20,70718.0,2025-09-05,Chennai,5,No,No
EMP09696,Chavvi Ramachandran,Female,52,Finance,Senior Analyst,BCA,2,119584.0,2024-06-25,Chennai,5,No,No
EMP09697,Jackson Mammen,Female,53,IT,Manager,MCA,4,142516.0,2020-11-06,Pune,2,No,No
EMP09698,Bhavika Sastry,Male,38,HR,Senior Analyst,B.Tech,16,32516.0,2026-04-25,Chennai,3,Yes,No
EMP09699,Vanya Jhaveri,Female,22,Finance,Team Lead,BCA,13,111341.0,2020-09-21,Bangalore,2,Yes,No
EMP09700,Vidhi Rajagopal,Male,56,Finance,Analyst,MBA,14,99549.0,2019-04-11,Hyderabad,4,Yes,No
EMP09701,Balendra Narasimhan,Male,55,Sales,Analyst,MCA,17,86571.0,2016-10-21,Mumbai,5,No,No
EMP09702,Pranit Kara,Male,22,Marketing,Analyst,B.Tech,3,56779.0,2025-09-24,Chennai,1,Yes,Yes
EMP09703,Ijaya Edwin,Male,23,Marketing,Senior Analyst,MBA,7,67300.0,2025-10-21,Hyderabad,4,Yes,No
EMP09704,Dhruv Bhatia,Female,38,Finance,Analyst,MCA,20,74144.0,2024-01-26,Hyderabad,4,Yes,No
EMP09705,Onkar Agrawal,Female,28,Sales,Senior Analyst,B.Tech,19,96306.0,2022-11-03,Mumbai,5,Yes,No
EMP09706,Kevin Chaudry,Male,52,Marketing,Team Lead,M.Tech,10,83357.0,2019-06-30,Pune,1,No,No
EMP09707,Nicholas Joshi,Male,51,IT,Analyst,B.Tech,12,108795.0,2017-01-16,Mumbai,2,No,No
EMP09708,Barkha Kohli,Female,28,Marketing,Senior Analyst,B.Tech,15,82462.0,2021-04-07,Hyderabad,4,Yes,No
EMP09709,Dakshesh Venkataraman,Male,51,Marketing,Team Lead,BCA,4,45363.0,2017-11-10,Pune,4,Yes,Yes
EMP09710,Daksh Narang,Male,33,HR,Analyst,MBA,13,57938.0,2019-04-09,Mumbai,1,Yes,Yes
EMP09711,Harish Krish,Female,59,IT,Analyst,BCA,12,53298.0,2019-01-24,Mumbai,5,Yes,No
EMP09712,Shivani Sheth,Male,45,Finance,Manager,M.Tech,10,51878.0,2023-11-05,Hyderabad,3,Yes,Yes
EMP09713,Ojas Sinha,Male,35,Sales,Team Lead,BCA,14,43161.0,2021-04-21,Hyderabad,5,No,No
EMP09714,Rajeshri Sharma,Female,46,Marketing,Analyst,MBA,4,89324.0,2018-10-08,Hyderabad,1,Yes,No
EMP09715,Wriddhish Kamdar,Male,50,Finance,Analyst,MCA,16,111001.0,2025-08-12,Chennai,1,No,No
EMP09716,Unni Hayer,Female,53,IT,Analyst,BCA,12,129307.0,2024-07-26,Hyderabad,2,No,No
EMP09717,Rushil Raja,Female,53,IT,Senior Analyst,MCA,14,79991.0,2019-04-07,Pune,5,Yes,No
EMP09718,Yasti Palla,Male,26,Finance,Analyst,M.Tech,12,69937.0,2024-08-20,Pune,3,No,No
EMP09719,Aishani Kuruvilla,Female,47,IT,Team Lead,MCA,9,126318.0,2025-01-15,Mumbai,3,Yes,No
EMP09720,Vinaya Kadakia,Male,36,Finance,Analyst,MBA,15,102623.0,2025-05-23,Pune,5,No,No
EMP09721,Ekavir Khare,Female,23,Sales,Analyst,MBA,14,35963.0,2020-04-25,Mumbai,1,No,No
EMP09722,Dev Keer,Female,46,Finance,Analyst,MCA,8,71082.0,2021-04-27,Pune,4,Yes,No
EMP09723,Mahika Dass,Male,42,Sales,Senior Analyst,M.Tech,8,41210.0,2025-09-26,Chennai,2,No,No
EMP09724,Falan Deshpande,Male,58,Finance,Analyst,MCA,5,94098.0,2024-11-16,Chennai,5,No,No
EMP09725,Yug Deep,Female,53,Marketing,Senior Analyst,M.Tech,11,40078.0,2025-08-05,Bangalore,5,No,No
EMP09726,Yashodhara Kanda,Male,55,Marketing,Senior Analyst,MBA,20,86968.0,2017-04-10,Pune,1,Yes,No
EMP09727,Dhruv Raj,Female,24,Sales,Analyst,B.Tech,10,52608.0,2021-06-12,Pune,2,Yes,No
EMP09728,Vanya Kashyap,Male,35,Sales,Team Lead,BCA,9,71957.0,2023-09-25,Chennai,4,Yes,No
EMP09729,Sneha Chandran,Female,51,Finance,Senior Analyst,MBA,15,69631.0,2019-04-21,Mumbai,5,No,No
EMP09730,Ishani Kari,Female,28,Marketing,Senior Analyst,B.Tech,12,64573.0,2022-09-09,Bangalore,5,Yes,No
EMP09731,Amara Bawa,Female,33,HR,Senior Analyst,MBA,5,77067.0,2024-01-30,Chennai,4,Yes,No
EMP09732,Sara Sahota,Male,51,HR,Team Lead,MBA,5,44053.0,2021-07-04,Mumbai,1,Yes,No
EMP09733,Kritika Devi,Female,40,Marketing,Team Lead,MBA,11,56120.0,2023-01-02,Chennai,5,No,No
EMP09734,Teerth Pradhan,Male,26,IT,Analyst,M.Tech,19,54982.0,2025-04-11,Mumbai,2,Yes,No
EMP09735,Parth Khanna,Female,24,Marketing,Analyst,MCA,4,53982.0,2021-02-23,Mumbai,4,No,No
EMP09736,Caleb Doctor,Male,47,IT,Senior Analyst,B.Tech,16,125199.0,2017-09-24,Hyderabad,4,Yes,No
EMP09737,Max Sekhon,Female,58,IT,Team Lead,B.Tech,5,102932.0,2025-10-12,Pune,2,Yes,Yes
EMP09738,Vihaan Patla,Female,47,Marketing,Analyst,BCA,10,39007.0,2021-10-10,Bangalore,3,No,No
EMP09739,Ishaan Murty,Male,56,IT,Manager,MCA,12,107139.0,2022-06-07,Mumbai,2,Yes,Yes
EMP09740,Falan Mani,Female,41,Marketing,Analyst,MBA,16,49681.0,2021-09-28,Pune,1,No,No
EMP09741,Vrishti Dara,Male,56,Finance,Team Lead,MBA,11,96377.0,2021-08-01,Pune,1,No,No
EMP09742,Ranbir Puri,Female,26,IT,Team Lead,M.Tech,9,96931.0,2018-11-26,Bangalore,1,Yes,No
EMP09743,Vedant Gokhale,Male,39,Sales,Team Lead,MCA,6,32943.0,2022-08-05,Bangalore,5,Yes,No
EMP09744,Gautam Palla,Male,57,Finance,Senior Analyst,MBA,13,118975.0,2023-07-13,Bangalore,1,No,No
EMP09745,Ridhi Muni,Male,35,Sales,Senior Analyst,MBA,16,85508.0,2021-05-09,Mumbai,2,Yes,No
EMP09746,Yatan Mandal,Female,59,Finance,Manager,M.Tech,6,115496.0,2017-08-13,Chennai,2,Yes,Yes
EMP09747,Shaurya Sethi,Female,31,IT,Senior Analyst,B.Tech,12,85432.0,2020-07-22,Mumbai,4,Yes,No
EMP09748,Advik Banik,Male,56,Marketing,Manager,BCA,3,61467.0,2025-11-03,Pune,2,No,No
EMP09749,Aarnav Mitter,Male,43,Finance,Team Lead,M.Tech,16,71102.0,2018-02-26,Chennai,4,Yes,No
EMP09750,Samar Saraf,Female,41,Sales,Senior Analyst,MCA,4,71099.0,2021-04-07,Pune,3,Yes,No
EMP09751,Oviya Shah,Female,47,Marketing,Team Lead,MBA,10,79232.0,2025-06-05,Pune,5,Yes,No
EMP09752,Janya Swaminathan,Female,54,Sales,Team Lead,M.Tech,0,59855.0,2018-06-15,Hyderabad,5,Yes,No
EMP09753,Krishna Prashad,Female,34,Finance,Manager,M.Tech,12,51480.0,2019-03-27,Hyderabad,5,Yes,No
EMP09754,Jeevika Chandra,Female,28,Sales,Manager,B.Tech,18,76773.0,2017-12-02,Chennai,5,No,Yes
EMP09755,Joshua Mistry,Male,45,Sales,Manager,M.Tech,15,65379.0,2022-03-21,Mumbai,3,No,Yes
EMP09756,Kiaan Bains,Female,48,HR,Manager,B.Tech,19,51607.0,2021-01-04,Chennai,5,No,No
EMP09757,Atharv De,Male,34,IT,Analyst,MCA,19,132660.0,2018-08-03,Bangalore,5,Yes,No
EMP09758,Charita Narain,Female,55,HR,Team Lead,B.Tech,10,31112.0,2025-01-27,Mumbai,4,Yes,No
EMP09759,Adya Deol,Male,44,Sales,Senior Analyst,MBA,3,38950.0,2019-07-14,Pune,4,Yes,No
EMP09760,Diya Dhawan,Female,37,Marketing,Analyst,M.Tech,17,57770.0,2019-09-17,Hyderabad,3,No,No
EMP09761,Ria Sharaf,Male,30,Finance,Manager,MBA,20,84559.0,2019-06-21,Mumbai,2,Yes,No
EMP09762,Manan Prabhakar,Male,27,Finance,Team Lead,B.Tech,17,54152.0,2019-10-02,Pune,2,Yes,No
EMP09763,Dalaja Krishnamurthy,Male,60,Sales,Manager,MBA,5,70853.0,2026-04-09,Mumbai,3,No,No
EMP09764,Krishna Sane,Male,46,Marketing,Analyst,B.Tech,0,37774.0,2025-02-05,Hyderabad,2,No,No
EMP09765,Ronith Goyal,Male,41,Marketing,Team Lead,MBA,17,75289.0,2025-06-28,Chennai,2,No,No
EMP09766,Vedant Chaudhari,Female,28,HR,Manager,MCA,16,41357.0,2020-11-07,Chennai,3,Yes,No
EMP09767,Dhruv Kata,Female,38,IT,Analyst,MCA,2,130504.0,2021-04-15,Chennai,4,No,No
EMP09768,Falan Wason,Female,46,IT,Senior Analyst,M.Tech,11,72166.0,2017-01-15,Mumbai,3,Yes,No
EMP09769,Matthew Lad,Male,48,Sales,Manager,B.Tech,7,36062.0,2023-12-13,Mumbai,1,No,Yes
EMP09770,Kamala Swaminathan,Female,56,Finance,Senior Analyst,M.Tech,13,104348.0,2017-07-17,Bangalore,1,Yes,No
EMP09771,Yochana Shroff,Male,25,Marketing,Analyst,BCA,9,83745.0,2024-01-08,Hyderabad,3,Yes,No
EMP09772,Mitesh Vohra,Male,47,HR,Analyst,M.Tech,5,51558.0,2025-11-29,Mumbai,4,Yes,No
EMP09773,Aditya Mital,Male,25,HR,Senior Analyst,B.Tech,6,71907.0,2022-07-01,Chennai,4,Yes,No
EMP09774,Megha Sheth,Male,46,HR,Manager,BCA,16,74065.0,2019-04-09,Hyderabad,4,Yes,No
EMP09775,Bishakha Sura,Female,58,IT,Senior Analyst,B.Tech,20,147954.0,2017-02-27,Mumbai,2,Yes,No
EMP09776,Yashica Chokshi,Female,40,Sales,Team Lead,MCA,10,89697.0,2024-11-30,Chennai,5,Yes,No
EMP09777,Shivansh Zacharia,Male,25,Sales,Senior Analyst,B.Tech,17,59677.0,2021-07-28,Chennai,4,No,No
EMP09778,Yasti Baria,Male,37,Marketing,Analyst,BCA,13,81109.0,2025-06-29,Pune,3,No,No
EMP09779,Jagrati Palan,Female,55,Sales,Analyst,MBA,3,36340.0,2024-05-14,Hyderabad,4,No,No
EMP09780,Ganga Gill,Male,46,Finance,Team Lead,M.Tech,2,79707.0,2021-05-07,Hyderabad,4,Yes,No
EMP09781,Yashasvi Goswami,Male,25,IT,Team Lead,MBA,2,77876.0,2022-09-13,Bangalore,4,No,No
EMP09782,Aashi Borah,Female,46,HR,Manager,MBA,18,35692.0,2025-11-26,Pune,5,No,No
EMP09783,Daniel Sheth,Male,27,Finance,Manager,MCA,10,113060.0,2025-05-31,Pune,1,No,No
EMP09784,Sanaya Singh,Male,40,Sales,Team Lead,M.Tech,15,30892.0,2018-08-29,Pune,2,No,No
EMP09785,Anjali Dasgupta,Female,52,Finance,Manager,BCA,3,75919.0,2024-08-24,Mumbai,1,Yes,Yes
EMP09786,Ronith Bedi,Male,40,Sales,Analyst,B.Tech,11,46272.0,2022-06-20,Hyderabad,1,No,No
EMP09787,Raksha Nagy,Female,52,IT,Team Lead,MBA,6,82485.0,2024-06-01,Pune,4,No,No
EMP09788,Ladli Bhat,Male,22,HR,Analyst,B.Tech,16,69761.0,2019-08-30,Hyderabad,1,No,No
EMP09789,Raagini Shroff,Female,51,Finance,Analyst,B.Tech,7,54932.0,2025-07-25,Hyderabad,5,Yes,No
EMP09790,Isaiah Chand,Male,46,Sales,Manager,BCA,9,46483.0,2026-04-04,Chennai,2,No,No
EMP09791,Nihal Krish,Female,47,Sales,Senior Analyst,MCA,6,67468.0,2018-05-05,Mumbai,2,Yes,No
EMP09792,Nirja Parekh,Male,38,Finance,Team Lead,B.Tech,15,114077.0,2021-11-13,Hyderabad,2,Yes,No
EMP09793,Jasmit Magar,Male,22,Finance,Analyst,BCA,4,80040.0,2018-11-29,Mumbai,1,Yes,No
EMP09794,Yauvani Kota,Male,41,Marketing,Manager,B.Tech,15,87985.0,2023-02-07,Hyderabad,2,Yes,No
EMP09795,Suhani Jaggi,Male,58,IT,Team Lead,B.Tech,12,147337.0,2020-09-19,Pune,1,Yes,No
EMP09796,Daksh Subramaniam,Female,44,HR,Analyst,BCA,8,77115.0,2021-06-20,Pune,3,Yes,No
EMP09797,Manan Divan,Male,25,IT,Analyst,B.Tech,15,136929.0,2019-05-27,Hyderabad,5,Yes,No
EMP09798,Kalpit Oza,Female,42,IT,Team Lead,MCA,14,107783.0,2023-12-27,Bangalore,3,No,No
EMP09799,Pushti Choudhury,Male,34,Finance,Manager,M.Tech,5,67650.0,2019-11-05,Mumbai,5,No,No
EMP09800,Wridesh Pai,Male,33,Finance,Analyst,B.Tech,11,77164.0,2017-07-31,Bangalore,2,Yes,No
EMP09801,Chaitaly Mani,Female,39,HR,Analyst,BCA,2,45028.0,2023-02-01,Bangalore,4,No,No
EMP09802,Logan Bal,Female,58,HR,Senior Analyst,BCA,16,70500.0,2018-06-22,Mumbai,1,No,No
EMP09803,Zinal Prashad,Female,28,Sales,Senior Analyst,BCA,11,34113.0,2023-02-13,Mumbai,3,No,No
EMP09804,Vanya Kumar,Female,49,IT,Senior Analyst,BCA,1,65115.0,2026-03-01,Mumbai,5,Yes,No
EMP09805,Ganga Bajwa,Male,22,Finance,Team Lead,B.Tech,5,105175.0,2017-01-24,Pune,5,No,No
EMP09806,Warinder Bahri,Female,41,Finance,Manager,M.Tech,6,49755.0,2026-05-20,Chennai,2,No,No
EMP09807,Chanchal Deol,Male,43,HR,Team Lead,MCA,8,37241.0,2017-05-15,Mumbai,3,No,No
EMP09808,Upasna Pradhan,Male,49,HR,Manager,B.Tech,17,70421.0,2025-10-01,Hyderabad,2,No,No
EMP09809,Radhika Brar,Female,51,IT,Senior Analyst,MBA,5,121779.0,2021-10-03,Hyderabad,4,No,No
EMP09810,Warda Edwin,Female,46,Marketing,Manager,M.Tech,18,56276.0,2018-02-13,Mumbai,4,No,No
EMP09811,Vyanjana Sama,Female,36,Finance,Manager,M.Tech,2,73356.0,2026-04-13,Chennai,3,No,No
EMP09812,Darpan Morar,Female,41,IT,Senior Analyst,M.Tech,20,76298.0,2026-05-28,Bangalore,2,Yes,No
EMP09813,Omya Dash,Male,24,IT,Analyst,B.Tech,9,75947.0,2022-07-22,Bangalore,3,No,Yes
EMP09814,Samesh Wali,Male,30,IT,Team Lead,MBA,1,65266.0,2025-03-20,Chennai,3,Yes,No
EMP09815,Chatura Kari,Male,60,Marketing,Team Lead,M.Tech,15,86651.0,2024-03-23,Mumbai,1,No,No
EMP09816,Wahab Salvi,Female,56,Sales,Analyst,MBA,20,36080.0,2023-06-29,Mumbai,5,No,No
EMP09817,Sai Dhawan,Female,60,HR,Manager,M.Tech,9,71851.0,2025-10-28,Pune,5,Yes,No
EMP09818,Onkar Tailor,Male,27,HR,Team Lead,MBA,4,49524.0,2026-02-07,Hyderabad,4,No,No
EMP09819,Viraj Bali,Female,59,HR,Team Lead,M.Tech,0,65779.0,2022-05-26,Hyderabad,3,No,No
EMP09820,Ishita Khurana,Female,47,HR,Analyst,B.Tech,17,35145.0,2017-08-14,Mumbai,1,No,Yes
EMP09821,Kamala Sura,Male,58,Sales,Manager,B.Tech,3,59069.0,2017-12-26,Pune,5,No,Yes
EMP09822,Veda Upadhyay,Female,27,Marketing,Manager,BCA,4,89560.0,2025-03-24,Hyderabad,5,Yes,Yes
EMP09823,Sneha Narayan,Male,45,Sales,Manager,MCA,20,51712.0,2018-04-16,Bangalore,5,Yes,Yes
EMP09824,Laksh Sule,Female,49,HR,Analyst,M.Tech,18,35355.0,2022-01-22,Bangalore,5,No,No
EMP09825,Charles Prakash,Female,34,Marketing,Team Lead,MBA,14,56566.0,2026-03-23,Hyderabad,2,Yes,No
EMP09826,Luke Date,Female,24,Finance,Senior Analyst,BCA,3,49214.0,2017-03-25,Pune,3,Yes,Yes
EMP09827,Veer Dalal,Male,27,Sales,Analyst,M.Tech,3,37425.0,2017-08-13,Bangalore,1,No,No
EMP09828,Madhavi Rama,Female,29,HR,Manager,B.Tech,20,58812.0,2022-08-24,Mumbai,2,Yes,Yes
EMP09829,Darpan Naik,Male,53,HR,Team Lead,MBA,4,72806.0,2025-07-17,Bangalore,2,Yes,No
EMP09830,Ranveer Salvi,Male,53,IT,Analyst,MBA,14,57002.0,2026-05-06,Pune,4,No,No
EMP09831,Patrick Swamy,Female,53,HR,Team Lead,MBA,16,44139.0,2018-03-26,Chennai,2,No,No
EMP09832,Idika Jha,Male,43,Finance,Team Lead,MBA,7,104115.0,2021-04-09,Hyderabad,3,Yes,No
EMP09833,Matthew Radhakrishnan,Male,22,IT,Team Lead,MBA,16,128525.0,2025-12-11,Mumbai,5,No,Yes
EMP09834,Amaira Rattan,Male,42,IT,Analyst,B.Tech,10,98558.0,2025-02-02,Pune,5,Yes,No
EMP09835,Chakradhar Mohanty,Female,54,IT,Team Lead,B.Tech,14,101947.0,2025-11-28,Chennai,3,No,No
EMP09836,Ganga Soni,Female,60,Finance,Manager,B.Tech,12,61712.0,2022-05-30,Hyderabad,4,No,No
EMP09837,Harita Shah,Male,44,Finance,Manager,BCA,2,113248.0,2024-02-18,Mumbai,1,Yes,No
EMP09838,Ira Nair,Male,41,Marketing,Senior Analyst,M.Tech,2,48600.0,2024-10-15,Chennai,4,No,No
EMP09839,Ubika Verma,Female,29,HR,Senior Analyst,BCA,3,40052.0,2018-05-16,Chennai,3,Yes,No
EMP09840,Diya Chowdhury,Male,59,IT,Manager,M.Tech,0,56732.0,2017-02-24,Chennai,5,No,No
EMP09841,Bhavya Ben,Female,50,HR,Analyst,BCA,17,30257.0,2025-01-03,Bangalore,1,Yes,No
EMP09842,Anay Pall,Female,52,Sales,Manager,M.Tech,7,38150.0,2025-03-14,Chennai,2,No,No
EMP09843,Hiral Karpe,Male,53,IT,Team Lead,B.Tech,12,88248.0,2024-08-03,Hyderabad,2,No,No
EMP09844,Bahadurjit Dhaliwal,Male,25,IT,Senior Analyst,B.Tech,5,124584.0,2021-09-04,Mumbai,2,Yes,No
EMP09845,Harrison Nath,Male,27,Sales,Analyst,MBA,18,86159.0,2021-08-12,Bangalore,1,No,No
EMP09846,Ekaja Keer,Female,56,HR,Analyst,MCA,2,53731.0,2020-10-25,Mumbai,4,Yes,No
EMP09847,Caleb Samra,Male,54,Marketing,Manager,MCA,10,59800.0,2018-07-20,Bangalore,4,Yes,No
EMP09848,Akshay Naidu,Male,32,Sales,Analyst,MBA,17,82921.0,2018-09-11,Pune,5,Yes,No
EMP09849,Hredhaan Gill,Male,44,Marketing,Analyst,MBA,5,42355.0,2024-11-30,Bangalore,2,No,Yes
EMP09850,Yadavi Bose,Female,57,Sales,Senior Analyst,M.Tech,15,32016.0,2024-07-30,Hyderabad,5,No,No
EMP09851,Libni Chanda,Male,48,Finance,Senior Analyst,M.Tech,17,70456.0,2021-04-22,Hyderabad,2,No,No
EMP09852,Jhalak Date,Female,33,IT,Manager,MBA,10,124109.0,2020-01-11,Chennai,1,No,Yes
EMP09853,Saksham Soni,Female,44,HR,Manager,M.Tech,10,55310.0,2017-03-22,Bangalore,4,No,No
EMP09854,Maanas Sethi,Male,31,Finance,Senior Analyst,MCA,9,94137.0,2023-02-13,Bangalore,2,Yes,No
EMP09855,Aadi Acharya,Male,34,IT,Manager,BCA,2,127617.0,2022-05-06,Hyderabad,4,No,No
EMP09856,Peter Tailor,Male,45,Marketing,Manager,B.Tech,3,74213.0,2020-02-02,Chennai,3,Yes,No
EMP09857,Yashvi Gola,Male,38,IT,Senior Analyst,M.Tech,6,107080.0,2020-05-26,Pune,2,No,No
EMP09858,Neel Behl,Male,24,Finance,Manager,MCA,20,116038.0,2023-04-06,Mumbai,4,Yes,No
EMP09859,Siddharth Khanna,Female,57,Sales,Analyst,MCA,16,62816.0,2021-08-02,Mumbai,1,Yes,No
EMP09860,Baljiwan Pingle,Female,44,Sales,Analyst,BCA,6,87173.0,2023-10-13,Chennai,4,Yes,No
EMP09861,Balendra Bal,Male,28,HR,Analyst,B.Tech,15,62483.0,2025-01-17,Bangalore,4,No,Yes
EMP09862,Vincent Borra,Female,24,HR,Analyst,MBA,4,35880.0,2024-01-07,Bangalore,4,No,Yes
EMP09863,Xiti Bhandari,Male,43,Sales,Analyst,MBA,8,68081.0,2019-05-15,Hyderabad,5,No,Yes
EMP09864,Maanav Kara,Male,31,IT,Manager,M.Tech,20,114317.0,2019-09-27,Hyderabad,1,Yes,No
EMP09865,David Nagy,Female,60,Finance,Senior Analyst,M.Tech,18,89744.0,2025-07-21,Hyderabad,2,Yes,No
EMP09866,Parth Sachdeva,Female,25,Marketing,Analyst,MBA,1,49772.0,2016-12-03,Hyderabad,1,Yes,No
EMP09867,Gavin Peri,Female,40,IT,Senior Analyst,MBA,16,109155.0,2019-03-04,Bangalore,2,Yes,No
EMP09868,Tanish Sarraf,Female,49,Marketing,Senior Analyst,M.Tech,9,56278.0,2021-09-06,Mumbai,1,No,No
EMP09869,Charvi Narasimhan,Male,23,HR,Manager,MBA,7,37413.0,2018-07-23,Mumbai,3,Yes,No
EMP09870,Yatan Rastogi,Male,47,Finance,Analyst,B.Tech,10,77593.0,2021-03-04,Pune,1,Yes,No
EMP09871,Indali Nadig,Female,38,Finance,Team Lead,BCA,3,70070.0,2021-12-22,Hyderabad,1,No,No
EMP09872,Daksha Bhardwaj,Female,41,Sales,Manager,M.Tech,7,43972.0,2021-05-06,Chennai,4,No,Yes
EMP09873,Ati Johal,Female,26,HR,Team Lead,MCA,19,36898.0,2022-01-10,Pune,1,Yes,No
EMP09874,Rohan Kuruvilla,Male,41,Sales,Team Lead,BCA,8,30418.0,2025-05-13,Hyderabad,5,Yes,No
EMP09875,Wridesh Seshadri,Male,60,Marketing,Team Lead,B.Tech,10,70442.0,2016-10-05,Chennai,2,No,No
EMP09876,Jonathan Narayanan,Female,57,HR,Team Lead,B.Tech,14,47883.0,2025-04-13,Mumbai,4,Yes,No
EMP09877,Nathan Walla,Male,43,Sales,Team Lead,MBA,0,50384.0,2024-10-04,Bangalore,5,No,No
EMP09878,Eesha Bhatia,Male,55,Sales,Manager,M.Tech,14,84007.0,2019-12-28,Hyderabad,5,No,No
EMP09879,Vedhika Sachar,Female,27,HR,Analyst,MCA,5,47951.0,2020-12-17,Hyderabad,3,Yes,No
EMP09880,Brijesh Gole,Female,55,Marketing,Manager,MCA,7,50591.0,2019-12-18,Pune,3,No,No
EMP09881,Kavya Pai,Male,42,Marketing,Team Lead,B.Tech,14,43122.0,2022-04-24,Mumbai,5,Yes,No
EMP09882,Aryan Mitra,Female,45,Finance,Senior Analyst,B.Tech,2,109003.0,2019-05-09,Bangalore,4,Yes,No
EMP09883,Quincy Menon,Female,56,Marketing,Manager,MCA,3,42095.0,2017-03-14,Mumbai,4,No,No
EMP09884,Sanya Edwin,Female,60,Finance,Senior Analyst,BCA,10,113420.0,2020-02-10,Pune,4,No,No
EMP09885,Netra Mani,Female,23,Marketing,Senior Analyst,MBA,10,64103.0,2021-12-26,Pune,2,No,Yes
EMP09886,Daksha Khatri,Female,55,Marketing,Team Lead,MCA,20,37389.0,2018-10-30,Hyderabad,3,Yes,No
EMP09887,Naveen Varghese,Female,40,Finance,Analyst,BCA,3,63869.0,2021-01-09,Chennai,5,No,No
EMP09888,Yamini Batta,Male,38,Sales,Senior Analyst,MBA,18,98316.0,2018-07-24,Bangalore,2,No,No
EMP09889,Chasmum Pillay,Male,45,IT,Manager,B.Tech,1,95964.0,2016-10-14,Hyderabad,1,Yes,No
EMP09890,Zinal Saini,Male,52,HR,Analyst,MCA,14,47217.0,2025-03-24,Chennai,4,Yes,No
EMP09891,Chandran Soman,Male,26,Marketing,Team Lead,M.Tech,12,35797.0,2020-03-16,Bangalore,2,No,No
EMP09892,Kritika Venkataraman,Male,30,IT,Analyst,BCA,9,108470.0,2017-08-01,Hyderabad,3,Yes,No
EMP09893,Chatura Chand,Male,33,Finance,Manager,BCA,20,71924.0,2022-08-31,Mumbai,3,No,No
EMP09894,Adya Panchal,Male,53,Finance,Analyst,B.Tech,0,94974.0,2025-07-20,Bangalore,5,Yes,No
EMP09895,Manan Nanda,Female,36,Sales,Analyst,BCA,6,66529.0,2019-08-22,Chennai,2,Yes,Yes
EMP09896,Ethan Sarna,Female,59,Sales,Manager,B.Tech,3,97867.0,2022-10-30,Chennai,4,Yes,No
EMP09897,Advika Dua,Male,29,HR,Analyst,BCA,15,33091.0,2019-08-23,Pune,5,Yes,Yes
EMP09898,Inaya Bhardwaj,Male,46,Marketing,Senior Analyst,MBA,19,88255.0,2017-11-28,Chennai,3,No,No
EMP09899,Yashoda Kuruvilla,Female,22,Marketing,Senior Analyst,M.Tech,1,53658.0,2019-12-31,Mumbai,3,Yes,No
EMP09900,Noah Sabharwal,Female,35,Finance,Team Lead,MBA,15,54284.0,2019-11-24,Hyderabad,5,Yes,No
EMP09901,Peter Keer,Female,26,Sales,Analyst,MCA,5,43877.0,2023-08-16,Chennai,1,Yes,No
EMP09902,Aarav Sood,Male,28,IT,Analyst,B.Tech,7,142878.0,2016-09-26,Chennai,3,No,No
EMP09903,Reyansh Kashyap,Female,47,IT,Manager,BCA,10,87970.0,2021-03-07,Chennai,2,Yes,Yes
EMP09904,Eesha Gokhale,Female,52,Sales,Manager,MBA,8,62965.0,2017-02-23,Bangalore,5,No,No
EMP09905,Anmol Rana,Female,48,Finance,Senior Analyst,MCA,20,83272.0,2024-06-02,Bangalore,2,No,No
EMP09906,Veer Sane,Male,54,Sales,Analyst,B.Tech,2,40832.0,2026-06-10,Pune,2,Yes,No
EMP09907,Anita Murthy,Male,60,IT,Team Lead,MBA,3,85439.0,2025-07-07,Mumbai,2,No,No
EMP09908,Vivaan Chaudhuri,Female,37,IT,Analyst,MCA,19,129196.0,2019-04-16,Mumbai,2,No,No
EMP09909,Jyoti Mohanty,Male,59,HR,Manager,M.Tech,2,52068.0,2016-09-08,Bangalore,1,Yes,No
EMP09910,Wridesh Sathe,Female,38,Finance,Analyst,MBA,17,64256.0,2026-05-27,Pune,5,Yes,Yes
EMP09911,Daksh Dass,Female,45,HR,Manager,B.Tech,1,59582.0,2023-08-28,Bangalore,2,Yes,No
EMP09912,Samaksh Swamy,Female,28,Marketing,Senior Analyst,BCA,8,72773.0,2017-02-09,Mumbai,5,No,No
EMP09913,Ekantika Mann,Female,24,Marketing,Manager,BCA,9,84485.0,2023-08-20,Chennai,2,Yes,No
EMP09914,Lakshmi Butala,Male,28,HR,Senior Analyst,M.Tech,2,53357.0,2017-01-31,Mumbai,3,No,No
EMP09915,Upadhriti Sridhar,Female,47,Finance,Senior Analyst,BCA,10,111805.0,2021-09-12,Bangalore,3,Yes,No
EMP09916,Rushil Mukherjee,Male,48,IT,Manager,BCA,13,120276.0,2018-10-08,Hyderabad,5,No,No
EMP09917,Peter Chopra,Female,26,HR,Analyst,BCA,20,48795.0,2021-05-18,Hyderabad,2,No,No
EMP09918,Hemang Rajagopal,Male,58,Finance,Analyst,B.Tech,14,51528.0,2019-03-01,Hyderabad,5,Yes,No
EMP09919,Manthan Dua,Male,58,HR,Analyst,M.Tech,18,77014.0,2026-05-27,Chennai,4,Yes,No
EMP09920,Falak Dey,Male,55,HR,Analyst,MCA,4,72787.0,2023-10-03,Pune,1,Yes,No
EMP09921,Upkaar Naik,Female,56,IT,Senior Analyst,MBA,13,124616.0,2022-07-13,Hyderabad,1,No,No
EMP09922,Gaurangi Sinha,Female,33,Marketing,Manager,MBA,9,60422.0,2016-08-21,Bangalore,3,Yes,No
EMP09923,Nidhi Dugar,Male,36,Sales,Analyst,MBA,9,80655.0,2020-08-03,Hyderabad,4,Yes,No
EMP09924,Vamakshi Narula,Female,58,IT,Manager,MBA,4,147189.0,2019-07-07,Bangalore,3,No,No
EMP09925,Ekiya Chander,Male,47,Marketing,Manager,BCA,11,60610.0,2024-10-11,Pune,2,Yes,No
EMP09926,Vritti Randhawa,Male,22,Marketing,Analyst,M.Tech,5,82309.0,2026-04-17,Mumbai,5,Yes,Yes
EMP09927,Unni Karpe,Female,53,Marketing,Team Lead,MCA,12,87157.0,2024-06-11,Hyderabad,3,Yes,No
EMP09928,Harrison Bedi,Male,54,Marketing,Team Lead,MBA,16,41206.0,2018-02-10,Hyderabad,5,Yes,No
EMP09929,Nirja Sundaram,Male,33,IT,Manager,BCA,3,56653.0,2017-11-07,Bangalore,4,No,No
EMP09930,Jackson Dugar,Male,36,Marketing,Manager,B.Tech,16,77934.0,2017-10-08,Hyderabad,1,Yes,No
EMP09931,Luke Chana,Female,42,Sales,Team Lead,BCA,6,73467.0,2023-02-03,Hyderabad,4,No,No
EMP09932,Baghyawati Lanka,Male,48,Sales,Analyst,BCA,13,35453.0,2022-09-04,Hyderabad,3,No,No
EMP09933,Reyansh Kamdar,Female,45,Marketing,Senior Analyst,M.Tech,16,52971.0,2020-04-22,Mumbai,2,Yes,Yes
EMP09934,Falak Mohanty,Male,59,Finance,Team Lead,MBA,10,52396.0,2021-09-17,Bangalore,3,Yes,No
EMP09935,Rajeshri Brar,Male,40,IT,Senior Analyst,M.Tech,18,77794.0,2024-04-19,Chennai,1,Yes,No
EMP09936,Dipta Murty,Female,60,Sales,Senior Analyst,MBA,9,61691.0,2020-04-19,Chennai,3,Yes,No
EMP09937,Pooja Choudhry,Female,42,Sales,Manager,MCA,19,64333.0,2025-07-04,Hyderabad,4,Yes,No
EMP09938,Falguni Sule,Male,57,IT,Manager,M.Tech,20,132814.0,2021-07-28,Chennai,1,Yes,No
EMP09939,Parth Chandra,Male,25,IT,Analyst,M.Tech,9,65187.0,2022-05-05,Bangalore,4,No,No
EMP09940,Girish Comar,Male,56,Finance,Senior Analyst,B.Tech,7,61380.0,2024-07-14,Bangalore,1,Yes,No
EMP09941,Raagini Sathe,Male,30,Finance,Team Lead,M.Tech,18,64420.0,2023-09-16,Bangalore,5,Yes,No
EMP09942,Bhavika Choudhury,Male,25,IT,Analyst,M.Tech,16,129341.0,2017-10-18,Bangalore,2,Yes,No
EMP09943,Ishani Dhaliwal,Male,59,Sales,Analyst,MCA,6,39661.0,2021-09-15,Chennai,2,No,No
EMP09944,Radha Nanda,Male,54,IT,Team Lead,BCA,0,81247.0,2017-05-28,Hyderabad,2,No,No
EMP09945,Ekaraj Vaidya,Male,38,IT,Manager,MCA,11,81685.0,2021-04-17,Mumbai,3,No,No
EMP09946,Ekaja Shukla,Male,49,Sales,Analyst,MCA,0,53497.0,2016-08-21,Bangalore,1,Yes,No
EMP09947,Gautam Verma,Female,25,HR,Analyst,MCA,14,73847.0,2016-11-01,Pune,1,Yes,No
EMP09948,Ria Kapur,Female,57,Finance,Team Lead,MCA,13,80072.0,2018-03-25,Hyderabad,4,No,No
EMP09949,Diya Srinivas,Female,58,IT,Team Lead,MCA,1,126134.0,2024-02-02,Pune,2,No,No
EMP09950,Turvi Johal,Male,35,Marketing,Team Lead,BCA,20,88905.0,2021-10-06,Pune,4,Yes,No
EMP09951,Bina Krish,Female,57,Marketing,Team Lead,MBA,4,73701.0,2022-11-22,Bangalore,4,No,Yes
EMP09952,Forum Chandran,Female,26,IT,Senior Analyst,BCA,2,54999.0,2018-08-08,Mumbai,1,No,Yes
EMP09953,George Thaman,Male,53,HR,Analyst,MBA,18,68753.0,2025-03-28,Chennai,5,Yes,No
EMP09954,Nathaniel Tailor,Female,31,Sales,Senior Analyst,BCA,6,44719.0,2023-05-17,Hyderabad,3,Yes,No
EMP09955,Pushti Koshy,Female,54,Finance,Manager,M.Tech,0,69366.0,2016-11-03,Chennai,4,Yes,No
EMP09956,Janya Soman,Female,31,Sales,Senior Analyst,B.Tech,15,55635.0,2023-06-15,Bangalore,4,Yes,No
EMP09957,Pranav Sant,Male,30,Sales,Team Lead,BCA,3,87784.0,2025-11-10,Mumbai,2,No,No
EMP09958,Sathvik Bandi,Male,36,HR,Senior Analyst,MBA,7,53826.0,2018-09-02,Pune,4,No,No
EMP09959,Om Dugar,Male,35,IT,Analyst,M.Tech,17,66302.0,2018-08-18,Hyderabad,4,Yes,No
EMP09960,Ranbir Ramanathan,Male,24,Finance,Analyst,M.Tech,16,95868.0,2022-07-16,Chennai,2,Yes,No
EMP09961,Fiyaz Batra,Female,34,Sales,Manager,MBA,4,36225.0,2017-12-25,Chennai,2,Yes,No
EMP09962,Neel Edwin,Male,29,HR,Senior Analyst,MBA,20,41973.0,2019-12-19,Mumbai,2,Yes,No
EMP09963,Praneel Ahuja,Male,27,IT,Manager,BCA,14,141708.0,2024-12-09,Mumbai,5,Yes,No
EMP09964,Shivani Goda,Female,41,IT,Team Lead,M.Tech,13,92227.0,2020-02-06,Bangalore,5,No,Yes
EMP09965,Isha Mutti,Male,50,Sales,Senior Analyst,BCA,2,85495.0,2019-02-26,Pune,3,Yes,No
EMP09966,Yashawini Mall,Female,25,IT,Senior Analyst,BCA,19,87607.0,2021-04-11,Mumbai,1,Yes,No
EMP09967,Chandani Bajaj,Female,57,Marketing,Analyst,BCA,18,58857.0,2020-07-10,Bangalore,4,No,No
EMP09968,Hritik Pillai,Female,47,Marketing,Senior Analyst,B.Tech,0,88633.0,2019-09-17,Mumbai,1,Yes,No
EMP09969,Qarin Modi,Male,29,Finance,Manager,M.Tech,15,116070.0,2023-05-29,Mumbai,5,No,No
EMP09970,Qushi Patla,Female,27,HR,Senior Analyst,MBA,14,50300.0,2024-09-16,Chennai,2,No,No
EMP09971,Ryan Bains,Female,56,HR,Manager,MBA,17,58991.0,2020-08-06,Hyderabad,1,Yes,No
EMP09972,Kala Memon,Male,53,IT,Team Lead,M.Tech,2,138628.0,2022-04-13,Bangalore,1,Yes,No
EMP09973,Bhavika Pillai,Male,39,Finance,Team Lead,BCA,0,64259.0,2025-04-25,Pune,5,Yes,No
EMP09974,Aachal Nayak,Male,47,Sales,Team Lead,BCA,15,33617.0,2018-03-24,Chennai,3,Yes,No
EMP09975,Dhruv Srivastava,Male,45,HR,Manager,M.Tech,15,69680.0,2018-01-12,Hyderabad,4,Yes,No
EMP09976,Gaurang Srinivasan,Male,26,Marketing,Analyst,MBA,6,45541.0,2023-09-29,Mumbai,4,No,No
EMP09977,Yug Bhavsar,Male,58,Marketing,Team Lead,M.Tech,16,82602.0,2025-05-03,Pune,1,No,No
EMP09978,Lajita Vaidya,Male,44,Marketing,Analyst,M.Tech,1,88510.0,2018-09-14,Hyderabad,2,No,No
EMP09979,Wahab Patil,Female,37,Finance,Team Lead,MCA,5,115048.0,2022-11-04,Hyderabad,1,Yes,No
EMP09980,Yashasvi Hayer,Male,58,Sales,Team Lead,BCA,15,35999.0,2023-11-05,Chennai,3,No,No
EMP09981,Arjun Golla,Female,57,Sales,Team Lead,B.Tech,6,59816.0,2022-07-31,Pune,4,No,No
EMP09982,Lopa Chawla,Female,22,IT,Team Lead,B.Tech,17,86076.0,2017-08-11,Chennai,2,No,No
EMP09983,Nihal Talwar,Male,28,IT,Analyst,MCA,4,92949.0,2018-07-16,Chennai,3,No,No
EMP09984,Megha Balay,Female,48,HR,Manager,BCA,3,63453.0,2021-03-03,Bangalore,4,Yes,No
EMP09985,Mekhala Bora,Male,27,HR,Analyst,B.Tech,11,71114.0,2026-04-02,Chennai,3,Yes,No
EMP09986,Geetika Ram,Female,53,Sales,Team Lead,MBA,1,89730.0,2022-11-11,Chennai,5,Yes,No
EMP09987,Liam Ramaswamy,Female,54,HR,Senior Analyst,MCA,1,36851.0,2017-06-26,Hyderabad,2,Yes,No
EMP09988,Vaishnavi Zacharia,Female,32,Finance,Team Lead,MCA,19,98515.0,2021-03-23,Pune,5,No,Yes
EMP09989,Daksh Mani,Male,31,HR,Manager,MBA,16,36535.0,2018-09-25,Chennai,5,Yes,No
EMP09990,Amrita Sangha,Female,38,Finance,Analyst,B.Tech,18,50906.0,2024-12-28,Hyderabad,1,No,No
EMP09991,Anya Dhingra,Male,55,Marketing,Senior Analyst,MBA,9,83915.0,2024-05-01,Hyderabad,4,Yes,No
EMP09992,Lajita Chana,Female,39,Sales,Analyst,B.Tech,0,93656.0,2020-10-22,Bangalore,3,No,No
EMP09993,Elijah Merchant,Male,38,Sales,Manager,MBA,12,62683.0,2018-07-08,Hyderabad,2,Yes,No
EMP09994,Sai Dass,Male,55,Finance,Analyst,MBA,0,72349.0,2020-06-16,Hyderabad,4,No,No
EMP09995,Bahadurjit Iyengar,Female,39,IT,Team Lead,M.Tech,2,77541.0,2026-04-29,Chennai,3,Yes,No
EMP09996,Yatin Mann,Male,54,IT,Analyst,M.Tech,9,118659.0,2023-04-22,Chennai,5,Yes,No
EMP09997,Chameli Bhattacharyya,Female,37,IT,Team Lead,MBA,8,81929.0,2021-10-26,Pune,1,Yes,No
EMP09998,Gaurangi Pillai,Male,25,IT,Analyst,BCA,4,70455.0,2017-06-15,Mumbai,2,Yes,No
EMP09999,Tanay Sundaram,Male,24,Marketing,Analyst,MCA,4,71100.0,2020-07-25,Pune,1,No,No
EMP10000,Hardik Tiwari,Female,38,Finance,Manager,B.Tech,19,56967.0,2022-07-27,Chennai,1,Yes,No
